"GRID_TYPE","GAME_ID","GAME_EVENT_ID","PLAYER_ID","PLAYER_NAME","TEAM_ID","TEAM_NAME","PERIOD","MINUTES_REMAINING","SECONDS_REMAINING","EVENT_TYPE","ACTION_TYPE","SHOT_TYPE","SHOT_ZONE_BASIC","SHOT_ZONE_AREA","SHOT_ZONE_RANGE","SHOT_DISTANCE","LOC_X","LOC_Y","SHOT_ATTEMPTED_FLAG","SHOT_MADE_FLAG","GAME_DATE","HTM","VTM"
"Shot Chart Detail","0042500101","7","1630595","Cade Cunningham","1610612765","Detroit Pistons","1","11","41","Missed Shot","Driving Layup Shot","2PT Field Goal","Restricted Area","Center(C)","Less Than 8 ft.","2","0","28","1","0","20260419","DET","ORL"
"Shot Chart Detail","0042500101","9","1631094","Paolo Banchero","1610612753","Orlando Magic","1","11","32","Missed Shot","Driving Layup Shot","2PT Field Goal","In The Paint (Non-RA)","Center(C)","Less Than 8 ft.","4","-4","42","1","0","20260419","DET","ORL"
"Shot Chart Detail","0042500101","13","1630591","Jalen Suggs","1610612753","Orlando Magic","1","11","19","Made Shot","Jump Shot","3PT Field Goal","Above the Break 3","Left Side Center(LC)","24+ ft.","25","-179","177","1","1","20260419","DET","ORL"
"Shot Chart Detail","0042500101","18","1629130","Duncan Robinson","1610612765","Detroit Pistons","1","10","55","Made Shot","Jump Shot","3PT Field Goal","Above the Break 3","Right Side Center(RC)","24+ ft.","25","140","216","1","1","20260419","DET","ORL"
"Shot Chart Detail","0042500101","20","1630591","Jalen Suggs","1610612753","Orlando Magic","1","10","34","Made Shot","Jump Shot","3PT Field Goal","Above the Break 3","Right Side Center(RC)","24+ ft.","26","131","227","1","1","20260419","DET","ORL"
"Shot Chart Detail","0042500101","24","202699","Tobias Harris","1610612765","Detroit Pistons","1","10","16","Missed Shot","Jump Shot","3PT Field Goal","Left Corner 3","Left Side(L)","24+ ft.","22","-225","10","1","0","20260419","DET","ORL"
"Shot Chart Detail","0042500101","26","1631094","Paolo Banchero","1610612753","Orlando Magic","1","10","3","Made Shot","Turnaround Jump Shot","2PT Field Goal","Mid-Range","Right Side(R)","8-16 ft.","12","116","42","1","1","20260419","DET","ORL"
"Shot Chart Detail","0042500101","28","1629130","Duncan Robinson","1610612765","Detroit Pistons","1","9","39","Missed Shot","Driving Floating Jump Shot","2PT Field Goal","Mid-Range","Right Side(R)","8-16 ft.","12","96","76","1","0","20260419","DET","ORL"
"Shot Chart Detail","0042500101","32","1629130","Duncan Robinson","1610612765","Detroit Pistons","1","9","28","Missed Shot","Jump Shot","3PT Field Goal","Above the Break 3","Right Side Center(RC)","24+ ft.","25","194","160","1","0","20260419","DET","ORL"
"Shot Chart Detail","0042500101","37","1630591","Jalen Suggs","1610612753","Orlando Magic","1","8","58","Missed Shot","Jump Shot","3PT Field Goal","Left Corner 3","Left Side(L)","24+ ft.","22","-224","22","1","0","20260419","DET","ORL"
"Shot Chart Detail","0042500101","39","1630532","Franz Wagner","1610612753","Orlando Magic","1","8","52","Missed Shot","Turnaround Jump Shot","2PT Field Goal","In The Paint (Non-RA)","Center(C)","Less Than 8 ft.","7","-77","-1","1","0","20260419","DET","ORL"
"Shot Chart Detail","0042500101","45","1631094","Paolo Banchero","1610612753","Orlando Magic","1","8","40","Made Shot","Jump Shot","3PT Field Goal","Above the Break 3","Right Side Center(RC)","24+ ft.","27","104","256","1","1","20260419","DET","ORL"
"Shot Chart Detail","0042500101","49","1630591","Jalen Suggs","1610612753","Orlando Magic","1","8","27","Made Shot","Running Dunk Shot","2PT Field Goal","Restricted Area","Center(C)","Less Than 8 ft.","0","2","4","1","1","20260419","DET","ORL"
"Shot Chart Detail","0042500101","51","202699","Tobias Harris","1610612765","Detroit Pistons","1","8","15","Missed Shot","Jump Shot","3PT Field Goal","Above the Break 3","Left Side Center(LC)","24+ ft.","25","-202","154","1","0","20260419","DET","ORL"
"Shot Chart Detail","0042500101","53","1630217","Desmond Bane","1610612753","Orlando Magic","1","7","49","Made Shot","Turnaround Fadeaway shot","2PT Field Goal","Mid-Range","Left Side(L)","8-16 ft.","9","-93","35","1","1","20260419","DET","ORL"
"Shot Chart Detail","0042500101","56","1630532","Franz Wagner","1610612753","Orlando Magic","1","7","33","Made Shot","Running Layup Shot","2PT Field Goal","Restricted Area","Center(C)","Less Than 8 ft.","2","10","19","1","1","20260419","DET","ORL"
"Shot Chart Detail","0042500101","63","1630595","Cade Cunningham","1610612765","Detroit Pistons","1","7","20","Made Shot","Jump Shot","3PT Field Goal","Above the Break 3","Left Side Center(LC)","24+ ft.","25","-113","233","1","1","20260419","DET","ORL"
"Shot Chart Detail","0042500101","65","1630591","Jalen Suggs","1610612753","Orlando Magic","1","7","7","Missed Shot","Jump Shot","3PT Field Goal","Above the Break 3","Right Side Center(RC)","24+ ft.","25","159","204","1","0","20260419","DET","ORL"
"Shot Chart Detail","0042500101","67","1641709","Ausar Thompson","1610612765","Detroit Pistons","1","6","56","Missed Shot","Turnaround Hook Shot","2PT Field Goal","In The Paint (Non-RA)","Center(C)","Less Than 8 ft.","6","-39","52","1","0","20260419","DET","ORL"
"Shot Chart Detail","0042500101","75","1630591","Jalen Suggs","1610612753","Orlando Magic","1","6","45","Missed Shot","Jump Shot","3PT Field Goal","Above the Break 3","Right Side Center(RC)","24+ ft.","28","157","236","1","0","20260419","DET","ORL"
"Shot Chart Detail","0042500101","77","1641709","Ausar Thompson","1610612765","Detroit Pistons","1","6","38","Made Shot","Running Dunk Shot","2PT Field Goal","Restricted Area","Center(C)","Less Than 8 ft.","1","-9","6","1","1","20260419","DET","ORL"
"Shot Chart Detail","0042500101","79","1631094","Paolo Banchero","1610612753","Orlando Magic","1","6","13","Made Shot","Turnaround Jump Shot","2PT Field Goal","In The Paint (Non-RA)","Right Side(R)","8-16 ft.","9","70","69","1","1","20260419","DET","ORL"
"Shot Chart Detail","0042500101","80","1630595","Cade Cunningham","1610612765","Detroit Pistons","1","5","58","Missed Shot","Pullup Jump shot","3PT Field Goal","Above the Break 3","Left Side Center(LC)","24+ ft.","26","-146","222","1","0","20260419","DET","ORL"
"Shot Chart Detail","0042500101","88","1631105","Jalen Duren","1610612765","Detroit Pistons","1","5","39","Missed Shot","Layup Shot","2PT Field Goal","Restricted Area","Center(C)","Less Than 8 ft.","1","6","16","1","0","20260419","DET","ORL"
"Shot Chart Detail","0042500101","91","1630591","Jalen Suggs","1610612753","Orlando Magic","1","5","25","Missed Shot","Jump Shot","3PT Field Goal","Above the Break 3","Right Side Center(RC)","24+ ft.","30","158","264","1","0","20260419","DET","ORL"
"Shot Chart Detail","0042500101","93","1628989","Kevin Huerter","1610612765","Detroit Pistons","1","5","16","Made Shot","Running Jump Shot","3PT Field Goal","Above the Break 3","Right Side Center(RC)","24+ ft.","25","118","230","1","1","20260419","DET","ORL"
"Shot Chart Detail","0042500101","95","1630591","Jalen Suggs","1610612753","Orlando Magic","1","4","54","Missed Shot","Jump Shot","3PT Field Goal","Right Corner 3","Right Side(R)","24+ ft.","22","229","20","1","0","20260419","DET","ORL"
"Shot Chart Detail","0042500101","100","1641710","Anthony Black","1610612753","Orlando Magic","1","4","30","Missed Shot","Jump Shot","3PT Field Goal","Right Corner 3","Right Side(R)","24+ ft.","23","227","53","1","0","20260419","DET","ORL"
"Shot Chart Detail","0042500101","106","1630191","Isaiah Stewart","1610612765","Detroit Pistons","1","4","18","Missed Shot","Jump Shot","3PT Field Goal","Left Corner 3","Left Side(L)","24+ ft.","23","-235","0","1","0","20260419","DET","ORL"
"Shot Chart Detail","0042500101","108","1628976","Wendell Carter Jr.","1610612753","Orlando Magic","1","3","59","Made Shot","Alley Oop Dunk Shot","2PT Field Goal","Restricted Area","Center(C)","Less Than 8 ft.","1","9","5","1","1","20260419","DET","ORL"
"Shot Chart Detail","0042500101","110","1630595","Cade Cunningham","1610612765","Detroit Pistons","1","3","45","Made Shot","Driving Layup Shot","2PT Field Goal","Restricted Area","Center(C)","Less Than 8 ft.","0","4","5","1","1","20260419","DET","ORL"
"Shot Chart Detail","0042500101","111","1630591","Jalen Suggs","1610612753","Orlando Magic","1","3","40","Made Shot","Driving Layup Shot","2PT Field Goal","In The Paint (Non-RA)","Center(C)","Less Than 8 ft.","4","38","25","1","1","20260419","DET","ORL"
"Shot Chart Detail","0042500101","119","1627747","Caris LeVert","1610612765","Detroit Pistons","1","3","28","Made Shot","Jump Shot","3PT Field Goal","Left Corner 3","Left Side(L)","24+ ft.","23","-228","33","1","1","20260419","DET","ORL"
"Shot Chart Detail","0042500101","121","1631094","Paolo Banchero","1610612753","Orlando Magic","1","3","13","Missed Shot","Driving Dunk Shot","2PT Field Goal","In The Paint (Non-RA)","Center(C)","Less Than 8 ft.","4","18","36","1","0","20260419","DET","ORL"
"Shot Chart Detail","0042500101","124","1630595","Cade Cunningham","1610612765","Detroit Pistons","1","3","6","Made Shot","Running Dunk Shot","2PT Field Goal","Restricted Area","Center(C)","Less Than 8 ft.","0","6","5","1","1","20260419","DET","ORL"
"Shot Chart Detail","0042500101","131","1630217","Desmond Bane","1610612753","Orlando Magic","1","2","47","Missed Shot","Driving Layup Shot","2PT Field Goal","In The Paint (Non-RA)","Center(C)","Less Than 8 ft.","6","-48","43","1","0","20260419","DET","ORL"
"Shot Chart Detail","0042500101","133","1641783","Tristan da Silva","1610612753","Orlando Magic","1","2","41","Missed Shot","Jump Shot","3PT Field Goal","Right Corner 3","Right Side(R)","24+ ft.","23","234","22","1","0","20260419","DET","ORL"
"Shot Chart Detail","0042500101","139","1630532","Franz Wagner","1610612753","Orlando Magic","1","2","12","Missed Shot","Driving Floating Jump Shot","2PT Field Goal","Mid-Range","Left Side(L)","8-16 ft.","12","-96","78","1","0","20260419","DET","ORL"
"Shot Chart Detail","0042500101","143","1630217","Desmond Bane","1610612753","Orlando Magic","1","1","57","Made Shot","Running Layup Shot","2PT Field Goal","Restricted Area","Center(C)","Less Than 8 ft.","1","-13","10","1","1","20260419","DET","ORL"
"Shot Chart Detail","0042500101","144","202699","Tobias Harris","1610612765","Detroit Pistons","1","1","49","Made Shot","Driving Layup Shot","2PT Field Goal","Restricted Area","Center(C)","Less Than 8 ft.","1","12","5","1","1","20260419","DET","ORL"
"Shot Chart Detail","0042500101","146","1630532","Franz Wagner","1610612753","Orlando Magic","1","1","37","Missed Shot","Jump Shot","3PT Field Goal","Left Corner 3","Left Side(L)","24+ ft.","22","-227","35","1","0","20260419","DET","ORL"
"Shot Chart Detail","0042500101","148","1641710","Anthony Black","1610612753","Orlando Magic","1","1","33","Missed Shot","Jump Shot","3PT Field Goal","Above the Break 3","Center(C)","24+ ft.","24","-16","243","1","0","20260419","DET","ORL"
"Shot Chart Detail","0042500101","276","1630191","Isaiah Stewart","1610612765","Detroit Pistons","1","1","26","Missed Shot","Driving Layup Shot","2PT Field Goal","Restricted Area","Center(C)","Less Than 8 ft.","2","-26","4","1","0","20260419","DET","ORL"
"Shot Chart Detail","0042500101","155","1642450","Daniss Jenkins","1610612765","Detroit Pistons","1","1","19","Made Shot","Pullup Jump shot","3PT Field Goal","Above the Break 3","Right Side Center(RC)","24+ ft.","27","151","225","1","1","20260419","DET","ORL"
"Shot Chart Detail","0042500101","160","202699","Tobias Harris","1610612765","Detroit Pistons","1","0","47","Missed Shot","Turnaround Jump Shot","2PT Field Goal","In The Paint (Non-RA)","Left Side(L)","8-16 ft.","9","-54","81","1","0","20260419","DET","ORL"
"Shot Chart Detail","0042500101","162","1630217","Desmond Bane","1610612753","Orlando Magic","1","0","40","Missed Shot","Running Jump Shot","3PT Field Goal","Above the Break 3","Left Side Center(LC)","24+ ft.","25","-229","106","1","0","20260419","DET","ORL"
"Shot Chart Detail","0042500101","164","1641783","Tristan da Silva","1610612753","Orlando Magic","1","0","37","Made Shot","Layup Shot","2PT Field Goal","Restricted Area","Center(C)","Less Than 8 ft.","2","6","29","1","1","20260419","DET","ORL"
"Shot Chart Detail","0042500101","165","1642450","Daniss Jenkins","1610612765","Detroit Pistons","1","0","32","Missed Shot","Pullup Jump shot","3PT Field Goal","Above the Break 3","Left Side Center(LC)","24+ ft.","26","-147","216","1","0","20260419","DET","ORL"
"Shot Chart Detail","0042500101","167","1630532","Franz Wagner","1610612753","Orlando Magic","1","0","10","Missed Shot","Driving Layup Shot","2PT Field Goal","Restricted Area","Center(C)","Less Than 8 ft.","3","20","29","1","0","20260419","DET","ORL"
"Shot Chart Detail","0042500101","169","1629048","Goga Bitadze","1610612753","Orlando Magic","1","0","8","Made Shot","Tip Dunk Shot","2PT Field Goal","Restricted Area","Center(C)","Less Than 8 ft.","0","0","0","1","1","20260419","DET","ORL"
"Shot Chart Detail","0042500101","170","1642450","Daniss Jenkins","1610612765","Detroit Pistons","1","0","2","Missed Shot","Driving Layup Shot","2PT Field Goal","Restricted Area","Center(C)","Less Than 8 ft.","1","7","16","1","0","20260419","DET","ORL"
"Shot Chart Detail","0042500101","188","1629130","Duncan Robinson","1610612765","Detroit Pistons","2","11","30","Missed Shot","Jump Shot","3PT Field Goal","Above the Break 3","Left Side Center(LC)","24+ ft.","25","-179","179","1","0","20260419","DET","ORL"
"Shot Chart Detail","0042500101","190","1630217","Desmond Bane","1610612753","Orlando Magic","2","11","20","Missed Shot","Running Layup Shot","2PT Field Goal","Restricted Area","Center(C)","Less Than 8 ft.","2","-23","5","1","0","20260419","DET","ORL"
"Shot Chart Detail","0042500101","197","1630217","Desmond Bane","1610612753","Orlando Magic","2","10","56","Missed Shot","Step Back Jump shot","2PT Field Goal","Mid-Range","Left Side(L)","16-24 ft.","18","-180","34","1","0","20260419","DET","ORL"
"Shot Chart Detail","0042500101","199","202699","Tobias Harris","1610612765","Detroit Pistons","2","10","50","Made Shot","Running Dunk Shot","2PT Field Goal","Restricted Area","Center(C)","Less Than 8 ft.","2","-16","17","1","1","20260419","DET","ORL"
"Shot Chart Detail","0042500101","205","1642450","Daniss Jenkins","1610612765","Detroit Pistons","2","10","5","Missed Shot","Step Back Jump shot","3PT Field Goal","Above the Break 3","Left Side Center(LC)","24+ ft.","25","-188","175","1","0","20260419","DET","ORL"
"Shot Chart Detail","0042500101","207","1630532","Franz Wagner","1610612753","Orlando Magic","2","9","54","Missed Shot","Hook Shot","2PT Field Goal","Restricted Area","Center(C)","Less Than 8 ft.","3","-31","5","1","0","20260419","DET","ORL"
"Shot Chart Detail","0042500101","209","1641842","Ronald Holland II","1610612765","Detroit Pistons","2","9","49","Made Shot","Running Dunk Shot","2PT Field Goal","Restricted Area","Center(C)","Less Than 8 ft.","2","-13","16","1","1","20260419","DET","ORL"
"Shot Chart Detail","0042500101","211","1628976","Wendell Carter Jr.","1610612753","Orlando Magic","2","9","33","Made Shot","Jump Shot","3PT Field Goal","Above the Break 3","Left Side Center(LC)","24+ ft.","25","-152","206","1","1","20260419","DET","ORL"
"Shot Chart Detail","0042500101","220","1629130","Duncan Robinson","1610612765","Detroit Pistons","2","9","11","Missed Shot","Driving Layup Shot","2PT Field Goal","In The Paint (Non-RA)","Center(C)","Less Than 8 ft.","4","-11","46","1","0","20260419","DET","ORL"
"Shot Chart Detail","0042500101","234","1631288","Jamal Cain","1610612753","Orlando Magic","2","8","38","Made Shot","Cutting Layup Shot","2PT Field Goal","Restricted Area","Center(C)","Less Than 8 ft.","1","-13","15","1","1","20260419","DET","ORL"
"Shot Chart Detail","0042500101","236","1631105","Jalen Duren","1610612765","Detroit Pistons","2","8","27","Made Shot","Driving Layup Shot","2PT Field Goal","Restricted Area","Center(C)","Less Than 8 ft.","1","7","16","1","1","20260419","DET","ORL"
"Shot Chart Detail","0042500101","246","1641710","Anthony Black","1610612753","Orlando Magic","2","8","15","Made Shot","Cutting Dunk Shot","2PT Field Goal","Restricted Area","Center(C)","Less Than 8 ft.","0","-7","3","1","1","20260419","DET","ORL"
"Shot Chart Detail","0042500101","248","1630595","Cade Cunningham","1610612765","Detroit Pistons","2","7","59","Missed Shot","Driving Floating Jump Shot","2PT Field Goal","In The Paint (Non-RA)","Left Side(L)","8-16 ft.","8","-56","60","1","0","20260419","DET","ORL"
"Shot Chart Detail","0042500101","250","1630591","Jalen Suggs","1610612753","Orlando Magic","2","7","39","Missed Shot","Pullup Jump shot","3PT Field Goal","Above the Break 3","Right Side Center(RC)","24+ ft.","27","184","200","1","0","20260419","DET","ORL"
"Shot Chart Detail","0042500101","259","1630595","Cade Cunningham","1610612765","Detroit Pistons","2","7","18","Missed Shot","Pullup Jump shot","2PT Field Goal","Mid-Range","Center(C)","16-24 ft.","20","58","201","1","0","20260419","DET","ORL"
"Shot Chart Detail","0042500101","267","1641709","Ausar Thompson","1610612765","Detroit Pistons","2","6","51","Missed Shot","Driving Layup Shot","2PT Field Goal","In The Paint (Non-RA)","Center(C)","Less Than 8 ft.","4","31","34","1","0","20260419","DET","ORL"
"Shot Chart Detail","0042500101","269","1631105","Jalen Duren","1610612765","Detroit Pistons","2","6","48","Made Shot","Putback Dunk Shot","2PT Field Goal","Restricted Area","Center(C)","Less Than 8 ft.","0","4","5","1","1","20260419","DET","ORL"
"Shot Chart Detail","0042500101","270","1631094","Paolo Banchero","1610612753","Orlando Magic","2","6","31","Made Shot","Pullup Jump shot","2PT Field Goal","Mid-Range","Right Side(R)","8-16 ft.","12","115","38","1","1","20260419","DET","ORL"
"Shot Chart Detail","0042500101","272","1630595","Cade Cunningham","1610612765","Detroit Pistons","2","6","19","Missed Shot","Pullup Jump shot","3PT Field Goal","Above the Break 3","Right Side Center(RC)","24+ ft.","24","137","206","1","0","20260419","DET","ORL"
"Shot Chart Detail","0042500101","285","1630595","Cade Cunningham","1610612765","Detroit Pistons","2","6","5","Made Shot","Driving Floating Jump Shot","2PT Field Goal","Mid-Range","Right Side(R)","8-16 ft.","8","85","21","1","1","20260419","DET","ORL"
"Shot Chart Detail","0042500101","287","1631094","Paolo Banchero","1610612753","Orlando Magic","2","5","42","Missed Shot","Fadeaway Jump Shot","2PT Field Goal","In The Paint (Non-RA)","Left Side(L)","8-16 ft.","8","-80","8","1","0","20260419","DET","ORL"
"Shot Chart Detail","0042500101","296","1631288","Jamal Cain","1610612753","Orlando Magic","2","5","17","Missed Shot","Jump Shot","3PT Field Goal","Right Corner 3","Right Side(R)","24+ ft.","24","239","40","1","0","20260419","DET","ORL"
"Shot Chart Detail","0042500101","298","1630595","Cade Cunningham","1610612765","Detroit Pistons","2","5","1","Missed Shot","Turnaround Jump Shot","2PT Field Goal","In The Paint (Non-RA)","Center(C)","Less Than 8 ft.","7","78","17","1","0","20260419","DET","ORL"
"Shot Chart Detail","0042500101","311","1630217","Desmond Bane","1610612753","Orlando Magic","2","4","23","Missed Shot","Running Pull-Up Jump Shot","3PT Field Goal","Above the Break 3","Left Side Center(LC)","24+ ft.","25","-189","169","1","0","20260419","DET","ORL"
"Shot Chart Detail","0042500101","317","1629750","Javonte Green","1610612765","Detroit Pistons","2","3","59","Missed Shot","Jump Shot","3PT Field Goal","Right Corner 3","Right Side(R)","24+ ft.","22","228","26","1","0","20260419","DET","ORL"
"Shot Chart Detail","0042500101","319","1641709","Ausar Thompson","1610612765","Detroit Pistons","2","3","54","Missed Shot","Tip Layup Shot","2PT Field Goal","Restricted Area","Center(C)","Less Than 8 ft.","2","-9","18","1","0","20260419","DET","ORL"
"Shot Chart Detail","0042500101","323","1628989","Kevin Huerter","1610612765","Detroit Pistons","2","3","35","Missed Shot","Running Layup Shot","2PT Field Goal","Restricted Area","Center(C)","Less Than 8 ft.","2","-20","4","1","0","20260419","DET","ORL"
"Shot Chart Detail","0042500101","325","1641709","Ausar Thompson","1610612765","Detroit Pistons","2","3","34","Made Shot","Tip Layup Shot","2PT Field Goal","Restricted Area","Center(C)","Less Than 8 ft.","0","0","0","1","1","20260419","DET","ORL"
"Shot Chart Detail","0042500101","332","1641709","Ausar Thompson","1610612765","Detroit Pistons","2","3","13","Missed Shot","Running Layup Shot","2PT Field Goal","Restricted Area","Center(C)","Less Than 8 ft.","2","18","16","1","0","20260419","DET","ORL"
"Shot Chart Detail","0042500101","335","1631094","Paolo Banchero","1610612753","Orlando Magic","2","3","2","Made Shot","Pullup Jump shot","3PT Field Goal","Above the Break 3","Left Side Center(LC)","24+ ft.","25","-83","241","1","1","20260419","DET","ORL"
"Shot Chart Detail","0042500101","344","1630591","Jalen Suggs","1610612753","Orlando Magic","2","2","19","Missed Shot","Jump Shot","3PT Field Goal","Above the Break 3","Right Side Center(RC)","24+ ft.","27","184","201","1","0","20260419","DET","ORL"
"Shot Chart Detail","0042500101","351","1631094","Paolo Banchero","1610612753","Orlando Magic","2","1","48","Missed Shot","Pullup Jump shot","2PT Field Goal","Mid-Range","Left Side(L)","8-16 ft.","14","-135","47","1","0","20260419","DET","ORL"
"Shot Chart Detail","0042500101","353","202699","Tobias Harris","1610612765","Detroit Pistons","2","1","39","Missed Shot","Running Layup Shot","2PT Field Goal","In The Paint (Non-RA)","Center(C)","Less Than 8 ft.","4","-22","38","1","0","20260419","DET","ORL"
"Shot Chart Detail","0042500101","357","1630595","Cade Cunningham","1610612765","Detroit Pistons","2","1","23","Made Shot","Running Layup Shot","2PT Field Goal","Restricted Area","Center(C)","Less Than 8 ft.","2","-26","13","1","1","20260419","DET","ORL"
"Shot Chart Detail","0042500101","358","1630217","Desmond Bane","1610612753","Orlando Magic","2","1","1","Missed Shot","Pullup Jump shot","2PT Field Goal","Mid-Range","Right Side Center(RC)","16-24 ft.","22","140","170","1","0","20260419","DET","ORL"
"Shot Chart Detail","0042500101","360","1630595","Cade Cunningham","1610612765","Detroit Pistons","2","0","54","Missed Shot","Pullup Jump shot","3PT Field Goal","Above the Break 3","Center(C)","24+ ft.","25","6","254","1","0","20260419","DET","ORL"
"Shot Chart Detail","0042500101","362","1630532","Franz Wagner","1610612753","Orlando Magic","2","0","45","Made Shot","Running Jump Shot","3PT Field Goal","Left Corner 3","Left Side(L)","24+ ft.","22","-227","21","1","1","20260419","DET","ORL"
"Shot Chart Detail","0042500101","364","1628989","Kevin Huerter","1610612765","Detroit Pistons","2","0","35","Missed Shot","Jump Shot","3PT Field Goal","Above the Break 3","Center(C)","24+ ft.","26","62","257","1","0","20260419","DET","ORL"
"Shot Chart Detail","0042500101","366","1628976","Wendell Carter Jr.","1610612753","Orlando Magic","2","0","14","Missed Shot","Jump Shot","3PT Field Goal","Right Corner 3","Right Side(R)","24+ ft.","22","228","-2","1","0","20260419","DET","ORL"
"Shot Chart Detail","0042500101","368","202699","Tobias Harris","1610612765","Detroit Pistons","2","0","1","Missed Shot","Turnaround Jump Shot","2PT Field Goal","In The Paint (Non-RA)","Center(C)","Less Than 8 ft.","5","-51","17","1","0","20260419","DET","ORL"
"Shot Chart Detail","0042500101","376","1628976","Wendell Carter Jr.","1610612753","Orlando Magic","3","11","46","Made Shot","Floating Jump shot","2PT Field Goal","In The Paint (Non-RA)","Right Side(R)","8-16 ft.","8","72","49","1","1","20260419","DET","ORL"
"Shot Chart Detail","0042500101","379","1630217","Desmond Bane","1610612753","Orlando Magic","3","11","5","Missed Shot","Pullup Jump shot","3PT Field Goal","Above the Break 3","Right Side Center(RC)","24+ ft.","25","162","199","1","0","20260419","DET","ORL"
"Shot Chart Detail","0042500101","386","1630217","Desmond Bane","1610612753","Orlando Magic","3","10","40","Made Shot","Pullup Jump shot","2PT Field Goal","Mid-Range","Center(C)","8-16 ft.","15","-26","155","1","1","20260419","DET","ORL"
"Shot Chart Detail","0042500101","387","202699","Tobias Harris","1610612765","Detroit Pistons","3","10","19","Missed Shot","Jump Shot","3PT Field Goal","Right Corner 3","Right Side(R)","24+ ft.","23","235","13","1","0","20260419","DET","ORL"
"Shot Chart Detail","0042500101","389","1631094","Paolo Banchero","1610612753","Orlando Magic","3","10","8","Made Shot","Turnaround Jump Shot","2PT Field Goal","In The Paint (Non-RA)","Center(C)","8-16 ft.","10","-39","97","1","1","20260419","DET","ORL"
"Shot Chart Detail","0042500101","391","202699","Tobias Harris","1610612765","Detroit Pistons","3","9","50","Missed Shot","Jump Shot","3PT Field Goal","Right Corner 3","Right Side(R)","24+ ft.","23","232","8","1","0","20260419","DET","ORL"
"Shot Chart Detail","0042500101","393","1628976","Wendell Carter Jr.","1610612753","Orlando Magic","3","9","35","Made Shot","Alley Oop Dunk Shot","2PT Field Goal","Restricted Area","Center(C)","Less Than 8 ft.","1","13","8","1","1","20260419","DET","ORL"
"Shot Chart Detail","0042500101","396","1641709","Ausar Thompson","1610612765","Detroit Pistons","3","9","22","Made Shot","Pullup Jump shot","2PT Field Goal","Mid-Range","Right Side(R)","8-16 ft.","13","94","95","1","1","20260419","DET","ORL"
"Shot Chart Detail","0042500101","397","1630217","Desmond Bane","1610612753","Orlando Magic","3","8","59","Missed Shot","Jump Shot","3PT Field Goal","Left Corner 3","Left Side(L)","24+ ft.","23","-237","7","1","0","20260419","DET","ORL"
"Shot Chart Detail","0042500101","399","1629130","Duncan Robinson","1610612765","Detroit Pistons","3","8","46","Made Shot","Jump Shot","3PT Field Goal","Right Corner 3","Right Side(R)","24+ ft.","23","230","26","1","1","20260419","DET","ORL"
"Shot Chart Detail","0042500101","401","1630591","Jalen Suggs","1610612753","Orlando Magic","3","8","27","Missed Shot","Floating Jump shot","2PT Field Goal","Mid-Range","Left Side(L)","8-16 ft.","9","-99","13","1","0","20260419","DET","ORL"
"Shot Chart Detail","0042500101","403","202699","Tobias Harris","1610612765","Detroit Pistons","3","8","17","Made Shot","Jump Shot","3PT Field Goal","Left Corner 3","Left Side(L)","24+ ft.","23","-233","9","1","1","20260419","DET","ORL"
"Shot Chart Detail","0042500101","407","1630532","Franz Wagner","1610612753","Orlando Magic","3","8","0","Missed Shot","Driving Floating Jump Shot","2PT Field Goal","In The Paint (Non-RA)","Left Side(L)","8-16 ft.","10","-60","92","1","0","20260419","DET","ORL"
"Shot Chart Detail","0042500101","409","1630591","Jalen Suggs","1610612753","Orlando Magic","3","7","55","Missed Shot","Tip Layup Shot","2PT Field Goal","Restricted Area","Center(C)","Less Than 8 ft.","0","0","0","1","0","20260419","DET","ORL"
"Shot Chart Detail","0042500101","411","1630595","Cade Cunningham","1610612765","Detroit Pistons","3","7","45","Made Shot","Driving Layup Shot","2PT Field Goal","Restricted Area","Center(C)","Less Than 8 ft.","2","20","11","1","1","20260419","DET","ORL"
"Shot Chart Detail","0042500101","417","1630217","Desmond Bane","1610612753","Orlando Magic","3","7","27","Missed Shot","Jump Shot","3PT Field Goal","Right Corner 3","Right Side(R)","24+ ft.","22","227","17","1","0","20260419","DET","ORL"
"Shot Chart Detail","0042500101","419","1630217","Desmond Bane","1610612753","Orlando Magic","3","7","23","Made Shot","Driving Floating Jump Shot","2PT Field Goal","Restricted Area","Center(C)","Less Than 8 ft.","2","26","5","1","1","20260419","DET","ORL"
"Shot Chart Detail","0042500101","420","1630595","Cade Cunningham","1610612765","Detroit Pistons","3","7","4","Made Shot","Pullup Jump shot","3PT Field Goal","Above the Break 3","Left Side Center(LC)","24+ ft.","25","-207","152","1","1","20260419","DET","ORL"
"Shot Chart Detail","0042500101","421","1631094","Paolo Banchero","1610612753","Orlando Magic","3","6","42","Made Shot","Step Back Jump shot","2PT Field Goal","Mid-Range","Center(C)","16-24 ft.","20","-38","201","1","1","20260419","DET","ORL"
"Shot Chart Detail","0042500101","422","1630595","Cade Cunningham","1610612765","Detroit Pistons","3","6","29","Missed Shot","Driving Floating Jump Shot","2PT Field Goal","In The Paint (Non-RA)","Center(C)","Less Than 8 ft.","7","17","78","1","0","20260419","DET","ORL"
"Shot Chart Detail","0042500101","424","1630217","Desmond Bane","1610612753","Orlando Magic","3","6","21","Made Shot","Running Pull-Up Jump Shot","3PT Field Goal","Above the Break 3","Left Side Center(LC)","24+ ft.","26","-189","184","1","1","20260419","DET","ORL"
"Shot Chart Detail","0042500101","426","1631105","Jalen Duren","1610612765","Detroit Pistons","3","6","5","Made Shot","Driving Hook Shot","2PT Field Goal","In The Paint (Non-RA)","Right Side(R)","8-16 ft.","8","54","64","1","1","20260419","DET","ORL"
"Shot Chart Detail","0042500101","428","1630217","Desmond Bane","1610612753","Orlando Magic","3","5","43","Missed Shot","Jump Shot","3PT Field Goal","Above the Break 3","Left Side Center(LC)","24+ ft.","26","-203","163","1","0","20260419","DET","ORL"
"Shot Chart Detail","0042500101","441","1631094","Paolo Banchero","1610612753","Orlando Magic","3","5","19","Made Shot","Driving Layup Shot","2PT Field Goal","Restricted Area","Center(C)","Less Than 8 ft.","3","-7","36","1","1","20260419","DET","ORL"
"Shot Chart Detail","0042500101","445","1628976","Wendell Carter Jr.","1610612753","Orlando Magic","3","4","54","Made Shot","Dunk Shot","2PT Field Goal","Restricted Area","Center(C)","Less Than 8 ft.","2","20","-5","1","1","20260419","DET","ORL"
"Shot Chart Detail","0042500101","447","202699","Tobias Harris","1610612765","Detroit Pistons","3","4","28","Missed Shot","Driving Floating Jump Shot","2PT Field Goal","In The Paint (Non-RA)","Center(C)","8-16 ft.","10","44","92","1","0","20260419","DET","ORL"
"Shot Chart Detail","0042500101","449","1641710","Anthony Black","1610612753","Orlando Magic","3","4","9","Made Shot","Jump Shot","3PT Field Goal","Above the Break 3","Left Side Center(LC)","24+ ft.","25","-161","196","1","1","20260419","DET","ORL"
"Shot Chart Detail","0042500101","460","202699","Tobias Harris","1610612765","Detroit Pistons","3","3","52","Missed Shot","Jump Shot","3PT Field Goal","Left Corner 3","Left Side(L)","24+ ft.","22","-224","15","1","0","20260419","DET","ORL"
"Shot Chart Detail","0042500101","462","1641710","Anthony Black","1610612753","Orlando Magic","3","3","44","Made Shot","Running Finger Roll Layup Shot","2PT Field Goal","Restricted Area","Center(C)","Less Than 8 ft.","1","-12","13","1","1","20260419","DET","ORL"
"Shot Chart Detail","0042500101","483","1641842","Ronald Holland II","1610612765","Detroit Pistons","3","2","55","Missed Shot","Layup Shot","2PT Field Goal","Restricted Area","Center(C)","Less Than 8 ft.","3","-7","30","1","0","20260419","DET","ORL"
"Shot Chart Detail","0042500101","481","1630595","Cade Cunningham","1610612765","Detroit Pistons","3","2","36","Made Shot","Driving Layup Shot","2PT Field Goal","Restricted Area","Center(C)","Less Than 8 ft.","1","2","13","1","1","20260419","DET","ORL"
"Shot Chart Detail","0042500101","489","1631094","Paolo Banchero","1610612753","Orlando Magic","3","2","9","Missed Shot","Pullup Jump shot","3PT Field Goal","Above the Break 3","Left Side Center(LC)","24+ ft.","25","-197","167","1","0","20260419","DET","ORL"
"Shot Chart Detail","0042500101","491","1630595","Cade Cunningham","1610612765","Detroit Pistons","3","1","54","Missed Shot","Pullup Jump shot","3PT Field Goal","Above the Break 3","Right Side Center(RC)","24+ ft.","26","109","241","1","0","20260419","DET","ORL"
"Shot Chart Detail","0042500101","495","1642450","Daniss Jenkins","1610612765","Detroit Pistons","3","1","40","Missed Shot","Jump Shot","3PT Field Goal","Above the Break 3","Right Side Center(RC)","24+ ft.","26","174","203","1","0","20260419","DET","ORL"
"Shot Chart Detail","0042500101","511","1630595","Cade Cunningham","1610612765","Detroit Pistons","3","0","50","Made Shot","Pullup Jump shot","2PT Field Goal","Mid-Range","Center(C)","16-24 ft.","16","22","168","1","1","20260419","DET","ORL"
"Shot Chart Detail","0042500101","512","1630217","Desmond Bane","1610612753","Orlando Magic","3","0","33","Missed Shot","Pullup Jump shot","2PT Field Goal","Mid-Range","Left Side(L)","16-24 ft.","16","-164","20","1","0","20260419","DET","ORL"
"Shot Chart Detail","0042500101","516","1641710","Anthony Black","1610612753","Orlando Magic","3","0","4","Missed Shot","Jump Shot","3PT Field Goal","Above the Break 3","Left Side Center(LC)","24+ ft.","26","-206","160","1","0","20260419","DET","ORL"
"Shot Chart Detail","0042500101","519","1641710","Anthony Black","1610612753","Orlando Magic","3","0","2","Missed Shot","Driving Floating Jump Shot","2PT Field Goal","In The Paint (Non-RA)","Center(C)","Less Than 8 ft.","5","-32","48","1","0","20260419","DET","ORL"
"Shot Chart Detail","0042500101","521","1629048","Goga Bitadze","1610612753","Orlando Magic","3","0","1","Missed Shot","Tip Layup Shot","2PT Field Goal","Restricted Area","Center(C)","Less Than 8 ft.","0","0","0","1","0","20260419","DET","ORL"
"Shot Chart Detail","0042500101","533","1630595","Cade Cunningham","1610612765","Detroit Pistons","4","11","44","Missed Shot","Driving Floating Jump Shot","2PT Field Goal","In The Paint (Non-RA)","Center(C)","Less Than 8 ft.","5","-27","47","1","0","20260419","DET","ORL"
"Shot Chart Detail","0042500101","535","1630217","Desmond Bane","1610612753","Orlando Magic","4","11","39","Made Shot","Running Layup Shot","2PT Field Goal","In The Paint (Non-RA)","Center(C)","Less Than 8 ft.","5","-45","28","1","1","20260419","DET","ORL"
"Shot Chart Detail","0042500101","543","1630532","Franz Wagner","1610612753","Orlando Magic","4","11","13","Made Shot","Cutting Layup Shot","2PT Field Goal","Restricted Area","Center(C)","Less Than 8 ft.","2","26","4","1","1","20260419","DET","ORL"
"Shot Chart Detail","0042500101","545","202699","Tobias Harris","1610612765","Detroit Pistons","4","10","56","Made Shot","Floating Jump shot","2PT Field Goal","In The Paint (Non-RA)","Center(C)","Less Than 8 ft.","6","17","64","1","1","20260419","DET","ORL"
"Shot Chart Detail","0042500101","549","1629130","Duncan Robinson","1610612765","Detroit Pistons","4","10","20","Made Shot","Pullup Jump shot","3PT Field Goal","Above the Break 3","Center(C)","24+ ft.","26","51","263","1","1","20260419","DET","ORL"
"Shot Chart Detail","0042500101","551","1630591","Jalen Suggs","1610612753","Orlando Magic","4","9","51","Made Shot","Pullup Jump shot","3PT Field Goal","Above the Break 3","Center(C)","24+ ft.","27","21","274","1","1","20260419","DET","ORL"
"Shot Chart Detail","0042500101","553","202699","Tobias Harris","1610612765","Detroit Pistons","4","9","31","Made Shot","Driving Floating Bank Jump Shot","2PT Field Goal","Restricted Area","Center(C)","Less Than 8 ft.","2","16","21","1","1","20260419","DET","ORL"
"Shot Chart Detail","0042500101","555","1630532","Franz Wagner","1610612753","Orlando Magic","4","9","12","Made Shot","Driving Layup Shot","2PT Field Goal","Restricted Area","Center(C)","Less Than 8 ft.","1","17","4","1","1","20260419","DET","ORL"
"Shot Chart Detail","0042500101","556","1630595","Cade Cunningham","1610612765","Detroit Pistons","4","8","54","Made Shot","Pullup Jump shot","3PT Field Goal","Above the Break 3","Right Side Center(RC)","24+ ft.","27","143","239","1","1","20260419","DET","ORL"
"Shot Chart Detail","0042500101","557","1641783","Tristan da Silva","1610612753","Orlando Magic","4","8","37","Made Shot","Driving Finger Roll Layup Shot","2PT Field Goal","In The Paint (Non-RA)","Center(C)","Less Than 8 ft.","4","-22","36","1","1","20260419","DET","ORL"
"Shot Chart Detail","0042500101","561","1630532","Franz Wagner","1610612753","Orlando Magic","4","8","16","Made Shot","Running Pull-Up Jump Shot","2PT Field Goal","Mid-Range","Center(C)","8-16 ft.","14","33","146","1","1","20260419","DET","ORL"
"Shot Chart Detail","0042500101","568","1629130","Duncan Robinson","1610612765","Detroit Pistons","4","8","3","Missed Shot","Jump Shot","3PT Field Goal","Above the Break 3","Center(C)","24+ ft.","24","-20","248","1","0","20260419","DET","ORL"
"Shot Chart Detail","0042500101","572","1630595","Cade Cunningham","1610612765","Detroit Pistons","4","7","45","Made Shot","Pullup Jump shot","2PT Field Goal","Mid-Range","Left Side Center(LC)","16-24 ft.","21","-127","171","1","1","20260419","DET","ORL"
"Shot Chart Detail","0042500101","573","1630532","Franz Wagner","1610612753","Orlando Magic","4","7","25","Made Shot","Driving Dunk Shot","2PT Field Goal","Restricted Area","Center(C)","Less Than 8 ft.","1","15","6","1","1","20260419","DET","ORL"
"Shot Chart Detail","0042500101","580","1641783","Tristan da Silva","1610612753","Orlando Magic","4","6","54","Missed Shot","Jump Shot","3PT Field Goal","Above the Break 3","Right Side Center(RC)","24+ ft.","25","134","215","1","0","20260419","DET","ORL"
"Shot Chart Detail","0042500101","586","1641783","Tristan da Silva","1610612753","Orlando Magic","4","6","39","Made Shot","Jump Shot","3PT Field Goal","Right Corner 3","Right Side(R)","24+ ft.","23","222","67","1","1","20260419","DET","ORL"
"Shot Chart Detail","0042500101","588","1630595","Cade Cunningham","1610612765","Detroit Pistons","4","6","25","Missed Shot","Step Back Jump shot","3PT Field Goal","Above the Break 3","Right Side Center(RC)","24+ ft.","25","217","142","1","0","20260419","DET","ORL"
"Shot Chart Detail","0042500101","591","1628976","Wendell Carter Jr.","1610612753","Orlando Magic","4","6","8","Made Shot","Layup Shot","2PT Field Goal","Restricted Area","Center(C)","Less Than 8 ft.","2","-23","0","1","1","20260419","DET","ORL"
"Shot Chart Detail","0042500101","600","1641783","Tristan da Silva","1610612753","Orlando Magic","4","5","25","Missed Shot","Pullup Jump shot","2PT Field Goal","Mid-Range","Center(C)","16-24 ft.","16","21","164","1","0","20260419","DET","ORL"
"Shot Chart Detail","0042500101","614","1630217","Desmond Bane","1610612753","Orlando Magic","4","4","59","Made Shot","Step Back Jump shot","2PT Field Goal","Mid-Range","Right Side(R)","8-16 ft.","14","148","8","1","1","20260419","DET","ORL"
"Shot Chart Detail","0042500101","616","1630595","Cade Cunningham","1610612765","Detroit Pistons","4","4","48","Made Shot","Driving Layup Shot","2PT Field Goal","Restricted Area","Center(C)","Less Than 8 ft.","2","28","5","1","1","20260419","DET","ORL"
"Shot Chart Detail","0042500101","617","1630217","Desmond Bane","1610612753","Orlando Magic","4","4","25","Missed Shot","Pullup Jump shot","2PT Field Goal","Mid-Range","Left Side(L)","8-16 ft.","10","-92","52","1","0","20260419","DET","ORL"
"Shot Chart Detail","0042500101","620","1631094","Paolo Banchero","1610612753","Orlando Magic","4","4","22","Missed Shot","Jump Shot","3PT Field Goal","Above the Break 3","Left Side Center(LC)","24+ ft.","26","-138","227","1","0","20260419","DET","ORL"
"Shot Chart Detail","0042500101","622","1630595","Cade Cunningham","1610612765","Detroit Pistons","4","4","7","Missed Shot","Driving Floating Jump Shot","2PT Field Goal","In The Paint (Non-RA)","Center(C)","Less Than 8 ft.","4","-28","36","1","0","20260419","DET","ORL"
"Shot Chart Detail","0042500101","625","1630591","Jalen Suggs","1610612753","Orlando Magic","4","3","49","Missed Shot","Driving Layup Shot","2PT Field Goal","In The Paint (Non-RA)","Center(C)","Less Than 8 ft.","4","-25","37","1","0","20260419","DET","ORL"
"Shot Chart Detail","0042500101","636","1630532","Franz Wagner","1610612753","Orlando Magic","4","3","27","Made Shot","Driving Layup Shot","2PT Field Goal","Restricted Area","Center(C)","Less Than 8 ft.","3","-34","6","1","1","20260419","DET","ORL"
"Shot Chart Detail","0042500101","637","1630595","Cade Cunningham","1610612765","Detroit Pistons","4","3","14","Missed Shot","Driving Layup Shot","2PT Field Goal","In The Paint (Non-RA)","Center(C)","Less Than 8 ft.","4","42","25","1","0","20260419","DET","ORL"
"Shot Chart Detail","0042500101","644","1630595","Cade Cunningham","1610612765","Detroit Pistons","4","2","46","Missed Shot","Driving Layup Shot","2PT Field Goal","In The Paint (Non-RA)","Center(C)","Less Than 8 ft.","4","-33","31","1","0","20260419","DET","ORL"
"Shot Chart Detail","0042500101","649","1642450","Daniss Jenkins","1610612765","Detroit Pistons","4","2","22","Missed Shot","Running Jump Shot","3PT Field Goal","Left Corner 3","Left Side(L)","24+ ft.","23","-237","17","1","0","20260419","DET","ORL"
"Shot Chart Detail","0042500101","651","1630591","Jalen Suggs","1610612753","Orlando Magic","4","2","13","Made Shot","Running Alley Oop Layup Shot","2PT Field Goal","Restricted Area","Center(C)","Less Than 8 ft.","2","-23","5","1","1","20260419","DET","ORL"
"Shot Chart Detail","0042500101","659","202699","Tobias Harris","1610612765","Detroit Pistons","4","2","2","Missed Shot","Jump Shot","3PT Field Goal","Right Corner 3","Right Side(R)","24+ ft.","24","240","24","1","0","20260419","DET","ORL"
"Shot Chart Detail","0042500101","661","1630217","Desmond Bane","1610612753","Orlando Magic","4","1","41","Missed Shot","Pullup Jump shot","3PT Field Goal","Above the Break 3","Right Side Center(RC)","24+ ft.","24","87","230","1","0","20260419","DET","ORL"
"Shot Chart Detail","0042500101","673","1631094","Paolo Banchero","1610612753","Orlando Magic","4","1","12","Missed Shot","Pullup Jump shot","2PT Field Goal","In The Paint (Non-RA)","Center(C)","8-16 ft.","10","-22","102","1","0","20260419","DET","ORL"
"Shot Chart Detail","0042500101","675","1630595","Cade Cunningham","1610612765","Detroit Pistons","4","1","3","Made Shot","Driving Layup Shot","2PT Field Goal","Restricted Area","Center(C)","Less Than 8 ft.","3","11","31","1","1","20260419","DET","ORL"
"Shot Chart Detail","0042500101","676","1628976","Wendell Carter Jr.","1610612753","Orlando Magic","4","0","39","Made Shot","Driving Layup Shot","2PT Field Goal","Restricted Area","Center(C)","Less Than 8 ft.","2","27","-4","1","1","20260419","DET","ORL"
"Shot Chart Detail","0042500101","681","1628976","Wendell Carter Jr.","1610612753","Orlando Magic","4","0","20","Made Shot","Running Dunk Shot","2PT Field Goal","Restricted Area","Center(C)","Less Than 8 ft.","0","1","7","1","1","20260419","DET","ORL"
"Shot Chart Detail","0042500101","683","1642450","Daniss Jenkins","1610612765","Detroit Pistons","4","0","12","Missed Shot","Jump Shot","3PT Field Goal","Above the Break 3","Right Side Center(RC)","24+ ft.","26","110","239","1","0","20260419","DET","ORL"
"Shot Chart Detail","0042500111","7","202331","Paul George","1610612755","Philadelphia 76ers","1","11","48","Missed Shot","Jump Shot","3PT Field Goal","Above the Break 3","Right Side Center(RC)","24+ ft.","26","123","234","1","0","20260419","BOS","PHI"
"Shot Chart Detail","0042500111","14","1642845","VJ Edgecombe","1610612755","Philadelphia 76ers","1","11","24","Missed Shot","Jump Shot","3PT Field Goal","Left Corner 3","Left Side(L)","24+ ft.","22","-227","17","1","0","20260419","BOS","PHI"
"Shot Chart Detail","0042500111","16","1630573","Sam Hauser","1610612738","Boston Celtics","1","11","15","Made Shot","Jump Shot","3PT Field Goal","Above the Break 3","Center(C)","24+ ft.","25","9","258","1","1","20260419","BOS","PHI"
"Shot Chart Detail","0042500111","18","1630178","Tyrese Maxey","1610612755","Philadelphia 76ers","1","10","57","Made Shot","Step Back Bank Jump Shot","3PT Field Goal","Above the Break 3","Center(C)","24+ ft.","25","-55","251","1","1","20260419","BOS","PHI"
"Shot Chart Detail","0042500111","19","1627759","Jaylen Brown","1610612738","Boston Celtics","1","10","29","Missed Shot","Driving Finger Roll Layup Shot","2PT Field Goal","In The Paint (Non-RA)","Center(C)","Less Than 8 ft.","4","-16","38","1","0","20260419","BOS","PHI"
"Shot Chart Detail","0042500111","26","1629674","Neemias Queta","1610612738","Boston Celtics","1","10","9","Made Shot","Cutting Dunk Shot","2PT Field Goal","Restricted Area","Center(C)","Less Than 8 ft.","1","-5","13","1","1","20260419","BOS","PHI"
"Shot Chart Detail","0042500111","28","202331","Paul George","1610612755","Philadelphia 76ers","1","9","55","Made Shot","Driving Floating Jump Shot","2PT Field Goal","In The Paint (Non-RA)","Center(C)","Less Than 8 ft.","5","-3","54","1","1","20260419","BOS","PHI"
"Shot Chart Detail","0042500111","36","1628369","Jayson Tatum","1610612738","Boston Celtics","1","9","36","Made Shot","Fadeaway Jump Shot","2PT Field Goal","Mid-Range","Left Side(L)","8-16 ft.","15","-115","111","1","1","20260419","BOS","PHI"
"Shot Chart Detail","0042500111","38","1628369","Jayson Tatum","1610612738","Boston Celtics","1","9","6","Missed Shot","Turnaround Fadeaway shot","2PT Field Goal","Mid-Range","Right Side(R)","8-16 ft.","11","85","78","1","0","20260419","BOS","PHI"
"Shot Chart Detail","0042500111","40","1630178","Tyrese Maxey","1610612755","Philadelphia 76ers","1","8","56","Missed Shot","Step Back Jump shot","3PT Field Goal","Above the Break 3","Left Side Center(LC)","24+ ft.","25","-154","206","1","0","20260419","BOS","PHI"
"Shot Chart Detail","0042500111","52","1630573","Sam Hauser","1610612738","Boston Celtics","1","8","25","Made Shot","Pullup Jump shot","3PT Field Goal","Above the Break 3","Right Side Center(RC)","24+ ft.","25","173","183","1","1","20260419","BOS","PHI"
"Shot Chart Detail","0042500111","54","1630178","Tyrese Maxey","1610612755","Philadelphia 76ers","1","8","12","Missed Shot","Turnaround Fadeaway shot","2PT Field Goal","Mid-Range","Left Side(L)","8-16 ft.","13","-129","53","1","0","20260419","BOS","PHI"
"Shot Chart Detail","0042500111","58","1627759","Jaylen Brown","1610612738","Boston Celtics","1","7","56","Missed Shot","Driving Hook Shot","2PT Field Goal","In The Paint (Non-RA)","Left Side(L)","8-16 ft.","8","-69","52","1","0","20260419","BOS","PHI"
"Shot Chart Detail","0042500111","62","1627759","Jaylen Brown","1610612738","Boston Celtics","1","7","53","Made Shot","Turnaround Fadeaway shot","2PT Field Goal","Mid-Range","Left Side(L)","16-24 ft.","17","-173","12","1","1","20260419","BOS","PHI"
"Shot Chart Detail","0042500111","66","1628369","Jayson Tatum","1610612738","Boston Celtics","1","7","24","Made Shot","Running Layup Shot","2PT Field Goal","Restricted Area","Center(C)","Less Than 8 ft.","1","10","17","1","1","20260419","BOS","PHI"
"Shot Chart Detail","0042500111","69","1626162","Kelly Oubre Jr.","1610612755","Philadelphia 76ers","1","7","11","Missed Shot","Jump Shot","3PT Field Goal","Left Corner 3","Left Side(L)","24+ ft.","23","-229","46","1","0","20260419","BOS","PHI"
"Shot Chart Detail","0042500111","71","1628369","Jayson Tatum","1610612738","Boston Celtics","1","6","53","Made Shot","Turnaround Fadeaway shot","2PT Field Goal","Mid-Range","Left Side Center(LC)","16-24 ft.","16","-108","123","1","1","20260419","BOS","PHI"
"Shot Chart Detail","0042500111","73","1630178","Tyrese Maxey","1610612755","Philadelphia 76ers","1","6","28","Made Shot","Driving Reverse Layup Shot","2PT Field Goal","Restricted Area","Center(C)","Less Than 8 ft.","1","15","1","1","1","20260419","BOS","PHI"
"Shot Chart Detail","0042500111","74","1628401","Derrick White","1610612738","Boston Celtics","1","6","19","Made Shot","Jump Shot","3PT Field Goal","Above the Break 3","Left Side Center(LC)","24+ ft.","26","-165","210","1","1","20260419","BOS","PHI"
"Shot Chart Detail","0042500111","76","1630178","Tyrese Maxey","1610612755","Philadelphia 76ers","1","6","2","Missed Shot","Fadeaway Jump Shot","2PT Field Goal","In The Paint (Non-RA)","Left Side(L)","8-16 ft.","9","-80","58","1","0","20260419","BOS","PHI"
"Shot Chart Detail","0042500111","78","1627759","Jaylen Brown","1610612738","Boston Celtics","1","5","50","Missed Shot","Driving Layup Shot","2PT Field Goal","In The Paint (Non-RA)","Center(C)","Less Than 8 ft.","6","-65","12","1","0","20260419","BOS","PHI"
"Shot Chart Detail","0042500111","80","1626162","Kelly Oubre Jr.","1610612755","Philadelphia 76ers","1","5","44","Missed Shot","Running Jump Shot","3PT Field Goal","Right Corner 3","Right Side(R)","24+ ft.","23","232","24","1","0","20260419","BOS","PHI"
"Shot Chart Detail","0042500111","82","1642845","VJ Edgecombe","1610612755","Philadelphia 76ers","1","5","35","Missed Shot","Jump Shot","3PT Field Goal","Right Corner 3","Right Side(R)","24+ ft.","23","233","37","1","0","20260419","BOS","PHI"
"Shot Chart Detail","0042500111","84","1627759","Jaylen Brown","1610612738","Boston Celtics","1","5","21","Made Shot","Driving Layup Shot","2PT Field Goal","Restricted Area","Center(C)","Less Than 8 ft.","1","10","10","1","1","20260419","BOS","PHI"
"Shot Chart Detail","0042500111","86","202331","Paul George","1610612755","Philadelphia 76ers","1","5","4","Made Shot","Fadeaway Jump Shot","2PT Field Goal","In The Paint (Non-RA)","Center(C)","8-16 ft.","14","-70","122","1","1","20260419","BOS","PHI"
"Shot Chart Detail","0042500111","108","1628401","Derrick White","1610612738","Boston Celtics","1","4","23","Missed Shot","Jump Shot","3PT Field Goal","Above the Break 3","Right Side Center(RC)","24+ ft.","25","120","228","1","0","20260419","BOS","PHI"
"Shot Chart Detail","0042500111","111","1627759","Jaylen Brown","1610612738","Boston Celtics","1","4","15","Missed Shot","Driving Layup Shot","2PT Field Goal","Restricted Area","Center(C)","Less Than 8 ft.","2","23","15","1","0","20260419","BOS","PHI"
"Shot Chart Detail","0042500111","113","1631230","Dominick Barlow","1610612755","Philadelphia 76ers","1","4","6","Missed Shot","Running Layup Shot","2PT Field Goal","Restricted Area","Center(C)","Less Than 8 ft.","3","39","0","1","0","20260419","BOS","PHI"
"Shot Chart Detail","0042500111","115","1628369","Jayson Tatum","1610612738","Boston Celtics","1","3","56","Missed Shot","Pullup Jump shot","3PT Field Goal","Above the Break 3","Left Side Center(LC)","24+ ft.","29","-99","274","1","0","20260419","BOS","PHI"
"Shot Chart Detail","0042500111","117","1630178","Tyrese Maxey","1610612755","Philadelphia 76ers","1","3","49","Made Shot","Running Finger Roll Layup Shot","2PT Field Goal","Restricted Area","Center(C)","Less Than 8 ft.","0","2","1","1","1","20260419","BOS","PHI"
"Shot Chart Detail","0042500111","123","1630202","Payton Pritchard","1610612738","Boston Celtics","1","3","35","Made Shot","Driving Layup Shot","2PT Field Goal","Restricted Area","Center(C)","Less Than 8 ft.","3","36","16","1","1","20260419","BOS","PHI"
"Shot Chart Detail","0042500111","124","202331","Paul George","1610612755","Philadelphia 76ers","1","3","17","Missed Shot","Turnaround Fadeaway shot","2PT Field Goal","Mid-Range","Right Side(R)","8-16 ft.","11","85","79","1","0","20260419","BOS","PHI"
"Shot Chart Detail","0042500111","126","1630202","Payton Pritchard","1610612738","Boston Celtics","1","3","4","Missed Shot","Pullup Jump shot","3PT Field Goal","Above the Break 3","Right Side Center(RC)","24+ ft.","24","181","168","1","0","20260419","BOS","PHI"
"Shot Chart Detail","0042500111","128","1630178","Tyrese Maxey","1610612755","Philadelphia 76ers","1","2","50","Missed Shot","Driving Floating Jump Shot","2PT Field Goal","In The Paint (Non-RA)","Center(C)","Less Than 8 ft.","7","51","56","1","0","20260419","BOS","PHI"
"Shot Chart Detail","0042500111","138","1630202","Payton Pritchard","1610612738","Boston Celtics","1","2","18","Missed Shot","Fadeaway Jump Shot","2PT Field Goal","Mid-Range","Right Side(R)","8-16 ft.","10","107","-6","1","0","20260419","BOS","PHI"
"Shot Chart Detail","0042500111","141","1628369","Jayson Tatum","1610612738","Boston Celtics","1","2","4","Made Shot","Pullup Jump shot","2PT Field Goal","Mid-Range","Center(C)","8-16 ft.","15","-28","154","1","1","20260419","BOS","PHI"
"Shot Chart Detail","0042500111","143","1626162","Kelly Oubre Jr.","1610612755","Philadelphia 76ers","1","1","43","Made Shot","Driving Dunk Shot","2PT Field Goal","Restricted Area","Center(C)","Less Than 8 ft.","3","9","32","1","1","20260419","BOS","PHI"
"Shot Chart Detail","0042500111","146","1630202","Payton Pritchard","1610612738","Boston Celtics","1","1","19","Made Shot","Step Back Jump shot","3PT Field Goal","Above the Break 3","Center(C)","24+ ft.","27","-29","277","1","1","20260419","BOS","PHI"
"Shot Chart Detail","0042500111","147","1630178","Tyrese Maxey","1610612755","Philadelphia 76ers","1","1","2","Missed Shot","Pullup Jump shot","3PT Field Goal","Above the Break 3","Right Side Center(RC)","24+ ft.","25","120","225","1","0","20260419","BOS","PHI"
"Shot Chart Detail","0042500111","149","1628369","Jayson Tatum","1610612738","Boston Celtics","1","0","51","Made Shot","Driving Dunk Shot","2PT Field Goal","Restricted Area","Center(C)","Less Than 8 ft.","1","-9","5","1","1","20260419","BOS","PHI"
"Shot Chart Detail","0042500111","150","1630178","Tyrese Maxey","1610612755","Philadelphia 76ers","1","0","39","Missed Shot","Driving Floating Jump Shot","2PT Field Goal","In The Paint (Non-RA)","Center(C)","Less Than 8 ft.","6","-31","59","1","0","20260419","BOS","PHI"
"Shot Chart Detail","0042500111","152","1631230","Dominick Barlow","1610612755","Philadelphia 76ers","1","0","38","Missed Shot","Tip Layup Shot","2PT Field Goal","Restricted Area","Center(C)","Less Than 8 ft.","0","0","0","1","0","20260419","BOS","PHI"
"Shot Chart Detail","0042500111","154","1628401","Derrick White","1610612738","Boston Celtics","1","0","31","Missed Shot","Running Pull-Up Jump Shot","3PT Field Goal","Above the Break 3","Left Side Center(LC)","24+ ft.","27","-151","230","1","0","20260419","BOS","PHI"
"Shot Chart Detail","0042500111","161","1626162","Kelly Oubre Jr.","1610612755","Philadelphia 76ers","1","0","6","Missed Shot","Jump Shot","3PT Field Goal","Above the Break 3","Right Side Center(RC)","24+ ft.","25","165","188","1","0","20260419","BOS","PHI"
"Shot Chart Detail","0042500111","163","1641775","Jordan Walsh","1610612738","Boston Celtics","1","0","1","Made Shot","Reverse Layup Shot","2PT Field Goal","Restricted Area","Center(C)","Less Than 8 ft.","3","27","23","1","1","20260419","BOS","PHI"
"Shot Chart Detail","0042500111","167","1628401","Derrick White","1610612738","Boston Celtics","1","0","0","Missed Shot","Fadeaway Jump Shot","3PT Field Goal","Above the Break 3","Left Side Center(LC)","24+ ft.","28","-158","236","1","0","20260419","BOS","PHI"
"Shot Chart Detail","0042500111","181","1630202","Payton Pritchard","1610612738","Boston Celtics","2","11","39","Missed Shot","Pullup Jump shot","3PT Field Goal","Above the Break 3","Center(C)","24+ ft.","29","-2","293","1","0","20260419","BOS","PHI"
"Shot Chart Detail","0042500111","192","1627759","Jaylen Brown","1610612738","Boston Celtics","2","11","6","Missed Shot","Fadeaway Jump Shot","2PT Field Goal","In The Paint (Non-RA)","Center(C)","8-16 ft.","11","-36","112","1","0","20260419","BOS","PHI"
"Shot Chart Detail","0042500111","200","1631248","Baylor Scheierman","1610612738","Boston Celtics","2","10","37","Made Shot","Driving Floating Jump Shot","2PT Field Goal","Mid-Range","Left Side(L)","8-16 ft.","14","-142","16","1","1","20260419","BOS","PHI"
"Shot Chart Detail","0042500111","202","202331","Paul George","1610612755","Philadelphia 76ers","2","10","24","Missed Shot","Driving Layup Shot","2PT Field Goal","In The Paint (Non-RA)","Center(C)","Less Than 8 ft.","4","44","14","1","0","20260419","BOS","PHI"
"Shot Chart Detail","0042500111","207","1630568","Luka Garza","1610612738","Boston Celtics","2","10","8","Made Shot","Jump Shot","3PT Field Goal","Above the Break 3","Left Side Center(LC)","24+ ft.","27","-92","264","1","1","20260419","BOS","PHI"
"Shot Chart Detail","0042500111","209","1642348","Justin Edwards","1610612755","Philadelphia 76ers","2","9","56","Made Shot","Jump Shot","3PT Field Goal","Above the Break 3","Left Side Center(LC)","24+ ft.","23","-147","188","1","1","20260419","BOS","PHI"
"Shot Chart Detail","0042500111","211","1627759","Jaylen Brown","1610612738","Boston Celtics","2","9","39","Missed Shot","Pullup Jump shot","2PT Field Goal","Mid-Range","Center(C)","8-16 ft.","15","-23","158","1","0","20260419","BOS","PHI"
"Shot Chart Detail","0042500111","213","203083","Andre Drummond","1610612755","Philadelphia 76ers","2","9","20","Missed Shot","Jump Shot","3PT Field Goal","Right Corner 3","Right Side(R)","24+ ft.","24","239","32","1","0","20260419","BOS","PHI"
"Shot Chart Detail","0042500111","215","1627759","Jaylen Brown","1610612738","Boston Celtics","2","8","59","Made Shot","Driving Dunk Shot","2PT Field Goal","Restricted Area","Center(C)","Less Than 8 ft.","1","2","15","1","1","20260419","BOS","PHI"
"Shot Chart Detail","0042500111","216","1642348","Justin Edwards","1610612755","Philadelphia 76ers","2","8","44","Missed Shot","Driving Floating Jump Shot","2PT Field Goal","In The Paint (Non-RA)","Center(C)","Less Than 8 ft.","4","-11","46","1","0","20260419","BOS","PHI"
"Shot Chart Detail","0042500111","218","1642348","Justin Edwards","1610612755","Philadelphia 76ers","2","8","43","Made Shot","Tip Layup Shot","2PT Field Goal","Restricted Area","Center(C)","Less Than 8 ft.","0","0","0","1","1","20260419","BOS","PHI"
"Shot Chart Detail","0042500111","229","1629674","Neemias Queta","1610612738","Boston Celtics","2","8","25","Made Shot","Floating Jump shot","2PT Field Goal","In The Paint (Non-RA)","Center(C)","8-16 ft.","8","-9","81","1","1","20260419","BOS","PHI"
"Shot Chart Detail","0042500111","231","203083","Andre Drummond","1610612755","Philadelphia 76ers","2","8","12","Made Shot","Reverse Layup Shot","2PT Field Goal","Restricted Area","Center(C)","Less Than 8 ft.","2","-28","0","1","1","20260419","BOS","PHI"
"Shot Chart Detail","0042500111","233","1627759","Jaylen Brown","1610612738","Boston Celtics","2","8","3","Made Shot","Driving Floating Jump Shot","2PT Field Goal","In The Paint (Non-RA)","Center(C)","Less Than 8 ft.","7","53","49","1","1","20260419","BOS","PHI"
"Shot Chart Detail","0042500111","234","1642845","VJ Edgecombe","1610612755","Philadelphia 76ers","2","7","39","Missed Shot","Fadeaway Jump Shot","2PT Field Goal","In The Paint (Non-RA)","Right Side(R)","8-16 ft.","10","54","89","1","0","20260419","BOS","PHI"
"Shot Chart Detail","0042500111","236","1629674","Neemias Queta","1610612738","Boston Celtics","2","7","21","Made Shot","Floating Jump shot","2PT Field Goal","In The Paint (Non-RA)","Center(C)","Less Than 8 ft.","6","62","7","1","1","20260419","BOS","PHI"
"Shot Chart Detail","0042500111","245","1642845","VJ Edgecombe","1610612755","Philadelphia 76ers","2","7","3","Made Shot","Driving Floating Jump Shot","2PT Field Goal","In The Paint (Non-RA)","Center(C)","Less Than 8 ft.","7","54","51","1","1","20260419","BOS","PHI"
"Shot Chart Detail","0042500111","256","1642845","VJ Edgecombe","1610612755","Philadelphia 76ers","2","6","31","Missed Shot","Jump Shot","3PT Field Goal","Above the Break 3","Left Side Center(LC)","24+ ft.","24","-142","198","1","0","20260419","BOS","PHI"
"Shot Chart Detail","0042500111","258","1641737","Adem Bona","1610612755","Philadelphia 76ers","2","6","25","Missed Shot","Turnaround Hook Shot","2PT Field Goal","Restricted Area","Center(C)","Less Than 8 ft.","2","-28","4","1","0","20260419","BOS","PHI"
"Shot Chart Detail","0042500111","260","1641737","Adem Bona","1610612755","Philadelphia 76ers","2","6","21","Missed Shot","Putback Layup Shot","2PT Field Goal","In The Paint (Non-RA)","Center(C)","Less Than 8 ft.","4","38","17","1","0","20260419","BOS","PHI"
"Shot Chart Detail","0042500111","262","1627759","Jaylen Brown","1610612738","Boston Celtics","2","6","6","Missed Shot","Floating Jump shot","2PT Field Goal","In The Paint (Non-RA)","Center(C)","Less Than 8 ft.","5","-13","53","1","0","20260419","BOS","PHI"
"Shot Chart Detail","0042500111","264","1627759","Jaylen Brown","1610612738","Boston Celtics","2","6","5","Missed Shot","Tip Layup Shot","2PT Field Goal","Restricted Area","Center(C)","Less Than 8 ft.","0","0","0","1","0","20260419","BOS","PHI"
"Shot Chart Detail","0042500111","266","1642348","Justin Edwards","1610612755","Philadelphia 76ers","2","5","54","Missed Shot","Jump Shot","3PT Field Goal","Above the Break 3","Left Side Center(LC)","24+ ft.","25","-186","179","1","0","20260419","BOS","PHI"
"Shot Chart Detail","0042500111","268","1628369","Jayson Tatum","1610612738","Boston Celtics","2","5","46","Made Shot","Running Pull-Up Jump Shot","3PT Field Goal","Above the Break 3","Right Side Center(RC)","24+ ft.","26","112","237","1","1","20260419","BOS","PHI"
"Shot Chart Detail","0042500111","269","1626162","Kelly Oubre Jr.","1610612755","Philadelphia 76ers","2","5","29","Missed Shot","Driving Layup Shot","2PT Field Goal","Restricted Area","Center(C)","Less Than 8 ft.","2","20","10","1","0","20260419","BOS","PHI"
"Shot Chart Detail","0042500111","289","1642348","Justin Edwards","1610612755","Philadelphia 76ers","2","5","28","Missed Shot","Tip Layup Shot","2PT Field Goal","Restricted Area","Center(C)","Less Than 8 ft.","2","-12","24","1","0","20260419","BOS","PHI"
"Shot Chart Detail","0042500111","271","1642348","Justin Edwards","1610612755","Philadelphia 76ers","2","5","15","Missed Shot","Jump Shot","3PT Field Goal","Left Corner 3","Left Side(L)","24+ ft.","22","-224","4","1","0","20260419","BOS","PHI"
"Shot Chart Detail","0042500111","276","1630202","Payton Pritchard","1610612738","Boston Celtics","2","5","2","Missed Shot","Jump Shot","3PT Field Goal","Right Corner 3","Right Side(R)","24+ ft.","22","221","12","1","0","20260419","BOS","PHI"
"Shot Chart Detail","0042500111","280","1628369","Jayson Tatum","1610612738","Boston Celtics","2","4","51","Missed Shot","Step Back Jump shot","3PT Field Goal","Above the Break 3","Right Side Center(RC)","24+ ft.","25","190","169","1","0","20260419","BOS","PHI"
"Shot Chart Detail","0042500111","282","1626162","Kelly Oubre Jr.","1610612755","Philadelphia 76ers","2","4","39","Made Shot","Driving Layup Shot","2PT Field Goal","Restricted Area","Center(C)","Less Than 8 ft.","0","-4","-1","1","1","20260419","BOS","PHI"
"Shot Chart Detail","0042500111","291","1628401","Derrick White","1610612738","Boston Celtics","2","4","22","Made Shot","Driving Layup Shot","2PT Field Goal","Restricted Area","Center(C)","Less Than 8 ft.","2","26","8","1","1","20260419","BOS","PHI"
"Shot Chart Detail","0042500111","292","1642845","VJ Edgecombe","1610612755","Philadelphia 76ers","2","4","11","Missed Shot","Driving Floating Bank Jump Shot","2PT Field Goal","Restricted Area","Center(C)","Less Than 8 ft.","2","7","29","1","0","20260419","BOS","PHI"
"Shot Chart Detail","0042500111","299","202696","Nikola Vučević","1610612738","Boston Celtics","2","3","57","Missed Shot","Jump Shot","3PT Field Goal","Above the Break 3","Right Side Center(RC)","24+ ft.","25","176","186","1","0","20260419","BOS","PHI"
"Shot Chart Detail","0042500111","301","1630178","Tyrese Maxey","1610612755","Philadelphia 76ers","2","3","43","Missed Shot","Step Back Jump shot","3PT Field Goal","Above the Break 3","Left Side Center(LC)","24+ ft.","25","-192","169","1","0","20260419","BOS","PHI"
"Shot Chart Detail","0042500111","303","1630178","Tyrese Maxey","1610612755","Philadelphia 76ers","2","3","37","Missed Shot","Driving Reverse Layup Shot","2PT Field Goal","Restricted Area","Center(C)","Less Than 8 ft.","3","37","4","1","0","20260419","BOS","PHI"
"Shot Chart Detail","0042500111","309","1630178","Tyrese Maxey","1610612755","Philadelphia 76ers","2","3","8","Made Shot","Running Layup Shot","2PT Field Goal","Restricted Area","Center(C)","Less Than 8 ft.","0","-2","-8","1","1","20260419","BOS","PHI"
"Shot Chart Detail","0042500111","319","1642845","VJ Edgecombe","1610612755","Philadelphia 76ers","2","2","40","Missed Shot","Pullup Jump shot","2PT Field Goal","In The Paint (Non-RA)","Right Side(R)","8-16 ft.","9","58","69","1","0","20260419","BOS","PHI"
"Shot Chart Detail","0042500111","321","1642845","VJ Edgecombe","1610612755","Philadelphia 76ers","2","2","38","Made Shot","Tip Layup Shot","2PT Field Goal","Restricted Area","Center(C)","Less Than 8 ft.","0","0","0","1","1","20260419","BOS","PHI"
"Shot Chart Detail","0042500111","325","1628401","Derrick White","1610612738","Boston Celtics","2","2","23","Missed Shot","Jump Shot","3PT Field Goal","Above the Break 3","Left Side Center(LC)","24+ ft.","28","-92","265","1","0","20260419","BOS","PHI"
"Shot Chart Detail","0042500111","327","1630178","Tyrese Maxey","1610612755","Philadelphia 76ers","2","2","11","Missed Shot","Driving Floating Jump Shot","2PT Field Goal","In The Paint (Non-RA)","Center(C)","Less Than 8 ft.","4","13","44","1","0","20260419","BOS","PHI"
"Shot Chart Detail","0042500111","334","1628369","Jayson Tatum","1610612738","Boston Celtics","2","2","3","Made Shot","Running Dunk Shot","2PT Field Goal","Restricted Area","Center(C)","Less Than 8 ft.","1","-6","18","1","1","20260419","BOS","PHI"
"Shot Chart Detail","0042500111","336","1630178","Tyrese Maxey","1610612755","Philadelphia 76ers","2","1","50","Made Shot","Driving Floating Jump Shot","2PT Field Goal","In The Paint (Non-RA)","Center(C)","8-16 ft.","8","39","74","1","1","20260419","BOS","PHI"
"Shot Chart Detail","0042500111","348","1642845","VJ Edgecombe","1610612755","Philadelphia 76ers","2","1","26","Missed Shot","Jump Shot","3PT Field Goal","Above the Break 3","Right Side Center(RC)","24+ ft.","26","158","210","1","0","20260419","BOS","PHI"
"Shot Chart Detail","0042500111","356","1642845","VJ Edgecombe","1610612755","Philadelphia 76ers","2","0","59","Made Shot","Driving Floating Jump Shot","2PT Field Goal","In The Paint (Non-RA)","Right Side(R)","8-16 ft.","9","66","66","1","1","20260419","BOS","PHI"
"Shot Chart Detail","0042500111","358","1628369","Jayson Tatum","1610612738","Boston Celtics","2","0","41","Missed Shot","Pullup Jump shot","3PT Field Goal","Above the Break 3","Right Side Center(RC)","24+ ft.","26","153","211","1","0","20260419","BOS","PHI"
"Shot Chart Detail","0042500111","367","1642845","VJ Edgecombe","1610612755","Philadelphia 76ers","2","0","9","Made Shot","Turnaround Fadeaway shot","2PT Field Goal","Mid-Range","Right Side Center(RC)","16-24 ft.","16","83","143","1","1","20260419","BOS","PHI"
"Shot Chart Detail","0042500111","368","1630568","Luka Garza","1610612738","Boston Celtics","2","0","2","Missed Shot","Jump Shot","3PT Field Goal","Above the Break 3","Center(C)","24+ ft.","26","-61","254","1","0","20260419","BOS","PHI"
"Shot Chart Detail","0042500111","377","1628401","Derrick White","1610612738","Boston Celtics","3","11","45","Missed Shot","Driving Floating Jump Shot","2PT Field Goal","Mid-Range","Right Side(R)","8-16 ft.","10","81","68","1","0","20260419","BOS","PHI"
"Shot Chart Detail","0042500111","379","1630178","Tyrese Maxey","1610612755","Philadelphia 76ers","3","11","32","Missed Shot","Pullup Jump shot","2PT Field Goal","Mid-Range","Center(C)","8-16 ft.","15","27","157","1","0","20260419","BOS","PHI"
"Shot Chart Detail","0042500111","381","1629674","Neemias Queta","1610612738","Boston Celtics","3","11","17","Made Shot","Cutting Dunk Shot","2PT Field Goal","Restricted Area","Center(C)","Less Than 8 ft.","0","-5","6","1","1","20260419","BOS","PHI"
"Shot Chart Detail","0042500111","383","1626162","Kelly Oubre Jr.","1610612755","Philadelphia 76ers","3","10","52","Made Shot","Driving Finger Roll Layup Shot","2PT Field Goal","Restricted Area","Center(C)","Less Than 8 ft.","3","-11","28","1","1","20260419","BOS","PHI"
"Shot Chart Detail","0042500111","385","1628401","Derrick White","1610612738","Boston Celtics","3","10","41","Made Shot","Pullup Jump shot","2PT Field Goal","In The Paint (Non-RA)","Center(C)","Less Than 8 ft.","5","-54","24","1","1","20260419","BOS","PHI"
"Shot Chart Detail","0042500111","390","202331","Paul George","1610612755","Philadelphia 76ers","3","10","25","Made Shot","Driving Reverse Layup Shot","2PT Field Goal","In The Paint (Non-RA)","Center(C)","Less Than 8 ft.","4","36","20","1","1","20260419","BOS","PHI"
"Shot Chart Detail","0042500111","396","1628369","Jayson Tatum","1610612738","Boston Celtics","3","10","11","Missed Shot","Driving Layup Shot","2PT Field Goal","In The Paint (Non-RA)","Center(C)","Less Than 8 ft.","4","44","17","1","0","20260419","BOS","PHI"
"Shot Chart Detail","0042500111","401","1626162","Kelly Oubre Jr.","1610612755","Philadelphia 76ers","3","9","57","Missed Shot","Driving Floating Jump Shot","2PT Field Goal","In The Paint (Non-RA)","Center(C)","Less Than 8 ft.","4","22","39","1","0","20260419","BOS","PHI"
"Shot Chart Detail","0042500111","403","202696","Nikola Vučević","1610612738","Boston Celtics","3","9","43","Missed Shot","Turnaround Fadeaway shot","2PT Field Goal","Mid-Range","Left Side(L)","8-16 ft.","10","-93","58","1","0","20260419","BOS","PHI"
"Shot Chart Detail","0042500111","405","1626162","Kelly Oubre Jr.","1610612755","Philadelphia 76ers","3","9","28","Missed Shot","Jump Shot","3PT Field Goal","Right Corner 3","Right Side(R)","24+ ft.","22","228","15","1","0","20260419","BOS","PHI"
"Shot Chart Detail","0042500111","409","1627759","Jaylen Brown","1610612738","Boston Celtics","3","9","1","Made Shot","Fadeaway Jump Shot","2PT Field Goal","Mid-Range","Left Side Center(LC)","16-24 ft.","17","-112","131","1","1","20260419","BOS","PHI"
"Shot Chart Detail","0042500111","410","202331","Paul George","1610612755","Philadelphia 76ers","3","8","39","Made Shot","Step Back Jump shot","3PT Field Goal","Above the Break 3","Left Side Center(LC)","24+ ft.","26","-157","217","1","1","20260419","BOS","PHI"
"Shot Chart Detail","0042500111","411","1628401","Derrick White","1610612738","Boston Celtics","3","8","24","Made Shot","Jump Shot","3PT Field Goal","Above the Break 3","Right Side Center(RC)","24+ ft.","27","124","250","1","1","20260419","BOS","PHI"
"Shot Chart Detail","0042500111","413","1642845","VJ Edgecombe","1610612755","Philadelphia 76ers","3","8","2","Made Shot","Pullup Jump shot","2PT Field Goal","In The Paint (Non-RA)","Center(C)","8-16 ft.","11","-38","113","1","1","20260419","BOS","PHI"
"Shot Chart Detail","0042500111","415","1628369","Jayson Tatum","1610612738","Boston Celtics","3","7","53","Missed Shot","Pullup Jump shot","3PT Field Goal","Above the Break 3","Center(C)","24+ ft.","25","-71","247","1","0","20260419","BOS","PHI"
"Shot Chart Detail","0042500111","417","1626162","Kelly Oubre Jr.","1610612755","Philadelphia 76ers","3","7","42","Missed Shot","Driving Floating Jump Shot","2PT Field Goal","Restricted Area","Center(C)","Less Than 8 ft.","2","25","5","1","0","20260419","BOS","PHI"
"Shot Chart Detail","0042500111","419","1626162","Kelly Oubre Jr.","1610612755","Philadelphia 76ers","3","7","41","Made Shot","Tip Layup Shot","2PT Field Goal","Restricted Area","Center(C)","Less Than 8 ft.","0","0","0","1","1","20260419","BOS","PHI"
"Shot Chart Detail","0042500111","420","1628369","Jayson Tatum","1610612738","Boston Celtics","3","7","12","Missed Shot","Turnaround Fadeaway shot","3PT Field Goal","Right Corner 3","Right Side(R)","24+ ft.","23","235","37","1","0","20260419","BOS","PHI"
"Shot Chart Detail","0042500111","423","1626162","Kelly Oubre Jr.","1610612755","Philadelphia 76ers","3","7","0","Missed Shot","Jump Shot","3PT Field Goal","Above the Break 3","Left Side Center(LC)","24+ ft.","25","-131","222","1","0","20260419","BOS","PHI"
"Shot Chart Detail","0042500111","428","1627759","Jaylen Brown","1610612738","Boston Celtics","3","6","33","Missed Shot","Pullup Jump shot","2PT Field Goal","Mid-Range","Center(C)","8-16 ft.","15","7","156","1","0","20260419","BOS","PHI"
"Shot Chart Detail","0042500111","432","1627759","Jaylen Brown","1610612738","Boston Celtics","3","6","24","Made Shot","Jump Shot","3PT Field Goal","Above the Break 3","Center(C)","24+ ft.","27","-45","274","1","1","20260419","BOS","PHI"
"Shot Chart Detail","0042500111","434","202331","Paul George","1610612755","Philadelphia 76ers","3","6","5","Missed Shot","Turnaround Jump Shot","2PT Field Goal","Mid-Range","Right Side Center(RC)","16-24 ft.","21","112","180","1","0","20260419","BOS","PHI"
"Shot Chart Detail","0042500111","436","202696","Nikola Vučević","1610612738","Boston Celtics","3","5","56","Made Shot","Jump Shot","3PT Field Goal","Above the Break 3","Right Side Center(RC)","24+ ft.","26","146","225","1","1","20260419","BOS","PHI"
"Shot Chart Detail","0042500111","441","1642845","VJ Edgecombe","1610612755","Philadelphia 76ers","3","5","39","Missed Shot","Pullup Jump shot","2PT Field Goal","In The Paint (Non-RA)","Center(C)","8-16 ft.","13","-67","122","1","0","20260419","BOS","PHI"
"Shot Chart Detail","0042500111","443","1628369","Jayson Tatum","1610612738","Boston Celtics","3","5","24","Made Shot","Driving Layup Shot","2PT Field Goal","Restricted Area","Center(C)","Less Than 8 ft.","0","-1","5","1","1","20260419","BOS","PHI"
"Shot Chart Detail","0042500111","444","1630178","Tyrese Maxey","1610612755","Philadelphia 76ers","3","5","2","Missed Shot","Driving Floating Jump Shot","2PT Field Goal","In The Paint (Non-RA)","Center(C)","8-16 ft.","8","-29","84","1","0","20260419","BOS","PHI"
"Shot Chart Detail","0042500111","446","1627759","Jaylen Brown","1610612738","Boston Celtics","3","4","51","Made Shot","Cutting Dunk Shot","2PT Field Goal","Restricted Area","Center(C)","Less Than 8 ft.","0","-6","6","1","1","20260419","BOS","PHI"
"Shot Chart Detail","0042500111","456","1628401","Derrick White","1610612738","Boston Celtics","3","4","13","Missed Shot","Jump Shot","3PT Field Goal","Right Corner 3","Right Side(R)","24+ ft.","23","233","35","1","0","20260419","BOS","PHI"
"Shot Chart Detail","0042500111","458","1642845","VJ Edgecombe","1610612755","Philadelphia 76ers","3","4","7","Made Shot","Running Dunk Shot","2PT Field Goal","Restricted Area","Center(C)","Less Than 8 ft.","0","-5","8","1","1","20260419","BOS","PHI"
"Shot Chart Detail","0042500111","462","1627759","Jaylen Brown","1610612738","Boston Celtics","3","3","46","Made Shot","Driving Layup Shot","2PT Field Goal","Restricted Area","Center(C)","Less Than 8 ft.","2","21","7","1","1","20260419","BOS","PHI"
"Shot Chart Detail","0042500111","463","1630178","Tyrese Maxey","1610612755","Philadelphia 76ers","3","3","36","Made Shot","Driving Layup Shot","2PT Field Goal","In The Paint (Non-RA)","Center(C)","Less Than 8 ft.","4","25","33","1","1","20260419","BOS","PHI"
"Shot Chart Detail","0042500111","475","1627759","Jaylen Brown","1610612738","Boston Celtics","3","3","17","Missed Shot","Turnaround Jump Shot","2PT Field Goal","In The Paint (Non-RA)","Center(C)","8-16 ft.","11","-55","103","1","0","20260419","BOS","PHI"
"Shot Chart Detail","0042500111","479","1630568","Luka Garza","1610612738","Boston Celtics","3","3","2","Missed Shot","Jump Shot","3PT Field Goal","Above the Break 3","Right Side Center(RC)","24+ ft.","26","134","225","1","0","20260419","BOS","PHI"
"Shot Chart Detail","0042500111","481","1630202","Payton Pritchard","1610612738","Boston Celtics","3","2","55","Made Shot","Jump Shot","3PT Field Goal","Above the Break 3","Right Side Center(RC)","24+ ft.","26","162","211","1","1","20260419","BOS","PHI"
"Shot Chart Detail","0042500111","483","1642845","VJ Edgecombe","1610612755","Philadelphia 76ers","3","2","32","Missed Shot","Pullup Jump shot","3PT Field Goal","Above the Break 3","Right Side Center(RC)","24+ ft.","26","163","205","1","0","20260419","BOS","PHI"
"Shot Chart Detail","0042500111","489","1641775","Jordan Walsh","1610612738","Boston Celtics","3","2","7","Missed Shot","Jump Shot","3PT Field Goal","Right Corner 3","Right Side(R)","24+ ft.","23","229","51","1","0","20260419","BOS","PHI"
"Shot Chart Detail","0042500111","492","1627759","Jaylen Brown","1610612738","Boston Celtics","3","2","4","Made Shot","Jump Shot","3PT Field Goal","Right Corner 3","Right Side(R)","24+ ft.","23","238","18","1","1","20260419","BOS","PHI"
"Shot Chart Detail","0042500111","494","1626162","Kelly Oubre Jr.","1610612755","Philadelphia 76ers","3","1","48","Made Shot","Driving Finger Roll Layup Shot","2PT Field Goal","In The Paint (Non-RA)","Center(C)","Less Than 8 ft.","4","-5","49","1","1","20260419","BOS","PHI"
"Shot Chart Detail","0042500111","496","1627759","Jaylen Brown","1610612738","Boston Celtics","3","1","24","Made Shot","Fadeaway Jump Shot","2PT Field Goal","Mid-Range","Right Side Center(RC)","16-24 ft.","16","85","146","1","1","20260419","BOS","PHI"
"Shot Chart Detail","0042500111","497","1630178","Tyrese Maxey","1610612755","Philadelphia 76ers","3","1","12","Made Shot","Driving Floating Jump Shot","2PT Field Goal","In The Paint (Non-RA)","Center(C)","8-16 ft.","13","-47","125","1","1","20260419","BOS","PHI"
"Shot Chart Detail","0042500111","498","1630202","Payton Pritchard","1610612738","Boston Celtics","3","0","59","Missed Shot","Pullup Jump shot","3PT Field Goal","Above the Break 3","Right Side Center(RC)","24+ ft.","29","167","247","1","0","20260419","BOS","PHI"
"Shot Chart Detail","0042500111","512","1630178","Tyrese Maxey","1610612755","Philadelphia 76ers","3","0","33","Missed Shot","Step Back Jump shot","2PT Field Goal","Mid-Range","Center(C)","16-24 ft.","19","10","194","1","0","20260419","BOS","PHI"
"Shot Chart Detail","0042500111","514","1627759","Jaylen Brown","1610612738","Boston Celtics","3","0","9","Made Shot","Fadeaway Jump Shot","2PT Field Goal","Mid-Range","Right Side Center(RC)","16-24 ft.","16","66","148","1","1","20260419","BOS","PHI"
"Shot Chart Detail","0042500111","515","1630178","Tyrese Maxey","1610612755","Philadelphia 76ers","3","0","0","Made Shot","Driving Layup Shot","2PT Field Goal","In The Paint (Non-RA)","Center(C)","Less Than 8 ft.","4","21","36","1","1","20260419","BOS","PHI"
"Shot Chart Detail","0042500111","528","1629656","Quentin Grimes","1610612755","Philadelphia 76ers","4","11","49","Made Shot","Turnaround Jump Shot","2PT Field Goal","Mid-Range","Left Side Center(LC)","16-24 ft.","17","-119","134","1","1","20260419","BOS","PHI"
"Shot Chart Detail","0042500111","533","1642845","VJ Edgecombe","1610612755","Philadelphia 76ers","4","11","15","Missed Shot","Fadeaway Jump Shot","2PT Field Goal","In The Paint (Non-RA)","Center(C)","8-16 ft.","9","48","86","1","0","20260419","BOS","PHI"
"Shot Chart Detail","0042500111","535","1630573","Sam Hauser","1610612738","Boston Celtics","4","11","7","Made Shot","Running Pull-Up Jump Shot","3PT Field Goal","Above the Break 3","Right Side Center(RC)","24+ ft.","30","176","250","1","1","20260419","BOS","PHI"
"Shot Chart Detail","0042500111","537","1631230","Dominick Barlow","1610612755","Philadelphia 76ers","4","10","46","Missed Shot","Driving Layup Shot","2PT Field Goal","Restricted Area","Center(C)","Less Than 8 ft.","2","-27","8","1","0","20260419","BOS","PHI"
"Shot Chart Detail","0042500111","539","1628369","Jayson Tatum","1610612738","Boston Celtics","4","10","36","Missed Shot","Pullup Jump shot","3PT Field Goal","Above the Break 3","Left Side Center(LC)","24+ ft.","25","-148","204","1","0","20260419","BOS","PHI"
"Shot Chart Detail","0042500111","541","1630573","Sam Hauser","1610612738","Boston Celtics","4","10","32","Missed Shot","Step Back Jump shot","3PT Field Goal","Above the Break 3","Left Side Center(LC)","24+ ft.","25","-105","234","1","0","20260419","BOS","PHI"
"Shot Chart Detail","0042500111","544","1630202","Payton Pritchard","1610612738","Boston Celtics","4","10","23","Missed Shot","Pullup Jump shot","3PT Field Goal","Above the Break 3","Center(C)","24+ ft.","25","-26","257","1","0","20260419","BOS","PHI"
"Shot Chart Detail","0042500111","546","1642348","Justin Edwards","1610612755","Philadelphia 76ers","4","10","13","Missed Shot","Driving Bank Hook Shot","2PT Field Goal","In The Paint (Non-RA)","Center(C)","Less Than 8 ft.","4","-34","29","1","0","20260419","BOS","PHI"
"Shot Chart Detail","0042500111","548","1630573","Sam Hauser","1610612738","Boston Celtics","4","10","6","Made Shot","Running Jump Shot","3PT Field Goal","Above the Break 3","Right Side Center(RC)","24+ ft.","25","180","184","1","1","20260419","BOS","PHI"
"Shot Chart Detail","0042500111","550","1629656","Quentin Grimes","1610612755","Philadelphia 76ers","4","9","56","Made Shot","Driving Layup Shot","2PT Field Goal","Restricted Area","Center(C)","Less Than 8 ft.","3","-27","28","1","1","20260419","BOS","PHI"
"Shot Chart Detail","0042500111","552","1629674","Neemias Queta","1610612738","Boston Celtics","4","9","42","Made Shot","Alley Oop Dunk Shot","2PT Field Goal","Restricted Area","Center(C)","Less Than 8 ft.","0","0","8","1","1","20260419","BOS","PHI"
"Shot Chart Detail","0042500111","554","1629656","Quentin Grimes","1610612755","Philadelphia 76ers","4","9","27","Missed Shot","Pullup Jump shot","2PT Field Goal","In The Paint (Non-RA)","Left Side(L)","8-16 ft.","10","-69","75","1","0","20260419","BOS","PHI"
"Shot Chart Detail","0042500111","556","1628369","Jayson Tatum","1610612738","Boston Celtics","4","9","16","Made Shot","Driving Layup Shot","2PT Field Goal","Restricted Area","Center(C)","Less Than 8 ft.","0","-1","-2","1","1","20260419","BOS","PHI"
"Shot Chart Detail","0042500111","565","1630202","Payton Pritchard","1610612738","Boston Celtics","4","9","3","Made Shot","Driving Layup Shot","2PT Field Goal","Restricted Area","Center(C)","Less Than 8 ft.","1","18","1","1","1","20260419","BOS","PHI"
"Shot Chart Detail","0042500111","567","1629656","Quentin Grimes","1610612755","Philadelphia 76ers","4","8","39","Made Shot","Jump Shot","3PT Field Goal","Left Corner 3","Left Side(L)","24+ ft.","23","-229","31","1","1","20260419","BOS","PHI"
"Shot Chart Detail","0042500111","569","1631248","Baylor Scheierman","1610612738","Boston Celtics","4","8","20","Missed Shot","Driving Floating Jump Shot","2PT Field Goal","In The Paint (Non-RA)","Center(C)","Less Than 8 ft.","7","42","59","1","0","20260419","BOS","PHI"
"Shot Chart Detail","0042500111","575","1642348","Justin Edwards","1610612755","Philadelphia 76ers","4","7","56","Missed Shot","Driving Layup Shot","2PT Field Goal","Restricted Area","Center(C)","Less Than 8 ft.","3","34","2","1","0","20260419","BOS","PHI"
"Shot Chart Detail","0042500111","579","1630202","Payton Pritchard","1610612738","Boston Celtics","4","7","32","Missed Shot","Jump Shot","3PT Field Goal","Above the Break 3","Left Side Center(LC)","24+ ft.","26","-129","235","1","0","20260419","BOS","PHI"
"Shot Chart Detail","0042500111","592","1641737","Adem Bona","1610612755","Philadelphia 76ers","4","6","51","Made Shot","Floating Jump shot","2PT Field Goal","In The Paint (Non-RA)","Left Side(L)","8-16 ft.","8","-49","64","1","1","20260419","BOS","PHI"
"Shot Chart Detail","0042500111","601","1626162","Kelly Oubre Jr.","1610612755","Philadelphia 76ers","4","6","16","Missed Shot","Driving Floating Jump Shot","2PT Field Goal","In The Paint (Non-RA)","Center(C)","Less Than 8 ft.","7","-32","64","1","0","20260419","BOS","PHI"
"Shot Chart Detail","0042500111","608","1630573","Sam Hauser","1610612738","Boston Celtics","4","5","54","Missed Shot","Step Back Jump shot","3PT Field Goal","Above the Break 3","Left Side Center(LC)","24+ ft.","25","-91","242","1","0","20260419","BOS","PHI"
"Shot Chart Detail","0042500111","614","1642348","Justin Edwards","1610612755","Philadelphia 76ers","4","5","33","Made Shot","Driving Floating Jump Shot","2PT Field Goal","In The Paint (Non-RA)","Left Side(L)","8-16 ft.","11","-71","88","1","1","20260419","BOS","PHI"
"Shot Chart Detail","0042500111","615","1641775","Jordan Walsh","1610612738","Boston Celtics","4","5","11","Missed Shot","Jump Shot","3PT Field Goal","Above the Break 3","Left Side Center(LC)","24+ ft.","26","-167","200","1","0","20260419","BOS","PHI"
"Shot Chart Detail","0042500111","617","1630570","Trendon Watford","1610612755","Philadelphia 76ers","4","5","3","Missed Shot","Running Layup Shot","2PT Field Goal","Restricted Area","Center(C)","Less Than 8 ft.","2","23","8","1","0","20260419","BOS","PHI"
"Shot Chart Detail","0042500111","625","1629656","Quentin Grimes","1610612755","Philadelphia 76ers","4","4","44","Missed Shot","Fadeaway Jump Shot","2PT Field Goal","Mid-Range","Left Side(L)","8-16 ft.","13","-108","78","1","0","20260419","BOS","PHI"
"Shot Chart Detail","0042500111","628","1631207","Dalen Terry","1610612755","Philadelphia 76ers","4","4","23","Missed Shot","Driving Floating Jump Shot","2PT Field Goal","In The Paint (Non-RA)","Center(C)","Less Than 8 ft.","6","58","28","1","0","20260419","BOS","PHI"
"Shot Chart Detail","0042500111","630","1641775","Jordan Walsh","1610612738","Boston Celtics","4","4","16","Missed Shot","Running Layup Shot","2PT Field Goal","In The Paint (Non-RA)","Center(C)","Less Than 8 ft.","4","38","27","1","0","20260419","BOS","PHI"
"Shot Chart Detail","0042500111","643","1641775","Jordan Walsh","1610612738","Boston Celtics","4","3","57","Made Shot","Jump Shot","3PT Field Goal","Right Corner 3","Right Side(R)","24+ ft.","24","234","59","1","1","20260419","BOS","PHI"
"Shot Chart Detail","0042500111","645","1631207","Dalen Terry","1610612755","Philadelphia 76ers","4","3","41","Missed Shot","Jump Shot","3PT Field Goal","Above the Break 3","Right Side Center(RC)","24+ ft.","26","188","180","1","0","20260419","BOS","PHI"
"Shot Chart Detail","0042500111","647","1630202","Payton Pritchard","1610612738","Boston Celtics","4","3","23","Missed Shot","Step Back Jump shot","3PT Field Goal","Above the Break 3","Left Side Center(LC)","24+ ft.","25","-146","215","1","0","20260419","BOS","PHI"
"Shot Chart Detail","0042500111","649","1631230","Dominick Barlow","1610612755","Philadelphia 76ers","4","3","11","Made Shot","Reverse Layup Shot","2PT Field Goal","Restricted Area","Center(C)","Less Than 8 ft.","2","23","-9","1","1","20260419","BOS","PHI"
"Shot Chart Detail","0042500111","651","1631199","Ron Harper Jr.","1610612738","Boston Celtics","4","2","52","Made Shot","Driving Reverse Layup Shot","2PT Field Goal","Restricted Area","Center(C)","Less Than 8 ft.","1","16","-1","1","1","20260419","BOS","PHI"
"Shot Chart Detail","0042500111","652","1631230","Dominick Barlow","1610612755","Philadelphia 76ers","4","2","42","Missed Shot","Driving Layup Shot","2PT Field Goal","Restricted Area","Center(C)","Less Than 8 ft.","3","31","10","1","0","20260419","BOS","PHI"
"Shot Chart Detail","0042500111","654","1631199","Ron Harper Jr.","1610612738","Boston Celtics","4","2","32","Made Shot","Jump Shot","3PT Field Goal","Left Corner 3","Left Side(L)","24+ ft.","22","-227","37","1","1","20260419","BOS","PHI"
"Shot Chart Detail","0042500111","656","1630570","Trendon Watford","1610612755","Philadelphia 76ers","4","2","15","Made Shot","Driving Floating Jump Shot","2PT Field Goal","Restricted Area","Center(C)","Less Than 8 ft.","2","-4","22","1","1","20260419","BOS","PHI"
"Shot Chart Detail","0042500111","657","1631248","Baylor Scheierman","1610612738","Boston Celtics","4","1","54","Missed Shot","Jump Shot","3PT Field Goal","Above the Break 3","Right Side Center(RC)","24+ ft.","30","185","241","1","0","20260419","BOS","PHI"
"Shot Chart Detail","0042500111","659","1630570","Trendon Watford","1610612755","Philadelphia 76ers","4","1","43","Made Shot","Driving Layup Shot","2PT Field Goal","In The Paint (Non-RA)","Center(C)","Less Than 8 ft.","4","38","31","1","1","20260419","BOS","PHI"
"Shot Chart Detail","0042500111","660","1630568","Luka Garza","1610612738","Boston Celtics","4","1","30","Missed Shot","Jump Shot","3PT Field Goal","Above the Break 3","Right Side Center(RC)","24+ ft.","26","150","224","1","0","20260419","BOS","PHI"
"Shot Chart Detail","0042500111","662","1630570","Trendon Watford","1610612755","Philadelphia 76ers","4","1","23","Made Shot","Running Layup Shot","2PT Field Goal","Restricted Area","Center(C)","Less Than 8 ft.","1","-10","11","1","1","20260419","BOS","PHI"
"Shot Chart Detail","0042500111","664","1631248","Baylor Scheierman","1610612738","Boston Celtics","4","1","2","Missed Shot","Jump Shot","3PT Field Goal","Above the Break 3","Right Side Center(RC)","24+ ft.","33","173","288","1","0","20260419","BOS","PHI"
"Shot Chart Detail","0042500111","670","1631230","Dominick Barlow","1610612755","Philadelphia 76ers","4","0","49","Missed Shot","Cutting Dunk Shot","2PT Field Goal","In The Paint (Non-RA)","Center(C)","Less Than 8 ft.","4","-42","21","1","0","20260419","BOS","PHI"
"Shot Chart Detail","0042500111","673","1631248","Baylor Scheierman","1610612738","Boston Celtics","4","0","44","Made Shot","Running Jump Shot","3PT Field Goal","Above the Break 3","Right Side Center(RC)","24+ ft.","25","206","145","1","1","20260419","BOS","PHI"
"Shot Chart Detail","0042500111","675","1629656","Quentin Grimes","1610612755","Philadelphia 76ers","4","0","38","Missed Shot","Pullup Jump shot","3PT Field Goal","Above the Break 3","Right Side Center(RC)","24+ ft.","24","191","153","1","0","20260419","BOS","PHI"
"Shot Chart Detail","0042500112","7","1628369","Jayson Tatum","1610612738","Boston Celtics","1","11","37","Made Shot","Jump Shot","3PT Field Goal","Above the Break 3","Center(C)","24+ ft.","26","74","251","1","1","20260421","BOS","PHI"
"Shot Chart Detail","0042500112","9","202331","Paul George","1610612755","Philadelphia 76ers","1","11","9","Made Shot","Step Back Jump shot","2PT Field Goal","Mid-Range","Left Side(L)","8-16 ft.","13","-134","-7","1","1","20260421","BOS","PHI"
"Shot Chart Detail","0042500112","10","1628401","Derrick White","1610612738","Boston Celtics","1","10","48","Missed Shot","Jump Shot","3PT Field Goal","Above the Break 3","Right Side Center(RC)","24+ ft.","25","114","231","1","0","20260421","BOS","PHI"
"Shot Chart Detail","0042500112","12","1630573","Sam Hauser","1610612738","Boston Celtics","1","10","42","Made Shot","Pullup Jump shot","3PT Field Goal","Above the Break 3","Left Side Center(LC)","24+ ft.","25","-135","221","1","1","20260421","BOS","PHI"
"Shot Chart Detail","0042500112","14","202331","Paul George","1610612755","Philadelphia 76ers","1","10","17","Made Shot","Turnaround Jump Shot","2PT Field Goal","Mid-Range","Left Side(L)","16-24 ft.","16","-143","87","1","1","20260421","BOS","PHI"
"Shot Chart Detail","0042500112","15","1628369","Jayson Tatum","1610612738","Boston Celtics","1","10","1","Missed Shot","Cutting Layup Shot","2PT Field Goal","Restricted Area","Center(C)","Less Than 8 ft.","3","-1","39","1","0","20260421","BOS","PHI"
"Shot Chart Detail","0042500112","17","1642845","VJ Edgecombe","1610612755","Philadelphia 76ers","1","9","51","Made Shot","Running Layup Shot","2PT Field Goal","Restricted Area","Center(C)","Less Than 8 ft.","2","25","16","1","1","20260421","BOS","PHI"
"Shot Chart Detail","0042500112","21","1627759","Jaylen Brown","1610612738","Boston Celtics","1","9","27","Made Shot","Driving Dunk Shot","2PT Field Goal","Restricted Area","Center(C)","Less Than 8 ft.","0","-1","4","1","1","20260421","BOS","PHI"
"Shot Chart Detail","0042500112","24","1642845","VJ Edgecombe","1610612755","Philadelphia 76ers","1","9","9","Made Shot","Pullup Jump shot","2PT Field Goal","Mid-Range","Left Side Center(LC)","16-24 ft.","17","-83","152","1","1","20260421","BOS","PHI"
"Shot Chart Detail","0042500112","26","1627759","Jaylen Brown","1610612738","Boston Celtics","1","8","49","Missed Shot","Jump Shot","3PT Field Goal","Above the Break 3","Left Side Center(LC)","24+ ft.","25","-116","227","1","0","20260421","BOS","PHI"
"Shot Chart Detail","0042500112","31","1642845","VJ Edgecombe","1610612755","Philadelphia 76ers","1","8","33","Missed Shot","Pullup Jump shot","2PT Field Goal","Mid-Range","Left Side Center(LC)","16-24 ft.","16","-83","148","1","0","20260421","BOS","PHI"
"Shot Chart Detail","0042500112","33","1628369","Jayson Tatum","1610612738","Boston Celtics","1","8","23","Made Shot","Turnaround Fadeaway shot","2PT Field Goal","Mid-Range","Right Side Center(RC)","16-24 ft.","20","116","170","1","1","20260421","BOS","PHI"
"Shot Chart Detail","0042500112","34","1630178","Tyrese Maxey","1610612755","Philadelphia 76ers","1","8","13","Made Shot","Pullup Jump shot","2PT Field Goal","Mid-Range","Left Side(L)","8-16 ft.","15","-96","116","1","1","20260421","BOS","PHI"
"Shot Chart Detail","0042500112","35","1628369","Jayson Tatum","1610612738","Boston Celtics","1","8","5","Missed Shot","Pullup Jump shot","3PT Field Goal","Above the Break 3","Right Side Center(RC)","24+ ft.","27","120","242","1","0","20260421","BOS","PHI"
"Shot Chart Detail","0042500112","37","1641737","Adem Bona","1610612755","Philadelphia 76ers","1","7","55","Missed Shot","Layup Shot","2PT Field Goal","In The Paint (Non-RA)","Center(C)","Less Than 8 ft.","7","-72","16","1","0","20260421","BOS","PHI"
"Shot Chart Detail","0042500112","43","1630178","Tyrese Maxey","1610612755","Philadelphia 76ers","1","7","48","Made Shot","Fadeaway Jump Shot","2PT Field Goal","Mid-Range","Right Side(R)","8-16 ft.","14","130","67","1","1","20260421","BOS","PHI"
"Shot Chart Detail","0042500112","45","1642845","VJ Edgecombe","1610612755","Philadelphia 76ers","1","7","32","Missed Shot","Jump Shot","3PT Field Goal","Right Corner 3","Right Side(R)","24+ ft.","23","230","57","1","0","20260421","BOS","PHI"
"Shot Chart Detail","0042500112","47","1628401","Derrick White","1610612738","Boston Celtics","1","7","24","Made Shot","Running Jump Shot","3PT Field Goal","Above the Break 3","Right Side Center(RC)","24+ ft.","24","174","179","1","1","20260421","BOS","PHI"
"Shot Chart Detail","0042500112","49","1630178","Tyrese Maxey","1610612755","Philadelphia 76ers","1","7","10","Missed Shot","Pullup Jump shot","3PT Field Goal","Above the Break 3","Center(C)","24+ ft.","24","-39","246","1","0","20260421","BOS","PHI"
"Shot Chart Detail","0042500112","51","1628369","Jayson Tatum","1610612738","Boston Celtics","1","7","2","Made Shot","Running Layup Shot","2PT Field Goal","Restricted Area","Center(C)","Less Than 8 ft.","2","29","6","1","1","20260421","BOS","PHI"
"Shot Chart Detail","0042500112","52","1630178","Tyrese Maxey","1610612755","Philadelphia 76ers","1","6","51","Missed Shot","Turnaround Fadeaway shot","2PT Field Goal","Mid-Range","Center(C)","8-16 ft.","15","15","157","1","0","20260421","BOS","PHI"
"Shot Chart Detail","0042500112","59","1628401","Derrick White","1610612738","Boston Celtics","1","6","34","Missed Shot","Jump Shot","3PT Field Goal","Above the Break 3","Left Side Center(LC)","24+ ft.","26","-168","204","1","0","20260421","BOS","PHI"
"Shot Chart Detail","0042500112","61","1629674","Neemias Queta","1610612738","Boston Celtics","1","6","25","Made Shot","Floating Jump shot","2PT Field Goal","In The Paint (Non-RA)","Center(C)","8-16 ft.","8","2","87","1","1","20260421","BOS","PHI"
"Shot Chart Detail","0042500112","63","202331","Paul George","1610612755","Philadelphia 76ers","1","6","10","Missed Shot","Jump Shot","3PT Field Goal","Above the Break 3","Left Side Center(LC)","24+ ft.","23","-168","169","1","0","20260421","BOS","PHI"
"Shot Chart Detail","0042500112","65","1628401","Derrick White","1610612738","Boston Celtics","1","5","51","Missed Shot","Turnaround Fadeaway shot","2PT Field Goal","Mid-Range","Left Side Center(LC)","16-24 ft.","16","-98","133","1","0","20260421","BOS","PHI"
"Shot Chart Detail","0042500112","67","1626162","Kelly Oubre Jr.","1610612755","Philadelphia 76ers","1","5","28","Missed Shot","Jump Shot","3PT Field Goal","Above the Break 3","Left Side Center(LC)","24+ ft.","25","-227","105","1","0","20260421","BOS","PHI"
"Shot Chart Detail","0042500112","69","1630573","Sam Hauser","1610612738","Boston Celtics","1","5","10","Made Shot","Jump Shot","3PT Field Goal","Right Corner 3","Right Side(R)","24+ ft.","22","223","2","1","1","20260421","BOS","PHI"
"Shot Chart Detail","0042500112","71","1630178","Tyrese Maxey","1610612755","Philadelphia 76ers","1","4","57","Missed Shot","Pullup Jump shot","2PT Field Goal","Mid-Range","Center(C)","16-24 ft.","19","49","185","1","0","20260421","BOS","PHI"
"Shot Chart Detail","0042500112","73","1630573","Sam Hauser","1610612738","Boston Celtics","1","4","49","Missed Shot","Running Jump Shot","3PT Field Goal","Left Corner 3","Left Side(L)","24+ ft.","23","-230","48","1","0","20260421","BOS","PHI"
"Shot Chart Detail","0042500112","89","1629656","Quentin Grimes","1610612755","Philadelphia 76ers","1","4","31","Missed Shot","Driving Layup Shot","2PT Field Goal","In The Paint (Non-RA)","Center(C)","Less Than 8 ft.","5","43","38","1","0","20260421","BOS","PHI"
"Shot Chart Detail","0042500112","91","1627759","Jaylen Brown","1610612738","Boston Celtics","1","4","21","Made Shot","Driving Layup Shot","2PT Field Goal","Restricted Area","Center(C)","Less Than 8 ft.","1","7","12","1","1","20260421","BOS","PHI"
"Shot Chart Detail","0042500112","93","1630178","Tyrese Maxey","1610612755","Philadelphia 76ers","1","4","10","Missed Shot","Pullup Jump shot","3PT Field Goal","Above the Break 3","Left Side Center(LC)","24+ ft.","24","-202","142","1","0","20260421","BOS","PHI"
"Shot Chart Detail","0042500112","95","1630202","Payton Pritchard","1610612738","Boston Celtics","1","3","59","Missed Shot","Jump Shot","3PT Field Goal","Right Corner 3","Right Side(R)","24+ ft.","23","230","17","1","0","20260421","BOS","PHI"
"Shot Chart Detail","0042500112","97","1630178","Tyrese Maxey","1610612755","Philadelphia 76ers","1","3","38","Missed Shot","Step Back Jump shot","3PT Field Goal","Above the Break 3","Center(C)","24+ ft.","27","-83","262","1","0","20260421","BOS","PHI"
"Shot Chart Detail","0042500112","99","202696","Nikola Vučević","1610612738","Boston Celtics","1","3","20","Made Shot","Jump Shot","3PT Field Goal","Above the Break 3","Right Side Center(RC)","24+ ft.","25","131","215","1","1","20260421","BOS","PHI"
"Shot Chart Detail","0042500112","104","1630178","Tyrese Maxey","1610612755","Philadelphia 76ers","1","3","2","Made Shot","Pullup Jump shot","3PT Field Goal","Above the Break 3","Left Side Center(LC)","24+ ft.","25","-131","219","1","1","20260421","BOS","PHI"
"Shot Chart Detail","0042500112","107","1628401","Derrick White","1610612738","Boston Celtics","1","2","34","Missed Shot","Jump Shot","3PT Field Goal","Above the Break 3","Right Side Center(RC)","24+ ft.","25","145","209","1","0","20260421","BOS","PHI"
"Shot Chart Detail","0042500112","109","1630202","Payton Pritchard","1610612738","Boston Celtics","1","2","29","Missed Shot","Jump Shot","3PT Field Goal","Above the Break 3","Right Side Center(RC)","24+ ft.","26","98","242","1","0","20260421","BOS","PHI"
"Shot Chart Detail","0042500112","111","1630178","Tyrese Maxey","1610612755","Philadelphia 76ers","1","2","20","Missed Shot","Running Layup Shot","2PT Field Goal","Mid-Range","Right Side(R)","8-16 ft.","11","98","56","1","0","20260421","BOS","PHI"
"Shot Chart Detail","0042500112","113","203083","Andre Drummond","1610612755","Philadelphia 76ers","1","2","19","Made Shot","Tip Layup Shot","2PT Field Goal","Restricted Area","Center(C)","Less Than 8 ft.","0","0","0","1","1","20260421","BOS","PHI"
"Shot Chart Detail","0042500112","122","1629656","Quentin Grimes","1610612755","Philadelphia 76ers","1","1","59","Made Shot","Jump Shot","3PT Field Goal","Above the Break 3","Left Side Center(LC)","24+ ft.","24","-156","195","1","1","20260421","BOS","PHI"
"Shot Chart Detail","0042500112","126","1630178","Tyrese Maxey","1610612755","Philadelphia 76ers","1","1","38","Made Shot","Running Dunk Shot","2PT Field Goal","Restricted Area","Center(C)","Less Than 8 ft.","0","-7","-2","1","1","20260421","BOS","PHI"
"Shot Chart Detail","0042500112","127","1630202","Payton Pritchard","1610612738","Boston Celtics","1","1","11","Missed Shot","Pullup Jump shot","2PT Field Goal","Mid-Range","Left Side Center(LC)","16-24 ft.","16","-131","101","1","0","20260421","BOS","PHI"
"Shot Chart Detail","0042500112","133","202696","Nikola Vučević","1610612738","Boston Celtics","1","0","51","Made Shot","Driving Floating Jump Shot","2PT Field Goal","In The Paint (Non-RA)","Left Side(L)","8-16 ft.","14","-75","127","1","1","20260421","BOS","PHI"
"Shot Chart Detail","0042500112","136","1627759","Jaylen Brown","1610612738","Boston Celtics","1","0","31","Missed Shot","Fadeaway Jump Shot","2PT Field Goal","Mid-Range","Left Side Center(LC)","16-24 ft.","19","-105","159","1","0","20260421","BOS","PHI"
"Shot Chart Detail","0042500112","138","1628401","Derrick White","1610612738","Boston Celtics","1","0","26","Missed Shot","Jump Shot","3PT Field Goal","Above the Break 3","Center(C)","24+ ft.","26","58","254","1","0","20260421","BOS","PHI"
"Shot Chart Detail","0042500112","148","1629656","Quentin Grimes","1610612755","Philadelphia 76ers","1","0","3","Missed Shot","Driving Floating Jump Shot","2PT Field Goal","In The Paint (Non-RA)","Center(C)","Less Than 8 ft.","6","38","57","1","0","20260421","BOS","PHI"
"Shot Chart Detail","0042500112","150","1642348","Justin Edwards","1610612755","Philadelphia 76ers","1","0","2","Missed Shot","Tip Layup Shot","2PT Field Goal","Restricted Area","Center(C)","Less Than 8 ft.","0","0","0","1","0","20260421","BOS","PHI"
"Shot Chart Detail","0042500112","152","202331","Paul George","1610612755","Philadelphia 76ers","1","0","0","Made Shot","Tip Layup Shot","2PT Field Goal","Restricted Area","Center(C)","Less Than 8 ft.","0","0","0","1","1","20260421","BOS","PHI"
"Shot Chart Detail","0042500112","163","202331","Paul George","1610612755","Philadelphia 76ers","2","11","48","Missed Shot","Pullup Jump shot","2PT Field Goal","Mid-Range","Left Side Center(LC)","16-24 ft.","20","-123","167","1","0","20260421","BOS","PHI"
"Shot Chart Detail","0042500112","165","1631248","Baylor Scheierman","1610612738","Boston Celtics","2","11","33","Made Shot","Jump Shot","3PT Field Goal","Above the Break 3","Left Side Center(LC)","24+ ft.","28","-176","222","1","1","20260421","BOS","PHI"
"Shot Chart Detail","0042500112","167","1629656","Quentin Grimes","1610612755","Philadelphia 76ers","2","11","14","Missed Shot","Fadeaway Jump Shot","2PT Field Goal","Mid-Range","Right Side Center(RC)","16-24 ft.","19","120","158","1","0","20260421","BOS","PHI"
"Shot Chart Detail","0042500112","169","1628369","Jayson Tatum","1610612738","Boston Celtics","2","11","6","Missed Shot","Pullup Jump shot","3PT Field Goal","Above the Break 3","Center(C)","24+ ft.","24","74","232","1","0","20260421","BOS","PHI"
"Shot Chart Detail","0042500112","182","1642348","Justin Edwards","1610612755","Philadelphia 76ers","2","10","24","Made Shot","Running Dunk Shot","2PT Field Goal","Restricted Area","Center(C)","Less Than 8 ft.","0","4","9","1","1","20260421","BOS","PHI"
"Shot Chart Detail","0042500112","183","1628369","Jayson Tatum","1610612738","Boston Celtics","2","10","10","Made Shot","Driving Finger Roll Layup Shot","2PT Field Goal","Restricted Area","Center(C)","Less Than 8 ft.","3","37","15","1","1","20260421","BOS","PHI"
"Shot Chart Detail","0042500112","184","1629656","Quentin Grimes","1610612755","Philadelphia 76ers","2","9","46","Made Shot","Jump Shot","3PT Field Goal","Above the Break 3","Left Side Center(LC)","24+ ft.","26","-87","247","1","1","20260421","BOS","PHI"
"Shot Chart Detail","0042500112","186","1630202","Payton Pritchard","1610612738","Boston Celtics","2","9","34","Missed Shot","Pullup Jump shot","3PT Field Goal","Above the Break 3","Left Side Center(LC)","24+ ft.","27","-89","264","1","0","20260421","BOS","PHI"
"Shot Chart Detail","0042500112","189","1642845","VJ Edgecombe","1610612755","Philadelphia 76ers","2","9","28","Missed Shot","Running Layup Shot","2PT Field Goal","In The Paint (Non-RA)","Center(C)","Less Than 8 ft.","6","51","40","1","0","20260421","BOS","PHI"
"Shot Chart Detail","0042500112","196","202331","Paul George","1610612755","Philadelphia 76ers","2","9","16","Made Shot","Jump Shot","3PT Field Goal","Right Corner 3","Right Side(R)","24+ ft.","23","233","4","1","1","20260421","BOS","PHI"
"Shot Chart Detail","0042500112","199","1631248","Baylor Scheierman","1610612738","Boston Celtics","2","8","58","Made Shot","Driving Floating Jump Shot","2PT Field Goal","In The Paint (Non-RA)","Center(C)","Less Than 8 ft.","7","-28","67","1","1","20260421","BOS","PHI"
"Shot Chart Detail","0042500112","201","203083","Andre Drummond","1610612755","Philadelphia 76ers","2","8","39","Made Shot","Jump Shot","3PT Field Goal","Left Corner 3","Left Side(L)","24+ ft.","24","-239","26","1","1","20260421","BOS","PHI"
"Shot Chart Detail","0042500112","203","1629674","Neemias Queta","1610612738","Boston Celtics","2","8","23","Made Shot","Driving Bank Hook Shot","2PT Field Goal","Mid-Range","Left Side(L)","8-16 ft.","10","-96","39","1","1","20260421","BOS","PHI"
"Shot Chart Detail","0042500112","204","1642845","VJ Edgecombe","1610612755","Philadelphia 76ers","2","8","3","Made Shot","Pullup Jump shot","2PT Field Goal","In The Paint (Non-RA)","Right Side(R)","8-16 ft.","13","70","113","1","1","20260421","BOS","PHI"
"Shot Chart Detail","0042500112","206","1629674","Neemias Queta","1610612738","Boston Celtics","2","7","44","Missed Shot","Turnaround Jump Shot","2PT Field Goal","In The Paint (Non-RA)","Center(C)","Less Than 8 ft.","6","-45","52","1","0","20260421","BOS","PHI"
"Shot Chart Detail","0042500112","208","1642845","VJ Edgecombe","1610612755","Philadelphia 76ers","2","7","30","Missed Shot","Driving Floating Jump Shot","2PT Field Goal","In The Paint (Non-RA)","Center(C)","8-16 ft.","14","56","131","1","0","20260421","BOS","PHI"
"Shot Chart Detail","0042500112","210","203083","Andre Drummond","1610612755","Philadelphia 76ers","2","7","13","Made Shot","Cutting Layup Shot","2PT Field Goal","In The Paint (Non-RA)","Center(C)","Less Than 8 ft.","5","-56","16","1","1","20260421","BOS","PHI"
"Shot Chart Detail","0042500112","230","1626162","Kelly Oubre Jr.","1610612755","Philadelphia 76ers","2","5","57","Missed Shot","Turnaround Jump Shot","2PT Field Goal","Mid-Range","Left Side(L)","8-16 ft.","12","-113","52","1","0","20260421","BOS","PHI"
"Shot Chart Detail","0042500112","232","1626162","Kelly Oubre Jr.","1610612755","Philadelphia 76ers","2","5","52","Missed Shot","Jump Shot","3PT Field Goal","Above the Break 3","Left Side Center(LC)","24+ ft.","24","-141","201","1","0","20260421","BOS","PHI"
"Shot Chart Detail","0042500112","236","1628369","Jayson Tatum","1610612738","Boston Celtics","2","5","44","Made Shot","Running Dunk Shot","2PT Field Goal","Restricted Area","Center(C)","Less Than 8 ft.","1","-9","10","1","1","20260421","BOS","PHI"
"Shot Chart Detail","0042500112","237","1630178","Tyrese Maxey","1610612755","Philadelphia 76ers","2","5","31","Made Shot","Pullup Jump shot","3PT Field Goal","Above the Break 3","Right Side Center(RC)","24+ ft.","31","131","284","1","1","20260421","BOS","PHI"
"Shot Chart Detail","0042500112","238","1627759","Jaylen Brown","1610612738","Boston Celtics","2","5","15","Made Shot","Driving Layup Shot","2PT Field Goal","In The Paint (Non-RA)","Center(C)","Less Than 8 ft.","4","-34","34","1","1","20260421","BOS","PHI"
"Shot Chart Detail","0042500112","240","1642845","VJ Edgecombe","1610612755","Philadelphia 76ers","2","4","58","Made Shot","Jump Shot","3PT Field Goal","Above the Break 3","Right Side Center(RC)","24+ ft.","24","228","88","1","1","20260421","BOS","PHI"
"Shot Chart Detail","0042500112","244","1630178","Tyrese Maxey","1610612755","Philadelphia 76ers","2","4","45","Missed Shot","Running Layup Shot","2PT Field Goal","Restricted Area","Center(C)","Less Than 8 ft.","0","9","4","1","0","20260421","BOS","PHI"
"Shot Chart Detail","0042500112","256","1642845","VJ Edgecombe","1610612755","Philadelphia 76ers","2","4","27","Made Shot","Jump Shot","3PT Field Goal","Above the Break 3","Right Side Center(RC)","24+ ft.","27","125","246","1","1","20260421","BOS","PHI"
"Shot Chart Detail","0042500112","261","1630178","Tyrese Maxey","1610612755","Philadelphia 76ers","2","4","1","Missed Shot","Pullup Jump shot","3PT Field Goal","Above the Break 3","Center(C)","24+ ft.","25","-76","245","1","0","20260421","BOS","PHI"
"Shot Chart Detail","0042500112","263","1628401","Derrick White","1610612738","Boston Celtics","2","3","42","Made Shot","Driving Layup Shot","2PT Field Goal","In The Paint (Non-RA)","Center(C)","Less Than 8 ft.","4","48","12","1","1","20260421","BOS","PHI"
"Shot Chart Detail","0042500112","266","1630178","Tyrese Maxey","1610612755","Philadelphia 76ers","2","3","25","Made Shot","Pullup Jump shot","2PT Field Goal","Mid-Range","Left Side Center(LC)","16-24 ft.","18","-89","161","1","1","20260421","BOS","PHI"
"Shot Chart Detail","0042500112","271","1642845","VJ Edgecombe","1610612755","Philadelphia 76ers","2","2","53","Missed Shot","Pullup Jump shot","3PT Field Goal","Above the Break 3","Left Side Center(LC)","24+ ft.","24","-91","232","1","0","20260421","BOS","PHI"
"Shot Chart Detail","0042500112","273","1628369","Jayson Tatum","1610612738","Boston Celtics","2","2","36","Missed Shot","Driving Finger Roll Layup Shot","2PT Field Goal","In The Paint (Non-RA)","Center(C)","Less Than 8 ft.","4","-43","17","1","0","20260421","BOS","PHI"
"Shot Chart Detail","0042500112","276","1630573","Sam Hauser","1610612738","Boston Celtics","2","2","32","Missed Shot","Jump Shot","3PT Field Goal","Above the Break 3","Right Side Center(RC)","24+ ft.","26","129","227","1","0","20260421","BOS","PHI"
"Shot Chart Detail","0042500112","278","1627759","Jaylen Brown","1610612738","Boston Celtics","2","2","25","Missed Shot","Putback Layup Shot","2PT Field Goal","In The Paint (Non-RA)","Center(C)","Less Than 8 ft.","4","-31","34","1","0","20260421","BOS","PHI"
"Shot Chart Detail","0042500112","280","1642845","VJ Edgecombe","1610612755","Philadelphia 76ers","2","2","17","Made Shot","Running Dunk Shot","2PT Field Goal","Restricted Area","Center(C)","Less Than 8 ft.","0","1","-1","1","1","20260421","BOS","PHI"
"Shot Chart Detail","0042500112","282","1627759","Jaylen Brown","1610612738","Boston Celtics","2","2","5","Made Shot","Driving Reverse Layup Shot","2PT Field Goal","Restricted Area","Center(C)","Less Than 8 ft.","2","-20","11","1","1","20260421","BOS","PHI"
"Shot Chart Detail","0042500112","289","1642845","VJ Edgecombe","1610612755","Philadelphia 76ers","2","1","52","Made Shot","Jump Shot","3PT Field Goal","Right Corner 3","Right Side(R)","24+ ft.","22","229","7","1","1","20260421","BOS","PHI"
"Shot Chart Detail","0042500112","296","1641737","Adem Bona","1610612755","Philadelphia 76ers","2","1","29","Missed Shot","Cutting Layup Shot","2PT Field Goal","Restricted Area","Center(C)","Less Than 8 ft.","3","-30","6","1","0","20260421","BOS","PHI"
"Shot Chart Detail","0042500112","298","1628369","Jayson Tatum","1610612738","Boston Celtics","2","1","8","Missed Shot","Driving Layup Shot","2PT Field Goal","Restricted Area","Center(C)","Less Than 8 ft.","3","31","12","1","0","20260421","BOS","PHI"
"Shot Chart Detail","0042500112","300","1626162","Kelly Oubre Jr.","1610612755","Philadelphia 76ers","2","1","1","Made Shot","Pullup Jump shot","2PT Field Goal","In The Paint (Non-RA)","Center(C)","Less Than 8 ft.","7","-33","68","1","1","20260421","BOS","PHI"
"Shot Chart Detail","0042500112","305","1642845","VJ Edgecombe","1610612755","Philadelphia 76ers","2","0","55","Made Shot","Jump Shot","3PT Field Goal","Above the Break 3","Left Side Center(LC)","24+ ft.","24","-134","205","1","1","20260421","BOS","PHI"
"Shot Chart Detail","0042500112","308","1627759","Jaylen Brown","1610612738","Boston Celtics","2","0","33","Missed Shot","Pullup Jump shot","3PT Field Goal","Above the Break 3","Center(C)","24+ ft.","30","-69","300","1","0","20260421","BOS","PHI"
"Shot Chart Detail","0042500112","310","1630573","Sam Hauser","1610612738","Boston Celtics","2","0","20","Missed Shot","Jump Shot","3PT Field Goal","Above the Break 3","Right Side Center(RC)","24+ ft.","26","99","242","1","0","20260421","BOS","PHI"
"Shot Chart Detail","0042500112","313","1627759","Jaylen Brown","1610612738","Boston Celtics","2","0","14","Missed Shot","Fadeaway Jump Shot","3PT Field Goal","Right Corner 3","Right Side(R)","24+ ft.","22","224","10","1","0","20260421","BOS","PHI"
"Shot Chart Detail","0042500112","322","1627759","Jaylen Brown","1610612738","Boston Celtics","2","0","0","Missed Shot","Jump Shot","3PT Field Goal","Right Corner 3","Right Side(R)","24+ ft.","22","225","-4","1","0","20260421","BOS","PHI"
"Shot Chart Detail","0042500112","338","202331","Paul George","1610612755","Philadelphia 76ers","3","11","46","Made Shot","Pullup Jump shot","3PT Field Goal","Above the Break 3","Center(C)","24+ ft.","25","64","249","1","1","20260421","BOS","PHI"
"Shot Chart Detail","0042500112","343","202331","Paul George","1610612755","Philadelphia 76ers","3","11","13","Made Shot","Driving Finger Roll Layup Shot","2PT Field Goal","In The Paint (Non-RA)","Center(C)","Less Than 8 ft.","4","33","29","1","1","20260421","BOS","PHI"
"Shot Chart Detail","0042500112","346","1630178","Tyrese Maxey","1610612755","Philadelphia 76ers","3","10","53","Missed Shot","Step Back Jump shot","3PT Field Goal","Above the Break 3","Left Side Center(LC)","24+ ft.","26","-89","251","1","0","20260421","BOS","PHI"
"Shot Chart Detail","0042500112","348","1630178","Tyrese Maxey","1610612755","Philadelphia 76ers","3","10","47","Missed Shot","Driving Layup Shot","2PT Field Goal","Mid-Range","Left Side(L)","8-16 ft.","8","-81","38","1","0","20260421","BOS","PHI"
"Shot Chart Detail","0042500112","350","1630573","Sam Hauser","1610612738","Boston Celtics","3","10","39","Missed Shot","Running Jump Shot","3PT Field Goal","Left Corner 3","Left Side(L)","24+ ft.","22","-227","-1","1","0","20260421","BOS","PHI"
"Shot Chart Detail","0042500112","352","1642845","VJ Edgecombe","1610612755","Philadelphia 76ers","3","10","22","Missed Shot","Pullup Jump shot","2PT Field Goal","Mid-Range","Right Side(R)","8-16 ft.","15","152","18","1","0","20260421","BOS","PHI"
"Shot Chart Detail","0042500112","355","1628369","Jayson Tatum","1610612738","Boston Celtics","3","10","11","Missed Shot","Pullup Jump shot","3PT Field Goal","Above the Break 3","Left Side Center(LC)","24+ ft.","24","-109","221","1","0","20260421","BOS","PHI"
"Shot Chart Detail","0042500112","361","1630178","Tyrese Maxey","1610612755","Philadelphia 76ers","3","9","52","Made Shot","Driving Floating Jump Shot","2PT Field Goal","In The Paint (Non-RA)","Center(C)","8-16 ft.","14","42","134","1","1","20260421","BOS","PHI"
"Shot Chart Detail","0042500112","362","1627759","Jaylen Brown","1610612738","Boston Celtics","3","9","35","Made Shot","Driving Layup Shot","2PT Field Goal","In The Paint (Non-RA)","Center(C)","Less Than 8 ft.","7","66","35","1","1","20260421","BOS","PHI"
"Shot Chart Detail","0042500112","366","1628369","Jayson Tatum","1610612738","Boston Celtics","3","9","13","Made Shot","Running Layup Shot","2PT Field Goal","Restricted Area","Center(C)","Less Than 8 ft.","1","11","5","1","1","20260421","BOS","PHI"
"Shot Chart Detail","0042500112","368","1626162","Kelly Oubre Jr.","1610612755","Philadelphia 76ers","3","8","48","Made Shot","Jump Shot","3PT Field Goal","Above the Break 3","Right Side Center(RC)","24+ ft.","26","103","243","1","1","20260421","BOS","PHI"
"Shot Chart Detail","0042500112","370","1627759","Jaylen Brown","1610612738","Boston Celtics","3","8","38","Missed Shot","Pullup Jump shot","3PT Field Goal","Above the Break 3","Right Side Center(RC)","24+ ft.","25","83","241","1","0","20260421","BOS","PHI"
"Shot Chart Detail","0042500112","372","1628369","Jayson Tatum","1610612738","Boston Celtics","3","8","31","Made Shot","Driving Reverse Layup Shot","2PT Field Goal","Restricted Area","Center(C)","Less Than 8 ft.","2","23","-4","1","1","20260421","BOS","PHI"
"Shot Chart Detail","0042500112","373","1630178","Tyrese Maxey","1610612755","Philadelphia 76ers","3","8","22","Missed Shot","Pullup Jump shot","3PT Field Goal","Above the Break 3","Center(C)","24+ ft.","25","53","254","1","0","20260421","BOS","PHI"
"Shot Chart Detail","0042500112","375","1627759","Jaylen Brown","1610612738","Boston Celtics","3","8","13","Made Shot","Jump Shot","3PT Field Goal","Above the Break 3","Right Side Center(RC)","24+ ft.","24","222","103","1","1","20260421","BOS","PHI"
"Shot Chart Detail","0042500112","379","202331","Paul George","1610612755","Philadelphia 76ers","3","7","47","Missed Shot","Jump Shot","3PT Field Goal","Above the Break 3","Left Side Center(LC)","24+ ft.","26","-141","220","1","0","20260421","BOS","PHI"
"Shot Chart Detail","0042500112","382","1628401","Derrick White","1610612738","Boston Celtics","3","7","25","Missed Shot","Jump Shot","3PT Field Goal","Above the Break 3","Center(C)","24+ ft.","25","-66","245","1","0","20260421","BOS","PHI"
"Shot Chart Detail","0042500112","384","1626162","Kelly Oubre Jr.","1610612755","Philadelphia 76ers","3","7","13","Made Shot","Driving Layup Shot","2PT Field Goal","In The Paint (Non-RA)","Center(C)","Less Than 8 ft.","5","-2","55","1","1","20260421","BOS","PHI"
"Shot Chart Detail","0042500112","385","1630573","Sam Hauser","1610612738","Boston Celtics","3","7","2","Missed Shot","Jump Shot","3PT Field Goal","Left Corner 3","Left Side(L)","24+ ft.","23","-234","53","1","0","20260421","BOS","PHI"
"Shot Chart Detail","0042500112","387","1627759","Jaylen Brown","1610612738","Boston Celtics","3","6","50","Made Shot","Jump Shot","3PT Field Goal","Above the Break 3","Left Side Center(LC)","24+ ft.","25","-173","189","1","1","20260421","BOS","PHI"
"Shot Chart Detail","0042500112","400","1630178","Tyrese Maxey","1610612755","Philadelphia 76ers","3","6","25","Missed Shot","Driving Layup Shot","2PT Field Goal","Restricted Area","Center(C)","Less Than 8 ft.","2","23","12","1","0","20260421","BOS","PHI"
"Shot Chart Detail","0042500112","404","1627759","Jaylen Brown","1610612738","Boston Celtics","3","6","16","Missed Shot","Running Layup Shot","2PT Field Goal","Restricted Area","Center(C)","Less Than 8 ft.","3","33","15","1","0","20260421","BOS","PHI"
"Shot Chart Detail","0042500112","406","1626162","Kelly Oubre Jr.","1610612755","Philadelphia 76ers","3","6","9","Made Shot","Running Finger Roll Layup Shot","2PT Field Goal","Restricted Area","Center(C)","Less Than 8 ft.","3","-20","29","1","1","20260421","BOS","PHI"
"Shot Chart Detail","0042500112","407","202696","Nikola Vučević","1610612738","Boston Celtics","3","5","40","Made Shot","Floating Jump shot","2PT Field Goal","In The Paint (Non-RA)","Center(C)","Less Than 8 ft.","5","-10","50","1","1","20260421","BOS","PHI"
"Shot Chart Detail","0042500112","412","202331","Paul George","1610612755","Philadelphia 76ers","3","5","17","Missed Shot","Fadeaway Jump Shot","2PT Field Goal","In The Paint (Non-RA)","Center(C)","8-16 ft.","15","-75","133","1","0","20260421","BOS","PHI"
"Shot Chart Detail","0042500112","414","1628369","Jayson Tatum","1610612738","Boston Celtics","3","5","8","Missed Shot","Driving Layup Shot","2PT Field Goal","In The Paint (Non-RA)","Center(C)","Less Than 8 ft.","6","53","30","1","0","20260421","BOS","PHI"
"Shot Chart Detail","0042500112","418","1630202","Payton Pritchard","1610612738","Boston Celtics","3","5","4","Made Shot","Cutting Layup Shot","2PT Field Goal","Restricted Area","Center(C)","Less Than 8 ft.","2","-23","4","1","1","20260421","BOS","PHI"
"Shot Chart Detail","0042500112","420","1626162","Kelly Oubre Jr.","1610612755","Philadelphia 76ers","3","4","48","Missed Shot","Jump Shot","3PT Field Goal","Right Corner 3","Right Side(R)","24+ ft.","22","223","36","1","0","20260421","BOS","PHI"
"Shot Chart Detail","0042500112","422","1628369","Jayson Tatum","1610612738","Boston Celtics","3","4","37","Missed Shot","Driving Floating Jump Shot","2PT Field Goal","Mid-Range","Center(C)","8-16 ft.","15","4","155","1","0","20260421","BOS","PHI"
"Shot Chart Detail","0042500112","424","1626162","Kelly Oubre Jr.","1610612755","Philadelphia 76ers","3","4","32","Missed Shot","Running Jump Shot","3PT Field Goal","Left Corner 3","Left Side(L)","24+ ft.","24","-235","67","1","0","20260421","BOS","PHI"
"Shot Chart Detail","0042500112","426","202331","Paul George","1610612755","Philadelphia 76ers","3","4","28","Missed Shot","Jump Shot","3PT Field Goal","Above the Break 3","Right Side Center(RC)","24+ ft.","25","158","199","1","0","20260421","BOS","PHI"
"Shot Chart Detail","0042500112","429","1628369","Jayson Tatum","1610612738","Boston Celtics","3","4","8","Missed Shot","Jump Shot","3PT Field Goal","Above the Break 3","Left Side Center(LC)","24+ ft.","24","-87","229","1","0","20260421","BOS","PHI"
"Shot Chart Detail","0042500112","445","1630202","Payton Pritchard","1610612738","Boston Celtics","3","3","8","Missed Shot","Jump Shot","2PT Field Goal","Mid-Range","Right Side Center(RC)","16-24 ft.","20","83","182","1","0","20260421","BOS","PHI"
"Shot Chart Detail","0042500112","452","1642845","VJ Edgecombe","1610612755","Philadelphia 76ers","3","2","57","Made Shot","Pullup Jump shot","3PT Field Goal","Above the Break 3","Left Side Center(LC)","24+ ft.","27","-113","246","1","1","20260421","BOS","PHI"
"Shot Chart Detail","0042500112","453","202696","Nikola Vučević","1610612738","Boston Celtics","3","2","38","Missed Shot","Jump Shot","3PT Field Goal","Above the Break 3","Center(C)","24+ ft.","27","54","267","1","0","20260421","BOS","PHI"
"Shot Chart Detail","0042500112","455","1641737","Adem Bona","1610612755","Philadelphia 76ers","3","2","24","Missed Shot","Cutting Layup Shot","2PT Field Goal","Restricted Area","Center(C)","Less Than 8 ft.","3","36","12","1","0","20260421","BOS","PHI"
"Shot Chart Detail","0042500112","458","1627759","Jaylen Brown","1610612738","Boston Celtics","3","2","13","Missed Shot","Driving Layup Shot","2PT Field Goal","In The Paint (Non-RA)","Center(C)","Less Than 8 ft.","4","29","35","1","0","20260421","BOS","PHI"
"Shot Chart Detail","0042500112","466","1642845","VJ Edgecombe","1610612755","Philadelphia 76ers","3","2","0","Made Shot","Pullup Jump shot","2PT Field Goal","In The Paint (Non-RA)","Center(C)","Less Than 8 ft.","7","-53","52","1","1","20260421","BOS","PHI"
"Shot Chart Detail","0042500112","468","1627759","Jaylen Brown","1610612738","Boston Celtics","3","1","37","Made Shot","Jump Shot","3PT Field Goal","Above the Break 3","Right Side Center(RC)","24+ ft.","25","206","145","1","1","20260421","BOS","PHI"
"Shot Chart Detail","0042500112","470","1642845","VJ Edgecombe","1610612755","Philadelphia 76ers","3","1","18","Made Shot","Fadeaway Jump Shot","2PT Field Goal","Mid-Range","Left Side(L)","8-16 ft.","15","-142","64","1","1","20260421","BOS","PHI"
"Shot Chart Detail","0042500112","471","1627759","Jaylen Brown","1610612738","Boston Celtics","3","0","54","Missed Shot","Pullup Jump shot","3PT Field Goal","Above the Break 3","Right Side Center(RC)","24+ ft.","27","113","250","1","0","20260421","BOS","PHI"
"Shot Chart Detail","0042500112","473","202696","Nikola Vučević","1610612738","Boston Celtics","3","0","41","Missed Shot","Turnaround Hook Shot","2PT Field Goal","In The Paint (Non-RA)","Center(C)","Less Than 8 ft.","5","2","50","1","0","20260421","BOS","PHI"
"Shot Chart Detail","0042500112","475","1641775","Jordan Walsh","1610612738","Boston Celtics","3","0","40","Missed Shot","Tip Layup Shot","2PT Field Goal","Restricted Area","Center(C)","Less Than 8 ft.","0","0","0","1","0","20260421","BOS","PHI"
"Shot Chart Detail","0042500112","477","1629656","Quentin Grimes","1610612755","Philadelphia 76ers","3","0","33","Missed Shot","Running Jump Shot","3PT Field Goal","Above the Break 3","Center(C)","24+ ft.","27","5","277","1","0","20260421","BOS","PHI"
"Shot Chart Detail","0042500112","479","1630202","Payton Pritchard","1610612738","Boston Celtics","3","0","13","Missed Shot","Jump Shot","3PT Field Goal","Above the Break 3","Left Side Center(LC)","24+ ft.","25","-137","216","1","0","20260421","BOS","PHI"
"Shot Chart Detail","0042500112","481","1642845","VJ Edgecombe","1610612755","Philadelphia 76ers","3","0","2","Missed Shot","Pullup Jump shot","3PT Field Goal","Above the Break 3","Center(C)","24+ ft.","24","-75","237","1","0","20260421","BOS","PHI"
"Shot Chart Detail","0042500112","497","1628401","Derrick White","1610612738","Boston Celtics","4","11","47","Made Shot","Jump Shot","3PT Field Goal","Above the Break 3","Left Side Center(LC)","24+ ft.","24","-161","185","1","1","20260421","BOS","PHI"
"Shot Chart Detail","0042500112","499","1642348","Justin Edwards","1610612755","Philadelphia 76ers","4","11","30","Missed Shot","Driving Layup Shot","2PT Field Goal","In The Paint (Non-RA)","Center(C)","Less Than 8 ft.","7","-53","54","1","0","20260421","BOS","PHI"
"Shot Chart Detail","0042500112","501","1630573","Sam Hauser","1610612738","Boston Celtics","4","11","23","Missed Shot","Running Jump Shot","3PT Field Goal","Above the Break 3","Right Side Center(RC)","24+ ft.","28","127","255","1","0","20260421","BOS","PHI"
"Shot Chart Detail","0042500112","503","1630202","Payton Pritchard","1610612738","Boston Celtics","4","11","6","Made Shot","Step Back Jump shot","2PT Field Goal","In The Paint (Non-RA)","Center(C)","8-16 ft.","11","38","104","1","1","20260421","BOS","PHI"
"Shot Chart Detail","0042500112","504","202331","Paul George","1610612755","Philadelphia 76ers","4","10","47","Made Shot","Step Back Jump shot","2PT Field Goal","Mid-Range","Right Side(R)","16-24 ft.","20","172","111","1","1","20260421","BOS","PHI"
"Shot Chart Detail","0042500112","505","1628401","Derrick White","1610612738","Boston Celtics","4","10","24","Missed Shot","Jump Shot","3PT Field Goal","Above the Break 3","Right Side Center(RC)","24+ ft.","29","91","277","1","0","20260421","BOS","PHI"
"Shot Chart Detail","0042500112","510","1642348","Justin Edwards","1610612755","Philadelphia 76ers","4","9","53","Made Shot","Jump Shot","3PT Field Goal","Above the Break 3","Right Side Center(RC)","24+ ft.","24","195","152","1","1","20260421","BOS","PHI"
"Shot Chart Detail","0042500112","512","1629674","Neemias Queta","1610612738","Boston Celtics","4","9","32","Made Shot","Cutting Layup Shot","2PT Field Goal","In The Paint (Non-RA)","Center(C)","Less Than 8 ft.","4","42","19","1","1","20260421","BOS","PHI"
"Shot Chart Detail","0042500112","522","1627759","Jaylen Brown","1610612738","Boston Celtics","4","8","52","Missed Shot","Jump Shot","3PT Field Goal","Above the Break 3","Right Side Center(RC)","24+ ft.","25","96","241","1","0","20260421","BOS","PHI"
"Shot Chart Detail","0042500112","524","202331","Paul George","1610612755","Philadelphia 76ers","4","8","29","Missed Shot","Turnaround Jump Shot","2PT Field Goal","Mid-Range","Center(C)","8-16 ft.","15","-47","149","1","0","20260421","BOS","PHI"
"Shot Chart Detail","0042500112","529","1641737","Adem Bona","1610612755","Philadelphia 76ers","4","8","14","Missed Shot","Running Layup Shot","2PT Field Goal","Restricted Area","Center(C)","Less Than 8 ft.","2","-16","12","1","0","20260421","BOS","PHI"
"Shot Chart Detail","0042500112","531","1628401","Derrick White","1610612738","Boston Celtics","4","8","4","Missed Shot","Jump Shot","3PT Field Goal","Above the Break 3","Left Side Center(LC)","24+ ft.","24","-82","231","1","0","20260421","BOS","PHI"
"Shot Chart Detail","0042500112","536","1627759","Jaylen Brown","1610612738","Boston Celtics","4","7","49","Missed Shot","Pullup Jump shot","2PT Field Goal","Mid-Range","Right Side Center(RC)","16-24 ft.","16","88","143","1","0","20260421","BOS","PHI"
"Shot Chart Detail","0042500112","539","1630178","Tyrese Maxey","1610612755","Philadelphia 76ers","4","7","42","Missed Shot","Running Layup Shot","2PT Field Goal","In The Paint (Non-RA)","Left Side(L)","8-16 ft.","8","-59","59","1","0","20260421","BOS","PHI"
"Shot Chart Detail","0042500112","541","1628369","Jayson Tatum","1610612738","Boston Celtics","4","7","37","Missed Shot","Running Pull-Up Jump Shot","3PT Field Goal","Above the Break 3","Center(C)","24+ ft.","25","44","255","1","0","20260421","BOS","PHI"
"Shot Chart Detail","0042500112","546","1642348","Justin Edwards","1610612755","Philadelphia 76ers","4","7","18","Missed Shot","Jump Shot","3PT Field Goal","Above the Break 3","Right Side Center(RC)","24+ ft.","26","119","238","1","0","20260421","BOS","PHI"
"Shot Chart Detail","0042500112","548","1627759","Jaylen Brown","1610612738","Boston Celtics","4","7","7","Missed Shot","Pullup Jump shot","2PT Field Goal","Mid-Range","Right Side Center(RC)","16-24 ft.","16","78","150","1","0","20260421","BOS","PHI"
"Shot Chart Detail","0042500112","551","1628369","Jayson Tatum","1610612738","Boston Celtics","4","6","57","Made Shot","Jump Shot","3PT Field Goal","Above the Break 3","Left Side Center(LC)","24+ ft.","24","-222","105","1","1","20260421","BOS","PHI"
"Shot Chart Detail","0042500112","552","1642845","VJ Edgecombe","1610612755","Philadelphia 76ers","4","6","40","Missed Shot","Pullup Jump shot","3PT Field Goal","Above the Break 3","Left Side Center(LC)","24+ ft.","26","-85","251","1","0","20260421","BOS","PHI"
"Shot Chart Detail","0042500112","554","1627759","Jaylen Brown","1610612738","Boston Celtics","4","6","25","Made Shot","Pullup Jump shot","2PT Field Goal","Mid-Range","Left Side Center(LC)","16-24 ft.","18","-91","156","1","1","20260421","BOS","PHI"
"Shot Chart Detail","0042500112","555","1630178","Tyrese Maxey","1610612755","Philadelphia 76ers","4","6","6","Missed Shot","Pullup Jump shot","3PT Field Goal","Above the Break 3","Right Side Center(RC)","24+ ft.","25","89","242","1","0","20260421","BOS","PHI"
"Shot Chart Detail","0042500112","557","1628369","Jayson Tatum","1610612738","Boston Celtics","4","5","54","Missed Shot","Jump Shot","3PT Field Goal","Above the Break 3","Left Side Center(LC)","24+ ft.","25","-167","188","1","0","20260421","BOS","PHI"
"Shot Chart Detail","0042500112","566","1630178","Tyrese Maxey","1610612755","Philadelphia 76ers","4","5","39","Made Shot","Pullup Jump shot","3PT Field Goal","Above the Break 3","Right Side Center(RC)","24+ ft.","26","91","253","1","1","20260421","BOS","PHI"
"Shot Chart Detail","0042500112","567","1628401","Derrick White","1610612738","Boston Celtics","4","5","17","Missed Shot","Jump Shot","3PT Field Goal","Left Corner 3","Left Side(L)","24+ ft.","22","-222","27","1","0","20260421","BOS","PHI"
"Shot Chart Detail","0042500112","569","1630178","Tyrese Maxey","1610612755","Philadelphia 76ers","4","5","6","Made Shot","Pullup Jump shot","3PT Field Goal","Above the Break 3","Center(C)","24+ ft.","25","22","252","1","1","20260421","BOS","PHI"
"Shot Chart Detail","0042500112","573","1630178","Tyrese Maxey","1610612755","Philadelphia 76ers","4","4","37","Missed Shot","Driving Finger Roll Layup Shot","2PT Field Goal","Restricted Area","Center(C)","Less Than 8 ft.","3","37","10","1","0","20260421","BOS","PHI"
"Shot Chart Detail","0042500112","575","203083","Andre Drummond","1610612755","Philadelphia 76ers","4","4","36","Made Shot","Tip Layup Shot","2PT Field Goal","Restricted Area","Center(C)","Less Than 8 ft.","0","0","0","1","1","20260421","BOS","PHI"
"Shot Chart Detail","0042500112","579","1626162","Kelly Oubre Jr.","1610612755","Philadelphia 76ers","4","4","7","Made Shot","Jump Shot","3PT Field Goal","Left Corner 3","Left Side(L)","24+ ft.","24","-232","76","1","1","20260421","BOS","PHI"
"Shot Chart Detail","0042500112","586","1627759","Jaylen Brown","1610612738","Boston Celtics","4","3","40","Made Shot","Step Back Jump shot","3PT Field Goal","Above the Break 3","Left Side Center(LC)","24+ ft.","24","-152","192","1","1","20260421","BOS","PHI"
"Shot Chart Detail","0042500112","587","1642845","VJ Edgecombe","1610612755","Philadelphia 76ers","4","3","13","Made Shot","Step Back Jump shot","3PT Field Goal","Above the Break 3","Right Side Center(RC)","24+ ft.","26","97","247","1","1","20260421","BOS","PHI"
"Shot Chart Detail","0042500112","588","202696","Nikola Vučević","1610612738","Boston Celtics","4","3","0","Missed Shot","Jump Shot","3PT Field Goal","Right Corner 3","Right Side(R)","24+ ft.","22","229","9","1","0","20260421","BOS","PHI"
"Shot Chart Detail","0042500112","590","1630178","Tyrese Maxey","1610612755","Philadelphia 76ers","4","2","42","Made Shot","Driving Reverse Layup Shot","2PT Field Goal","Restricted Area","Center(C)","Less Than 8 ft.","2","23","12","1","1","20260421","BOS","PHI"
"Shot Chart Detail","0042500112","594","202696","Nikola Vučević","1610612738","Boston Celtics","4","2","34","Missed Shot","Jump Shot","3PT Field Goal","Above the Break 3","Center(C)","24+ ft.","29","-4","295","1","0","20260421","BOS","PHI"
"Shot Chart Detail","0042500112","596","1630178","Tyrese Maxey","1610612755","Philadelphia 76ers","4","2","15","Missed Shot","Driving Floating Jump Shot","2PT Field Goal","Mid-Range","Center(C)","8-16 ft.","15","-50","146","1","0","20260421","BOS","PHI"
"Shot Chart Detail","0042500112","598","1630178","Tyrese Maxey","1610612755","Philadelphia 76ers","4","2","14","Missed Shot","Tip Layup Shot","2PT Field Goal","Restricted Area","Center(C)","Less Than 8 ft.","0","0","0","1","0","20260421","BOS","PHI"
"Shot Chart Detail","0042500112","600","1627759","Jaylen Brown","1610612738","Boston Celtics","4","2","4","Made Shot","Step Back Jump shot","3PT Field Goal","Above the Break 3","Center(C)","24+ ft.","29","-86","279","1","1","20260421","BOS","PHI"
"Shot Chart Detail","0042500112","617","1630568","Luka Garza","1610612738","Boston Celtics","4","1","32","Missed Shot","Jump Shot","3PT Field Goal","Right Corner 3","Right Side(R)","24+ ft.","23","227","59","1","0","20260421","BOS","PHI"
"Shot Chart Detail","0042500112","619","1630178","Tyrese Maxey","1610612755","Philadelphia 76ers","4","1","9","Made Shot","Step Back Jump shot","3PT Field Goal","Above the Break 3","Center(C)","24+ ft.","27","26","269","1","1","20260421","BOS","PHI"
"Shot Chart Detail","0042500112","620","1631199","Ron Harper Jr.","1610612738","Boston Celtics","4","1","1","Missed Shot","Pullup Jump shot","3PT Field Goal","Above the Break 3","Right Side Center(RC)","24+ ft.","26","124","234","1","0","20260421","BOS","PHI"
"Shot Chart Detail","0042500112","622","1642917","Max Shulga","1610612738","Boston Celtics","4","0","43","Missed Shot","Jump Shot","3PT Field Goal","Above the Break 3","Right Side Center(RC)","24+ ft.","25","190","167","1","0","20260421","BOS","PHI"
"Shot Chart Detail","0042500112","624","1630568","Luka Garza","1610612738","Boston Celtics","4","0","35","Made Shot","Driving Reverse Layup Shot","2PT Field Goal","Restricted Area","Center(C)","Less Than 8 ft.","2","-25","6","1","1","20260421","BOS","PHI"
"Shot Chart Detail","0042500121","7","1628969","Mikal Bridges","1610612752","New York Knicks","1","11","41","Missed Shot","Jump Shot","3PT Field Goal","Above the Break 3","Left Side Center(LC)","24+ ft.","25","-156","201","1","0","20260418","NYK","ATL"
"Shot Chart Detail","0042500121","9","1630552","Jalen Johnson","1610612737","Atlanta Hawks","1","11","23","Missed Shot","Driving Floating Jump Shot","2PT Field Goal","Mid-Range","Right Side(R)","8-16 ft.","8","86","25","1","0","20260418","NYK","ATL"
"Shot Chart Detail","0042500121","11","1628969","Mikal Bridges","1610612752","New York Knicks","1","11","9","Made Shot","Fadeaway Jump Shot","2PT Field Goal","In The Paint (Non-RA)","Center(C)","8-16 ft.","11","-11","110","1","1","20260418","NYK","ATL"
"Shot Chart Detail","0042500121","12","1630552","Jalen Johnson","1610612737","Atlanta Hawks","1","10","56","Made Shot","Cutting Dunk Shot","2PT Field Goal","Restricted Area","Center(C)","Less Than 8 ft.","1","-9","-6","1","1","20260418","NYK","ATL"
"Shot Chart Detail","0042500121","14","1628973","Jalen Brunson","1610612752","New York Knicks","1","10","31","Made Shot","Cutting Finger Roll Layup Shot","2PT Field Goal","Restricted Area","Center(C)","Less Than 8 ft.","2","-10","26","1","1","20260418","NYK","ATL"
"Shot Chart Detail","0042500121","16","1630700","Dyson Daniels","1610612737","Atlanta Hawks","1","10","13","Made Shot","Driving Reverse Layup Shot","2PT Field Goal","Restricted Area","Center(C)","Less Than 8 ft.","1","17","9","1","1","20260418","NYK","ATL"
"Shot Chart Detail","0042500121","17","1628973","Jalen Brunson","1610612752","New York Knicks","1","10","0","Made Shot","Jump Shot","3PT Field Goal","Above the Break 3","Right Side Center(RC)","24+ ft.","25","195","167","1","1","20260418","NYK","ATL"
"Shot Chart Detail","0042500121","19","1629638","Nickeil Alexander-Walker","1610612737","Atlanta Hawks","1","9","45","Made Shot","Pullup Jump shot","2PT Field Goal","Mid-Range","Right Side Center(RC)","16-24 ft.","18","129","131","1","1","20260418","NYK","ATL"
"Shot Chart Detail","0042500121","40","1628384","OG Anunoby","1610612752","New York Knicks","1","9","27","Missed Shot","Cutting Layup Shot","2PT Field Goal","Restricted Area","Center(C)","Less Than 8 ft.","2","-2","28","1","0","20260418","NYK","ATL"
"Shot Chart Detail","0042500121","23","203468","CJ McCollum","1610612737","Atlanta Hawks","1","9","23","Made Shot","Running Jump Shot","3PT Field Goal","Left Corner 3","Left Side(L)","24+ ft.","24","-225","87","1","1","20260418","NYK","ATL"
"Shot Chart Detail","0042500121","26","1630700","Dyson Daniels","1610612737","Atlanta Hawks","1","8","52","Made Shot","Reverse Layup Shot","2PT Field Goal","Restricted Area","Center(C)","Less Than 8 ft.","2","-23","6","1","1","20260418","NYK","ATL"
"Shot Chart Detail","0042500121","28","1628973","Jalen Brunson","1610612752","New York Knicks","1","8","31","Made Shot","Fadeaway Bank shot","2PT Field Goal","In The Paint (Non-RA)","Left Side(L)","8-16 ft.","11","-71","95","1","1","20260418","NYK","ATL"
"Shot Chart Detail","0042500121","31","1628973","Jalen Brunson","1610612752","New York Knicks","1","8","5","Made Shot","Running Pull-Up Jump Shot","3PT Field Goal","Above the Break 3","Right Side Center(RC)","24+ ft.","26","138","226","1","1","20260418","NYK","ATL"
"Shot Chart Detail","0042500121","32","203468","CJ McCollum","1610612737","Atlanta Hawks","1","7","54","Made Shot","Step Back Jump shot","2PT Field Goal","Mid-Range","Left Side(L)","8-16 ft.","11","-114","31","1","1","20260418","NYK","ATL"
"Shot Chart Detail","0042500121","33","1628973","Jalen Brunson","1610612752","New York Knicks","1","7","36","Made Shot","Fadeaway Jump Shot","2PT Field Goal","Mid-Range","Right Side Center(RC)","16-24 ft.","17","129","116","1","1","20260418","NYK","ATL"
"Shot Chart Detail","0042500121","35","203468","CJ McCollum","1610612737","Atlanta Hawks","1","7","25","Missed Shot","Step Back Jump shot","3PT Field Goal","Left Corner 3","Left Side(L)","24+ ft.","23","-232","-8","1","0","20260418","NYK","ATL"
"Shot Chart Detail","0042500121","37","1628969","Mikal Bridges","1610612752","New York Knicks","1","7","12","Made Shot","Jump Shot","3PT Field Goal","Right Corner 3","Right Side(R)","24+ ft.","22","229","-1","1","1","20260418","NYK","ATL"
"Shot Chart Detail","0042500121","43","1630700","Dyson Daniels","1610612737","Atlanta Hawks","1","6","47","Missed Shot","Jump Shot","3PT Field Goal","Above the Break 3","Right Side Center(RC)","24+ ft.","26","102","240","1","0","20260418","NYK","ATL"
"Shot Chart Detail","0042500121","45","1628969","Mikal Bridges","1610612752","New York Knicks","1","6","39","Made Shot","Running Layup Shot","2PT Field Goal","Restricted Area","Center(C)","Less Than 8 ft.","2","6","23","1","1","20260418","NYK","ATL"
"Shot Chart Detail","0042500121","47","1630552","Jalen Johnson","1610612737","Atlanta Hawks","1","6","24","Made Shot","Jump Shot","3PT Field Goal","Above the Break 3","Center(C)","24+ ft.","25","11","250","1","1","20260418","NYK","ATL"
"Shot Chart Detail","0042500121","49","1628973","Jalen Brunson","1610612752","New York Knicks","1","6","7","Made Shot","Pullup Jump shot","3PT Field Goal","Above the Break 3","Left Side Center(LC)","24+ ft.","26","-147","216","1","1","20260418","NYK","ATL"
"Shot Chart Detail","0042500121","50","1629638","Nickeil Alexander-Walker","1610612737","Atlanta Hawks","1","5","56","Missed Shot","Driving Floating Jump Shot","2PT Field Goal","Mid-Range","Center(C)","8-16 ft.","14","13","147","1","0","20260418","NYK","ATL"
"Shot Chart Detail","0042500121","57","1630168","Onyeka Okongwu","1610612737","Atlanta Hawks","1","5","29","Missed Shot","Running Jump Shot","3PT Field Goal","Above the Break 3","Center(C)","24+ ft.","25","7","258","1","0","20260418","NYK","ATL"
"Shot Chart Detail","0042500121","62","1626157","Karl-Anthony Towns","1610612752","New York Knicks","1","5","6","Missed Shot","Driving Layup Shot","2PT Field Goal","Restricted Area","Center(C)","Less Than 8 ft.","3","-27","26","1","0","20260418","NYK","ATL"
"Shot Chart Detail","0042500121","65","1630552","Jalen Johnson","1610612737","Atlanta Hawks","1","4","57","Missed Shot","Turnaround Jump Shot","2PT Field Goal","In The Paint (Non-RA)","Center(C)","8-16 ft.","8","-4","83","1","0","20260418","NYK","ATL"
"Shot Chart Detail","0042500121","69","1630552","Jalen Johnson","1610612737","Atlanta Hawks","1","4","46","Made Shot","Running Pull-Up Jump Shot","3PT Field Goal","Above the Break 3","Center(C)","24+ ft.","24","15","248","1","1","20260418","NYK","ATL"
"Shot Chart Detail","0042500121","78","1630700","Dyson Daniels","1610612737","Atlanta Hawks","1","4","8","Missed Shot","Driving Floating Jump Shot","2PT Field Goal","In The Paint (Non-RA)","Center(C)","8-16 ft.","10","2","105","1","0","20260418","NYK","ATL"
"Shot Chart Detail","0042500121","80","1628973","Jalen Brunson","1610612752","New York Knicks","1","4","1","Missed Shot","Running Pull-Up Jump Shot","2PT Field Goal","Restricted Area","Center(C)","Less Than 8 ft.","3","37","7","1","0","20260418","NYK","ATL"
"Shot Chart Detail","0042500121","94","1628973","Jalen Brunson","1610612752","New York Knicks","1","3","27","Missed Shot","Turnaround Fadeaway shot","2PT Field Goal","In The Paint (Non-RA)","Center(C)","8-16 ft.","11","-34","115","1","0","20260418","NYK","ATL"
"Shot Chart Detail","0042500121","96","1630168","Onyeka Okongwu","1610612737","Atlanta Hawks","1","3","13","Made Shot","Driving Layup Shot","2PT Field Goal","Restricted Area","Center(C)","Less Than 8 ft.","1","11","8","1","1","20260418","NYK","ATL"
"Shot Chart Detail","0042500121","98","1630540","Miles McBride","1610612752","New York Knicks","1","2","51","Missed Shot","Pullup Jump shot","3PT Field Goal","Above the Break 3","Left Side Center(LC)","24+ ft.","26","-173","205","1","0","20260418","NYK","ATL"
"Shot Chart Detail","0042500121","100","1630228","Jonathan Kuminga","1610612737","Atlanta Hawks","1","2","37","Missed Shot","Pullup Jump shot","2PT Field Goal","In The Paint (Non-RA)","Center(C)","Less Than 8 ft.","7","-75","25","1","0","20260418","NYK","ATL"
"Shot Chart Detail","0042500121","110","1642258","Zaccharie Risacher","1610612737","Atlanta Hawks","1","2","13","Missed Shot","Turnaround Fadeaway shot","2PT Field Goal","In The Paint (Non-RA)","Center(C)","8-16 ft.","12","-20","126","1","0","20260418","NYK","ATL"
"Shot Chart Detail","0042500121","112","1628384","OG Anunoby","1610612752","New York Knicks","1","1","59","Made Shot","Pullup Jump shot","2PT Field Goal","In The Paint (Non-RA)","Center(C)","Less Than 8 ft.","6","-44","49","1","1","20260418","NYK","ATL"
"Shot Chart Detail","0042500121","114","1642258","Zaccharie Risacher","1610612737","Atlanta Hawks","1","1","39","Missed Shot","Fadeaway Bank shot","2PT Field Goal","Restricted Area","Center(C)","Less Than 8 ft.","2","-21","20","1","0","20260418","NYK","ATL"
"Shot Chart Detail","0042500121","116","1642258","Zaccharie Risacher","1610612737","Atlanta Hawks","1","1","36","Missed Shot","Putback Layup Shot","2PT Field Goal","Restricted Area","Center(C)","Less Than 8 ft.","1","-5","11","1","0","20260418","NYK","ATL"
"Shot Chart Detail","0042500121","118","1628973","Jalen Brunson","1610612752","New York Knicks","1","1","24","Made Shot","Driving Finger Roll Layup Shot","2PT Field Goal","Restricted Area","Center(C)","Less Than 8 ft.","1","-18","4","1","1","20260418","NYK","ATL"
"Shot Chart Detail","0042500121","119","1630228","Jonathan Kuminga","1610612737","Atlanta Hawks","1","1","13","Missed Shot","Pullup Jump shot","3PT Field Goal","Above the Break 3","Center(C)","24+ ft.","25","-15","255","1","0","20260418","NYK","ATL"
"Shot Chart Detail","0042500121","121","1629638","Nickeil Alexander-Walker","1610612737","Atlanta Hawks","1","1","7","Missed Shot","Jump Shot","3PT Field Goal","Left Corner 3","Left Side(L)","24+ ft.","22","-227","-23","1","0","20260418","NYK","ATL"
"Shot Chart Detail","0042500121","123","1630540","Miles McBride","1610612752","New York Knicks","1","0","59","Missed Shot","Running Pull-Up Jump Shot","3PT Field Goal","Above the Break 3","Right Side Center(RC)","24+ ft.","24","172","180","1","0","20260418","NYK","ATL"
"Shot Chart Detail","0042500121","132","1628973","Jalen Brunson","1610612752","New York Knicks","1","0","29","Missed Shot","Pullup Jump shot","2PT Field Goal","In The Paint (Non-RA)","Center(C)","8-16 ft.","11","51","107","1","0","20260418","NYK","ATL"
"Shot Chart Detail","0042500121","134","1630228","Jonathan Kuminga","1610612737","Atlanta Hawks","1","0","15","Missed Shot","Driving Floating Bank Jump Shot","2PT Field Goal","In The Paint (Non-RA)","Center(C)","Less Than 8 ft.","6","-60","31","1","0","20260418","NYK","ATL"
"Shot Chart Detail","0042500121","136","1628973","Jalen Brunson","1610612752","New York Knicks","1","0","1","Made Shot","Driving Floating Jump Shot","2PT Field Goal","In The Paint (Non-RA)","Center(C)","Less Than 8 ft.","5","20","53","1","1","20260418","NYK","ATL"
"Shot Chart Detail","0042500121","149","1629638","Nickeil Alexander-Walker","1610612737","Atlanta Hawks","2","11","45","Missed Shot","Jump Shot","3PT Field Goal","Above the Break 3","Center(C)","24+ ft.","25","-33","257","1","0","20260418","NYK","ATL"
"Shot Chart Detail","0042500121","151","1628384","OG Anunoby","1610612752","New York Knicks","2","11","19","Missed Shot","Jump Shot","3PT Field Goal","Above the Break 3","Right Side Center(RC)","24+ ft.","26","158","207","1","0","20260418","NYK","ATL"
"Shot Chart Detail","0042500121","153","1629013","Landry Shamet","1610612752","New York Knicks","2","11","12","Made Shot","Jump Shot","3PT Field Goal","Above the Break 3","Right Side Center(RC)","24+ ft.","25","143","212","1","1","20260418","NYK","ATL"
"Shot Chart Detail","0042500121","155","1629638","Nickeil Alexander-Walker","1610612737","Atlanta Hawks","2","11","2","Missed Shot","Driving Layup Shot","2PT Field Goal","In The Paint (Non-RA)","Center(C)","Less Than 8 ft.","4","-31","27","1","0","20260418","NYK","ATL"
"Shot Chart Detail","0042500121","158","1628384","OG Anunoby","1610612752","New York Knicks","2","10","56","Missed Shot","Running Layup Shot","2PT Field Goal","Restricted Area","Center(C)","Less Than 8 ft.","2","-21","5","1","0","20260418","NYK","ATL"
"Shot Chart Detail","0042500121","160","203903","Jordan Clarkson","1610612752","New York Knicks","2","10","53","Made Shot","Tip Dunk Shot","2PT Field Goal","Restricted Area","Center(C)","Less Than 8 ft.","0","0","0","1","1","20260418","NYK","ATL"
"Shot Chart Detail","0042500121","161","203468","CJ McCollum","1610612737","Atlanta Hawks","2","10","47","Made Shot","Jump Shot","3PT Field Goal","Above the Break 3","Center(C)","24+ ft.","27","69","269","1","1","20260418","NYK","ATL"
"Shot Chart Detail","0042500121","164","1629013","Landry Shamet","1610612752","New York Knicks","2","10","21","Missed Shot","Pullup Jump shot","3PT Field Goal","Above the Break 3","Left Side Center(LC)","24+ ft.","25","-157","207","1","0","20260418","NYK","ATL"
"Shot Chart Detail","0042500121","166","203468","CJ McCollum","1610612737","Atlanta Hawks","2","10","1","Missed Shot","Driving Floating Jump Shot","2PT Field Goal","In The Paint (Non-RA)","Center(C)","Less Than 8 ft.","7","-16","69","1","0","20260418","NYK","ATL"
"Shot Chart Detail","0042500121","169","1628384","OG Anunoby","1610612752","New York Knicks","2","9","37","Made Shot","Step Back Jump shot","3PT Field Goal","Left Corner 3","Left Side(L)","24+ ft.","25","-237","84","1","1","20260418","NYK","ATL"
"Shot Chart Detail","0042500121","180","1630168","Onyeka Okongwu","1610612737","Atlanta Hawks","2","9","5","Made Shot","Jump Shot","3PT Field Goal","Above the Break 3","Center(C)","24+ ft.","25","-28","253","1","1","20260418","NYK","ATL"
"Shot Chart Detail","0042500121","186","203903","Jordan Clarkson","1610612752","New York Knicks","2","8","45","Made Shot","Driving Finger Roll Layup Shot","2PT Field Goal","Restricted Area","Center(C)","Less Than 8 ft.","0","-4","0","1","1","20260418","NYK","ATL"
"Shot Chart Detail","0042500121","188","203468","CJ McCollum","1610612737","Atlanta Hawks","2","8","21","Made Shot","Reverse Layup Shot","2PT Field Goal","Restricted Area","Center(C)","Less Than 8 ft.","0","9","4","1","1","20260418","NYK","ATL"
"Shot Chart Detail","0042500121","189","1629013","Landry Shamet","1610612752","New York Knicks","2","8","0","Missed Shot","Driving Floating Bank Jump Shot","2PT Field Goal","Restricted Area","Center(C)","Less Than 8 ft.","2","13","16","1","0","20260418","NYK","ATL"
"Shot Chart Detail","0042500121","193","1630168","Onyeka Okongwu","1610612737","Atlanta Hawks","2","7","48","Made Shot","Cutting Dunk Shot","2PT Field Goal","Restricted Area","Center(C)","Less Than 8 ft.","0","6","3","1","1","20260418","NYK","ATL"
"Shot Chart Detail","0042500121","195","1628404","Josh Hart","1610612752","New York Knicks","2","7","31","Made Shot","Pullup Jump shot","2PT Field Goal","In The Paint (Non-RA)","Center(C)","8-16 ft.","13","-9","137","1","1","20260418","NYK","ATL"
"Shot Chart Detail","0042500121","208","1631243","Mouhamed Gueye","1610612737","Atlanta Hawks","2","7","7","Missed Shot","Jump Shot","3PT Field Goal","Above the Break 3","Right Side Center(RC)","24+ ft.","25","132","220","1","0","20260418","NYK","ATL"
"Shot Chart Detail","0042500121","210","1628404","Josh Hart","1610612752","New York Knicks","2","6","58","Missed Shot","Driving Layup Shot","2PT Field Goal","Restricted Area","Center(C)","Less Than 8 ft.","0","5","0","1","0","20260418","NYK","ATL"
"Shot Chart Detail","0042500121","212","1630228","Jonathan Kuminga","1610612737","Atlanta Hawks","2","6","53","Made Shot","Running Layup Shot","2PT Field Goal","Restricted Area","Center(C)","Less Than 8 ft.","0","-4","-2","1","1","20260418","NYK","ATL"
"Shot Chart Detail","0042500121","214","1630540","Miles McBride","1610612752","New York Knicks","2","6","29","Missed Shot","Driving Hook Shot","2PT Field Goal","In The Paint (Non-RA)","Center(C)","Less Than 8 ft.","4","-4","41","1","0","20260418","NYK","ATL"
"Shot Chart Detail","0042500121","218","1629638","Nickeil Alexander-Walker","1610612737","Atlanta Hawks","2","6","19","Made Shot","Jump Shot","3PT Field Goal","Above the Break 3","Center(C)","24+ ft.","25","13","251","1","1","20260418","NYK","ATL"
"Shot Chart Detail","0042500121","220","1628404","Josh Hart","1610612752","New York Knicks","2","5","49","Made Shot","Driving Layup Shot","2PT Field Goal","Restricted Area","Center(C)","Less Than 8 ft.","2","-17","17","1","1","20260418","NYK","ATL"
"Shot Chart Detail","0042500121","221","1630552","Jalen Johnson","1610612737","Atlanta Hawks","2","5","35","Missed Shot","Pullup Jump shot","2PT Field Goal","In The Paint (Non-RA)","Center(C)","Less Than 8 ft.","7","9","71","1","0","20260418","NYK","ATL"
"Shot Chart Detail","0042500121","228","1626157","Karl-Anthony Towns","1610612752","New York Knicks","2","5","15","Missed Shot","Turnaround Jump Shot","2PT Field Goal","In The Paint (Non-RA)","Center(C)","Less Than 8 ft.","6","-10","62","1","0","20260418","NYK","ATL"
"Shot Chart Detail","0042500121","230","203468","CJ McCollum","1610612737","Atlanta Hawks","2","5","5","Made Shot","Pullup Jump shot","3PT Field Goal","Above the Break 3","Center(C)","24+ ft.","24","-21","243","1","1","20260418","NYK","ATL"
"Shot Chart Detail","0042500121","236","203468","CJ McCollum","1610612737","Atlanta Hawks","2","4","36","Missed Shot","Driving Floating Jump Shot","2PT Field Goal","In The Paint (Non-RA)","Center(C)","8-16 ft.","10","13","101","1","0","20260418","NYK","ATL"
"Shot Chart Detail","0042500121","238","1631243","Mouhamed Gueye","1610612737","Atlanta Hawks","2","4","34","Made Shot","Tip Layup Shot","2PT Field Goal","Restricted Area","Center(C)","Less Than 8 ft.","0","0","0","1","1","20260418","NYK","ATL"
"Shot Chart Detail","0042500121","239","1626157","Karl-Anthony Towns","1610612752","New York Knicks","2","4","15","Missed Shot","Driving Layup Shot","2PT Field Goal","In The Paint (Non-RA)","Center(C)","Less Than 8 ft.","5","-42","31","1","0","20260418","NYK","ATL"
"Shot Chart Detail","0042500121","241","1630700","Dyson Daniels","1610612737","Atlanta Hawks","2","4","2","Missed Shot","Driving Hook Shot","2PT Field Goal","In The Paint (Non-RA)","Center(C)","Less Than 8 ft.","6","53","45","1","0","20260418","NYK","ATL"
"Shot Chart Detail","0042500121","245","203468","CJ McCollum","1610612737","Atlanta Hawks","2","3","43","Made Shot","Driving Floating Jump Shot","2PT Field Goal","In The Paint (Non-RA)","Center(C)","8-16 ft.","9","15","98","1","1","20260418","NYK","ATL"
"Shot Chart Detail","0042500121","247","1628384","OG Anunoby","1610612752","New York Knicks","2","3","28","Made Shot","Cutting Dunk Shot","2PT Field Goal","Restricted Area","Center(C)","Less Than 8 ft.","1","-5","13","1","1","20260418","NYK","ATL"
"Shot Chart Detail","0042500121","249","1630552","Jalen Johnson","1610612737","Atlanta Hawks","2","3","19","Missed Shot","Jump Shot","3PT Field Goal","Above the Break 3","Center(C)","24+ ft.","25","-55","253","1","0","20260418","NYK","ATL"
"Shot Chart Detail","0042500121","251","1626157","Karl-Anthony Towns","1610612752","New York Knicks","2","2","53","Made Shot","Driving Dunk Shot","2PT Field Goal","Restricted Area","Center(C)","Less Than 8 ft.","0","-9","-3","1","1","20260418","NYK","ATL"
"Shot Chart Detail","0042500121","263","1628973","Jalen Brunson","1610612752","New York Knicks","2","2","26","Made Shot","Jump Shot","2PT Field Goal","Mid-Range","Left Side(L)","16-24 ft.","17","-163","68","1","1","20260418","NYK","ATL"
"Shot Chart Detail","0042500121","266","1628973","Jalen Brunson","1610612752","New York Knicks","2","2","8","Missed Shot","Running Jump Shot","3PT Field Goal","Above the Break 3","Right Side Center(RC)","24+ ft.","24","206","139","1","0","20260418","NYK","ATL"
"Shot Chart Detail","0042500121","269","1630552","Jalen Johnson","1610612737","Atlanta Hawks","2","1","52","Missed Shot","Turnaround Fadeaway shot","2PT Field Goal","In The Paint (Non-RA)","Center(C)","8-16 ft.","13","50","130","1","0","20260418","NYK","ATL"
"Shot Chart Detail","0042500121","276","203468","CJ McCollum","1610612737","Atlanta Hawks","2","1","33","Made Shot","Driving Floating Jump Shot","2PT Field Goal","In The Paint (Non-RA)","Center(C)","8-16 ft.","10","6","105","1","1","20260418","NYK","ATL"
"Shot Chart Detail","0042500121","277","1626157","Karl-Anthony Towns","1610612752","New York Knicks","2","1","21","Missed Shot","Jump Shot","3PT Field Goal","Above the Break 3","Center(C)","24+ ft.","27","2","270","1","0","20260418","NYK","ATL"
"Shot Chart Detail","0042500121","283","1629638","Nickeil Alexander-Walker","1610612737","Atlanta Hawks","2","0","58","Missed Shot","Running Layup Shot","2PT Field Goal","Restricted Area","Center(C)","Less Than 8 ft.","2","-17","15","1","0","20260418","NYK","ATL"
"Shot Chart Detail","0042500121","286","1628973","Jalen Brunson","1610612752","New York Knicks","2","0","36","Missed Shot","Driving Layup Shot","2PT Field Goal","In The Paint (Non-RA)","Center(C)","Less Than 8 ft.","4","28","33","1","0","20260418","NYK","ATL"
"Shot Chart Detail","0042500121","289","1628973","Jalen Brunson","1610612752","New York Knicks","2","0","33","Missed Shot","Layup Shot","2PT Field Goal","Restricted Area","Center(C)","Less Than 8 ft.","2","16","18","1","0","20260418","NYK","ATL"
"Shot Chart Detail","0042500121","292","1628404","Josh Hart","1610612752","New York Knicks","2","0","11","Missed Shot","Turnaround Jump Shot","2PT Field Goal","In The Paint (Non-RA)","Center(C)","Less Than 8 ft.","7","-11","70","1","0","20260418","NYK","ATL"
"Shot Chart Detail","0042500121","294","1626157","Karl-Anthony Towns","1610612752","New York Knicks","2","0","8","Missed Shot","Tip Layup Shot","2PT Field Goal","Restricted Area","Center(C)","Less Than 8 ft.","0","0","0","1","0","20260418","NYK","ATL"
"Shot Chart Detail","0042500121","302","1630168","Onyeka Okongwu","1610612737","Atlanta Hawks","2","0","0","Made Shot","Jump Shot","3PT Field Goal","Above the Break 3","Right Side Center(RC)","24+ ft.","24","127","215","1","1","20260418","NYK","ATL"
"Shot Chart Detail","0042500121","313","1626157","Karl-Anthony Towns","1610612752","New York Knicks","3","11","20","Missed Shot","Driving Floating Jump Shot","2PT Field Goal","In The Paint (Non-RA)","Center(C)","Less Than 8 ft.","5","-1","51","1","0","20260418","NYK","ATL"
"Shot Chart Detail","0042500121","315","1630168","Onyeka Okongwu","1610612737","Atlanta Hawks","3","11","12","Made Shot","Jump Shot","3PT Field Goal","Above the Break 3","Center(C)","24+ ft.","27","-2","272","1","1","20260418","NYK","ATL"
"Shot Chart Detail","0042500121","317","1626157","Karl-Anthony Towns","1610612752","New York Knicks","3","10","50","Made Shot","Jump Shot","3PT Field Goal","Right Corner 3","Right Side(R)","24+ ft.","23","238","19","1","1","20260418","NYK","ATL"
"Shot Chart Detail","0042500121","319","1630700","Dyson Daniels","1610612737","Atlanta Hawks","3","10","34","Missed Shot","Driving Finger Roll Layup Shot","2PT Field Goal","Restricted Area","Center(C)","Less Than 8 ft.","2","7","23","1","0","20260418","NYK","ATL"
"Shot Chart Detail","0042500121","321","1628384","OG Anunoby","1610612752","New York Knicks","3","10","27","Made Shot","Running Jump Shot","3PT Field Goal","Right Corner 3","Right Side(R)","24+ ft.","23","239","9","1","1","20260418","NYK","ATL"
"Shot Chart Detail","0042500121","323","1630168","Onyeka Okongwu","1610612737","Atlanta Hawks","3","10","0","Missed Shot","Driving Layup Shot","2PT Field Goal","In The Paint (Non-RA)","Center(C)","Less Than 8 ft.","7","33","63","1","0","20260418","NYK","ATL"
"Shot Chart Detail","0042500121","331","203468","CJ McCollum","1610612737","Atlanta Hawks","3","9","43","Made Shot","Driving Layup Shot","2PT Field Goal","Restricted Area","Center(C)","Less Than 8 ft.","1","-11","0","1","1","20260418","NYK","ATL"
"Shot Chart Detail","0042500121","340","1628404","Josh Hart","1610612752","New York Knicks","3","8","58","Made Shot","Running Dunk Shot","2PT Field Goal","Restricted Area","Center(C)","Less Than 8 ft.","0","4","5","1","1","20260418","NYK","ATL"
"Shot Chart Detail","0042500121","342","203468","CJ McCollum","1610612737","Atlanta Hawks","3","8","42","Made Shot","Jump Shot","3PT Field Goal","Right Corner 3","Right Side(R)","24+ ft.","22","225","5","1","1","20260418","NYK","ATL"
"Shot Chart Detail","0042500121","349","1628404","Josh Hart","1610612752","New York Knicks","3","8","11","Missed Shot","Turnaround Jump Shot","2PT Field Goal","In The Paint (Non-RA)","Center(C)","Less Than 8 ft.","7","10","77","1","0","20260418","NYK","ATL"
"Shot Chart Detail","0042500121","351","1629638","Nickeil Alexander-Walker","1610612737","Atlanta Hawks","3","7","58","Missed Shot","Fadeaway Jump Shot","2PT Field Goal","Mid-Range","Left Side(L)","8-16 ft.","12","-125","12","1","0","20260418","NYK","ATL"
"Shot Chart Detail","0042500121","353","203468","CJ McCollum","1610612737","Atlanta Hawks","3","7","46","Missed Shot","Pullup Jump shot","3PT Field Goal","Above the Break 3","Right Side Center(RC)","24+ ft.","24","143","201","1","0","20260418","NYK","ATL"
"Shot Chart Detail","0042500121","359","1628973","Jalen Brunson","1610612752","New York Knicks","3","7","28","Missed Shot","Pullup Jump shot","2PT Field Goal","Mid-Range","Center(C)","16-24 ft.","20","-27","201","1","0","20260418","NYK","ATL"
"Shot Chart Detail","0042500121","361","1630552","Jalen Johnson","1610612737","Atlanta Hawks","3","7","20","Missed Shot","Running Layup Shot","2PT Field Goal","Restricted Area","Center(C)","Less Than 8 ft.","2","-22","16","1","0","20260418","NYK","ATL"
"Shot Chart Detail","0042500121","363","1629013","Landry Shamet","1610612752","New York Knicks","3","7","13","Missed Shot","Running Jump Shot","3PT Field Goal","Above the Break 3","Right Side Center(RC)","24+ ft.","24","210","129","1","0","20260418","NYK","ATL"
"Shot Chart Detail","0042500121","367","1628969","Mikal Bridges","1610612752","New York Knicks","3","6","39","Made Shot","Fadeaway Jump Shot","2PT Field Goal","Mid-Range","Right Side(R)","8-16 ft.","12","102","80","1","1","20260418","NYK","ATL"
"Shot Chart Detail","0042500121","369","1629638","Nickeil Alexander-Walker","1610612737","Atlanta Hawks","3","6","25","Missed Shot","Jump Shot","3PT Field Goal","Above the Break 3","Right Side Center(RC)","24+ ft.","28","126","259","1","0","20260418","NYK","ATL"
"Shot Chart Detail","0042500121","371","1628973","Jalen Brunson","1610612752","New York Knicks","3","6","13","Missed Shot","Driving Layup Shot","2PT Field Goal","Restricted Area","Center(C)","Less Than 8 ft.","2","-7","25","1","0","20260418","NYK","ATL"
"Shot Chart Detail","0042500121","376","1626157","Karl-Anthony Towns","1610612752","New York Knicks","3","5","46","Missed Shot","Driving Layup Shot","2PT Field Goal","Restricted Area","Center(C)","Less Than 8 ft.","1","6","13","1","0","20260418","NYK","ATL"
"Shot Chart Detail","0042500121","394","1628969","Mikal Bridges","1610612752","New York Knicks","3","5","31","Made Shot","Running Dunk Shot","2PT Field Goal","Restricted Area","Center(C)","Less Than 8 ft.","1","4","11","1","1","20260418","NYK","ATL"
"Shot Chart Detail","0042500121","395","1631243","Mouhamed Gueye","1610612737","Atlanta Hawks","3","5","20","Missed Shot","Jump Shot","3PT Field Goal","Left Corner 3","Left Side(L)","24+ ft.","23","-232","-3","1","0","20260418","NYK","ATL"
"Shot Chart Detail","0042500121","397","1630552","Jalen Johnson","1610612737","Atlanta Hawks","3","5","6","Missed Shot","Jump Shot","3PT Field Goal","Above the Break 3","Center(C)","24+ ft.","25","-38","256","1","0","20260418","NYK","ATL"
"Shot Chart Detail","0042500121","399","1630552","Jalen Johnson","1610612737","Atlanta Hawks","3","5","0","Made Shot","Driving Layup Shot","2PT Field Goal","Restricted Area","Center(C)","Less Than 8 ft.","1","1","16","1","1","20260418","NYK","ATL"
"Shot Chart Detail","0042500121","415","1630552","Jalen Johnson","1610612737","Atlanta Hawks","3","4","31","Made Shot","Pullup Jump shot","2PT Field Goal","In The Paint (Non-RA)","Center(C)","Less Than 8 ft.","6","-7","67","1","1","20260418","NYK","ATL"
"Shot Chart Detail","0042500121","417","1628973","Jalen Brunson","1610612752","New York Knicks","3","4","4","Missed Shot","Fadeaway Jump Shot","2PT Field Goal","Mid-Range","Left Side(L)","8-16 ft.","11","-108","37","1","0","20260418","NYK","ATL"
"Shot Chart Detail","0042500121","419","1630552","Jalen Johnson","1610612737","Atlanta Hawks","3","3","46","Missed Shot","Driving Layup Shot","2PT Field Goal","Restricted Area","Center(C)","Less Than 8 ft.","2","21","11","1","0","20260418","NYK","ATL"
"Shot Chart Detail","0042500121","431","1629638","Nickeil Alexander-Walker","1610612737","Atlanta Hawks","3","3","33","Made Shot","Driving Layup Shot","2PT Field Goal","Restricted Area","Center(C)","Less Than 8 ft.","2","-21","4","1","1","20260418","NYK","ATL"
"Shot Chart Detail","0042500121","441","1629638","Nickeil Alexander-Walker","1610612737","Atlanta Hawks","3","3","4","Missed Shot","Pullup Jump shot","2PT Field Goal","In The Paint (Non-RA)","Center(C)","8-16 ft.","14","-40","137","1","0","20260418","NYK","ATL"
"Shot Chart Detail","0042500121","443","1630552","Jalen Johnson","1610612737","Atlanta Hawks","3","2","59","Made Shot","Driving Dunk Shot","2PT Field Goal","Restricted Area","Center(C)","Less Than 8 ft.","0","1","8","1","1","20260418","NYK","ATL"
"Shot Chart Detail","0042500121","445","1629013","Landry Shamet","1610612752","New York Knicks","3","2","42","Missed Shot","Jump Shot","3PT Field Goal","Above the Break 3","Right Side Center(RC)","24+ ft.","25","233","94","1","0","20260418","NYK","ATL"
"Shot Chart Detail","0042500121","452","1629216","Gabe Vincent","1610612737","Atlanta Hawks","3","2","30","Missed Shot","Pullup Jump shot","3PT Field Goal","Above the Break 3","Left Side Center(LC)","24+ ft.","25","-137","211","1","0","20260418","NYK","ATL"
"Shot Chart Detail","0042500121","456","1629638","Nickeil Alexander-Walker","1610612737","Atlanta Hawks","3","2","4","Missed Shot","Driving Finger Roll Layup Shot","2PT Field Goal","Restricted Area","Center(C)","Less Than 8 ft.","2","-22","5","1","0","20260418","NYK","ATL"
"Shot Chart Detail","0042500121","459","1628404","Josh Hart","1610612752","New York Knicks","3","1","59","Made Shot","Running Layup Shot","2PT Field Goal","Restricted Area","Center(C)","Less Than 8 ft.","1","-6","8","1","1","20260418","NYK","ATL"
"Shot Chart Detail","0042500121","460","1630552","Jalen Johnson","1610612737","Atlanta Hawks","3","1","46","Made Shot","Step Back Bank Jump Shot","2PT Field Goal","Mid-Range","Left Side(L)","8-16 ft.","14","-108","95","1","1","20260418","NYK","ATL"
"Shot Chart Detail","0042500121","477","203468","CJ McCollum","1610612737","Atlanta Hawks","3","0","45","Missed Shot","Step Back Jump shot","3PT Field Goal","Above the Break 3","Left Side Center(LC)","24+ ft.","25","-197","154","1","0","20260418","NYK","ATL"
"Shot Chart Detail","0042500121","479","203468","CJ McCollum","1610612737","Atlanta Hawks","3","0","40","Missed Shot","Jump Shot","3PT Field Goal","Left Corner 3","Left Side(L)","24+ ft.","24","-233","70","1","0","20260418","NYK","ATL"
"Shot Chart Detail","0042500121","481","1628384","OG Anunoby","1610612752","New York Knicks","3","0","35","Made Shot","Running Dunk Shot","2PT Field Goal","Restricted Area","Center(C)","Less Than 8 ft.","0","1","-6","1","1","20260418","NYK","ATL"
"Shot Chart Detail","0042500121","483","1630552","Jalen Johnson","1610612737","Atlanta Hawks","3","0","23","Missed Shot","Fadeaway Jump Shot","2PT Field Goal","In The Paint (Non-RA)","Center(C)","8-16 ft.","12","-17","120","1","0","20260418","NYK","ATL"
"Shot Chart Detail","0042500121","485","1628973","Jalen Brunson","1610612752","New York Knicks","3","0","2","Missed Shot","Driving Floating Jump Shot","2PT Field Goal","In The Paint (Non-RA)","Center(C)","8-16 ft.","9","36","93","1","0","20260418","NYK","ATL"
"Shot Chart Detail","0042500121","502","1630228","Jonathan Kuminga","1610612737","Atlanta Hawks","4","11","26","Made Shot","Driving Layup Shot","2PT Field Goal","Restricted Area","Center(C)","Less Than 8 ft.","0","-7","-6","1","1","20260418","NYK","ATL"
"Shot Chart Detail","0042500121","503","1629013","Landry Shamet","1610612752","New York Knicks","4","11","13","Missed Shot","Jump Shot","3PT Field Goal","Above the Break 3","Right Side Center(RC)","24+ ft.","25","158","205","1","0","20260418","NYK","ATL"
"Shot Chart Detail","0042500121","507","203468","CJ McCollum","1610612737","Atlanta Hawks","4","10","57","Missed Shot","Jump Shot","3PT Field Goal","Above the Break 3","Left Side Center(LC)","24+ ft.","25","-214","139","1","0","20260418","NYK","ATL"
"Shot Chart Detail","0042500121","510","1630540","Miles McBride","1610612752","New York Knicks","4","10","41","Missed Shot","Driving Layup Shot","2PT Field Goal","Restricted Area","Center(C)","Less Than 8 ft.","2","-6","20","1","0","20260418","NYK","ATL"
"Shot Chart Detail","0042500121","512","203468","CJ McCollum","1610612737","Atlanta Hawks","4","10","33","Missed Shot","Step Back Jump shot","2PT Field Goal","Mid-Range","Right Side(R)","8-16 ft.","12","126","23","1","0","20260418","NYK","ATL"
"Shot Chart Detail","0042500121","514","1629011","Mitchell Robinson","1610612752","New York Knicks","4","10","17","Made Shot","Alley Oop Dunk Shot","2PT Field Goal","Restricted Area","Center(C)","Less Than 8 ft.","1","-11","3","1","1","20260418","NYK","ATL"
"Shot Chart Detail","0042500121","516","1629638","Nickeil Alexander-Walker","1610612737","Atlanta Hawks","4","9","52","Missed Shot","Pullup Jump shot","3PT Field Goal","Above the Break 3","Center(C)","24+ ft.","25","75","248","1","0","20260418","NYK","ATL"
"Shot Chart Detail","0042500121","522","1630540","Miles McBride","1610612752","New York Knicks","4","9","34","Made Shot","Running Jump Shot","3PT Field Goal","Above the Break 3","Center(C)","24+ ft.","24","-71","236","1","1","20260418","NYK","ATL"
"Shot Chart Detail","0042500121","524","1630228","Jonathan Kuminga","1610612737","Atlanta Hawks","4","9","14","Made Shot","Pullup Jump shot","2PT Field Goal","In The Paint (Non-RA)","Center(C)","8-16 ft.","9","2","94","1","1","20260418","NYK","ATL"
"Shot Chart Detail","0042500121","529","203903","Jordan Clarkson","1610612752","New York Knicks","4","8","58","Missed Shot","Turnaround Fadeaway shot","2PT Field Goal","In The Paint (Non-RA)","Right Side(R)","8-16 ft.","10","74","73","1","0","20260418","NYK","ATL"
"Shot Chart Detail","0042500121","531","203468","CJ McCollum","1610612737","Atlanta Hawks","4","8","48","Made Shot","Running Layup Shot","2PT Field Goal","Restricted Area","Center(C)","Less Than 8 ft.","1","-16","5","1","1","20260418","NYK","ATL"
"Shot Chart Detail","0042500121","532","1630540","Miles McBride","1610612752","New York Knicks","4","8","35","Made Shot","Pullup Jump shot","3PT Field Goal","Above the Break 3","Right Side Center(RC)","24+ ft.","26","191","182","1","1","20260418","NYK","ATL"
"Shot Chart Detail","0042500121","533","1629638","Nickeil Alexander-Walker","1610612737","Atlanta Hawks","4","8","28","Made Shot","Pullup Jump shot","3PT Field Goal","Above the Break 3","Right Side Center(RC)","24+ ft.","25","124","223","1","1","20260418","NYK","ATL"
"Shot Chart Detail","0042500121","534","1628384","OG Anunoby","1610612752","New York Knicks","4","8","12","Made Shot","Step Back Jump shot","2PT Field Goal","Mid-Range","Right Side(R)","8-16 ft.","11","108","30","1","1","20260418","NYK","ATL"
"Shot Chart Detail","0042500121","535","1630700","Dyson Daniels","1610612737","Atlanta Hawks","4","7","51","Missed Shot","Jump Shot","3PT Field Goal","Right Corner 3","Right Side(R)","24+ ft.","23","227","76","1","0","20260418","NYK","ATL"
"Shot Chart Detail","0042500121","554","1626157","Karl-Anthony Towns","1610612752","New York Knicks","4","7","29","Made Shot","Jump Shot","3PT Field Goal","Above the Break 3","Center(C)","24+ ft.","25","7","255","1","1","20260418","NYK","ATL"
"Shot Chart Detail","0042500121","556","1629216","Gabe Vincent","1610612737","Atlanta Hawks","4","7","13","Made Shot","Driving Layup Shot","2PT Field Goal","Restricted Area","Center(C)","Less Than 8 ft.","1","10","-1","1","1","20260418","NYK","ATL"
"Shot Chart Detail","0042500121","557","1628969","Mikal Bridges","1610612752","New York Knicks","4","6","53","Missed Shot","Jump Shot","3PT Field Goal","Above the Break 3","Right Side Center(RC)","24+ ft.","26","142","224","1","0","20260418","NYK","ATL"
"Shot Chart Detail","0042500121","559","203903","Jordan Clarkson","1610612752","New York Knicks","4","6","49","Made Shot","Putback Layup Shot","2PT Field Goal","Restricted Area","Center(C)","Less Than 8 ft.","2","20","8","1","1","20260418","NYK","ATL"
"Shot Chart Detail","0042500121","560","1630168","Onyeka Okongwu","1610612737","Atlanta Hawks","4","6","35","Missed Shot","Jump Shot","3PT Field Goal","Above the Break 3","Center(C)","24+ ft.","25","10","257","1","0","20260418","NYK","ATL"
"Shot Chart Detail","0042500121","562","1626157","Karl-Anthony Towns","1610612752","New York Knicks","4","6","26","Made Shot","Driving Layup Shot","2PT Field Goal","Restricted Area","Center(C)","Less Than 8 ft.","0","9","3","1","1","20260418","NYK","ATL"
"Shot Chart Detail","0042500121","571","203468","CJ McCollum","1610612737","Atlanta Hawks","4","6","12","Missed Shot","Turnaround Fadeaway shot","2PT Field Goal","In The Paint (Non-RA)","Center(C)","8-16 ft.","11","-13","110","1","0","20260418","NYK","ATL"
"Shot Chart Detail","0042500121","573","203903","Jordan Clarkson","1610612752","New York Knicks","4","5","56","Made Shot","Driving Layup Shot","2PT Field Goal","Restricted Area","Center(C)","Less Than 8 ft.","0","9","4","1","1","20260418","NYK","ATL"
"Shot Chart Detail","0042500121","575","1630228","Jonathan Kuminga","1610612737","Atlanta Hawks","4","5","38","Missed Shot","Step Back Jump shot","3PT Field Goal","Above the Break 3","Left Side Center(LC)","24+ ft.","26","-138","221","1","0","20260418","NYK","ATL"
"Shot Chart Detail","0042500121","577","203903","Jordan Clarkson","1610612752","New York Knicks","4","5","16","Missed Shot","Driving Reverse Layup Shot","2PT Field Goal","Restricted Area","Center(C)","Less Than 8 ft.","1","16","10","1","0","20260418","NYK","ATL"
"Shot Chart Detail","0042500121","586","1628973","Jalen Brunson","1610612752","New York Knicks","4","4","46","Missed Shot","Step Back Jump shot","2PT Field Goal","Mid-Range","Left Side(L)","8-16 ft.","15","-96","122","1","0","20260418","NYK","ATL"
"Shot Chart Detail","0042500121","591","1626157","Karl-Anthony Towns","1610612752","New York Knicks","4","4","36","Made Shot","Jump Shot","3PT Field Goal","Above the Break 3","Left Side Center(LC)","24+ ft.","25","-85","236","1","1","20260418","NYK","ATL"
"Shot Chart Detail","0042500121","597","1628969","Mikal Bridges","1610612752","New York Knicks","4","4","2","Missed Shot","Fadeaway Jump Shot","2PT Field Goal","In The Paint (Non-RA)","Center(C)","Less Than 8 ft.","7","-58","50","1","0","20260418","NYK","ATL"
"Shot Chart Detail","0042500121","605","1628969","Mikal Bridges","1610612752","New York Knicks","4","3","29","Missed Shot","Jump Shot","3PT Field Goal","Above the Break 3","Right Side Center(RC)","24+ ft.","25","137","220","1","0","20260418","NYK","ATL"
"Shot Chart Detail","0042500121","611","1628404","Josh Hart","1610612752","New York Knicks","4","2","51","Missed Shot","Step Back Jump shot","3PT Field Goal","Above the Break 3","Left Side Center(LC)","24+ ft.","25","-140","209","1","0","20260418","NYK","ATL"
"Shot Chart Detail","0042500121","613","1630168","Onyeka Okongwu","1610612737","Atlanta Hawks","4","2","40","Made Shot","Jump Shot","3PT Field Goal","Above the Break 3","Left Side Center(LC)","24+ ft.","25","-161","201","1","1","20260418","NYK","ATL"
"Shot Chart Detail","0042500121","618","1630552","Jalen Johnson","1610612737","Atlanta Hawks","4","2","11","Made Shot","Jump Shot","3PT Field Goal","Above the Break 3","Center(C)","24+ ft.","26","44","258","1","1","20260418","NYK","ATL"
"Shot Chart Detail","0042500121","619","1628973","Jalen Brunson","1610612752","New York Knicks","4","1","49","Missed Shot","Turnaround Fadeaway shot","2PT Field Goal","In The Paint (Non-RA)","Center(C)","8-16 ft.","9","33","90","1","0","20260418","NYK","ATL"
"Shot Chart Detail","0042500121","621","1629638","Nickeil Alexander-Walker","1610612737","Atlanta Hawks","4","1","39","Made Shot","Running Jump Shot","3PT Field Goal","Left Corner 3","Left Side(L)","24+ ft.","25","-237","84","1","1","20260418","NYK","ATL"
"Shot Chart Detail","0042500121","626","1628973","Jalen Brunson","1610612752","New York Knicks","4","1","18","Missed Shot","Pullup Jump shot","2PT Field Goal","Mid-Range","Right Side Center(RC)","16-24 ft.","18","115","143","1","0","20260418","NYK","ATL"
"Shot Chart Detail","0042500121","628","1630552","Jalen Johnson","1610612737","Atlanta Hawks","4","0","58","Missed Shot","Step Back Jump shot","3PT Field Goal","Above the Break 3","Left Side Center(LC)","24+ ft.","26","-205","164","1","0","20260418","NYK","ATL"
"Shot Chart Detail","0042500121","630","1626157","Karl-Anthony Towns","1610612752","New York Knicks","4","0","47","Made Shot","Cutting Layup Shot","2PT Field Goal","Restricted Area","Center(C)","Less Than 8 ft.","0","1","-4","1","1","20260418","NYK","ATL"
"Shot Chart Detail","0042500121","632","1629638","Nickeil Alexander-Walker","1610612737","Atlanta Hawks","4","0","40","Made Shot","Cutting Dunk Shot","2PT Field Goal","Restricted Area","Center(C)","Less Than 8 ft.","1","9","7","1","1","20260418","NYK","ATL"
"Shot Chart Detail","0042500121","640","203468","CJ McCollum","1610612737","Atlanta Hawks","4","0","34","Made Shot","Driving Layup Shot","2PT Field Goal","Restricted Area","Center(C)","Less Than 8 ft.","0","6","0","1","1","20260418","NYK","ATL"
"Shot Chart Detail","0042500121","646","1629638","Nickeil Alexander-Walker","1610612737","Atlanta Hawks","4","0","23","Missed Shot","Jump Shot","3PT Field Goal","Above the Break 3","Right Side Center(RC)","24+ ft.","26","129","233","1","0","20260418","NYK","ATL"
"Shot Chart Detail","0042500121","653","1630552","Jalen Johnson","1610612737","Atlanta Hawks","4","0","15","Missed Shot","Running Pull-Up Jump Shot","3PT Field Goal","Above the Break 3","Left Side Center(LC)","24+ ft.","25","-153","209","1","0","20260418","NYK","ATL"
"Shot Chart Detail","0042500122","8","1628973","Jalen Brunson","1610612752","New York Knicks","1","11","25","Missed Shot","Turnaround Fadeaway shot","2PT Field Goal","In The Paint (Non-RA)","Center(C)","8-16 ft.","9","2","94","1","0","20260420","NYK","ATL"
"Shot Chart Detail","0042500122","11","1628384","OG Anunoby","1610612752","New York Knicks","1","11","22","Missed Shot","Jump Shot","3PT Field Goal","Left Corner 3","Left Side(L)","24+ ft.","23","-235","21","1","0","20260420","NYK","ATL"
"Shot Chart Detail","0042500122","14","1629638","Nickeil Alexander-Walker","1610612737","Atlanta Hawks","1","11","4","Missed Shot","Pullup Jump shot","2PT Field Goal","Mid-Range","Center(C)","16-24 ft.","18","-54","176","1","0","20260420","NYK","ATL"
"Shot Chart Detail","0042500122","18","1628384","OG Anunoby","1610612752","New York Knicks","1","10","57","Missed Shot","Driving Layup Shot","2PT Field Goal","In The Paint (Non-RA)","Center(C)","Less Than 8 ft.","5","7","54","1","0","20260420","NYK","ATL"
"Shot Chart Detail","0042500122","22","1626157","Karl-Anthony Towns","1610612752","New York Knicks","1","10","51","Made Shot","Driving Layup Shot","2PT Field Goal","Restricted Area","Center(C)","Less Than 8 ft.","0","4","1","1","1","20260420","NYK","ATL"
"Shot Chart Detail","0042500122","24","1630552","Jalen Johnson","1610612737","Atlanta Hawks","1","10","44","Missed Shot","Jump Shot","3PT Field Goal","Above the Break 3","Center(C)","24+ ft.","26","7","263","1","0","20260420","NYK","ATL"
"Shot Chart Detail","0042500122","31","203468","CJ McCollum","1610612737","Atlanta Hawks","1","10","23","Made Shot","Fadeaway Jump Shot","2PT Field Goal","In The Paint (Non-RA)","Right Side(R)","8-16 ft.","11","80","85","1","1","20260420","NYK","ATL"
"Shot Chart Detail","0042500122","33","1628404","Josh Hart","1610612752","New York Knicks","1","9","57","Made Shot","Driving Dunk Shot","2PT Field Goal","Restricted Area","Center(C)","Less Than 8 ft.","0","-2","4","1","1","20260420","NYK","ATL"
"Shot Chart Detail","0042500122","35","1630700","Dyson Daniels","1610612737","Atlanta Hawks","1","9","42","Made Shot","Cutting Layup Shot","2PT Field Goal","Restricted Area","Center(C)","Less Than 8 ft.","1","-17","6","1","1","20260420","NYK","ATL"
"Shot Chart Detail","0042500122","37","1628404","Josh Hart","1610612752","New York Knicks","1","9","21","Made Shot","Driving Floating Jump Shot","2PT Field Goal","In The Paint (Non-RA)","Center(C)","Less Than 8 ft.","6","-51","41","1","1","20260420","NYK","ATL"
"Shot Chart Detail","0042500122","39","1630552","Jalen Johnson","1610612737","Atlanta Hawks","1","8","59","Missed Shot","Driving Floating Jump Shot","2PT Field Goal","In The Paint (Non-RA)","Center(C)","Less Than 8 ft.","7","72","29","1","0","20260420","NYK","ATL"
"Shot Chart Detail","0042500122","41","1628973","Jalen Brunson","1610612752","New York Knicks","1","8","46","Missed Shot","Step Back Jump shot","3PT Field Goal","Right Corner 3","Right Side(R)","24+ ft.","23","227","70","1","0","20260420","NYK","ATL"
"Shot Chart Detail","0042500122","43","1628969","Mikal Bridges","1610612752","New York Knicks","1","8","38","Made Shot","Jump Shot","3PT Field Goal","Above the Break 3","Left Side Center(LC)","24+ ft.","26","-169","209","1","1","20260420","NYK","ATL"
"Shot Chart Detail","0042500122","49","1628404","Josh Hart","1610612752","New York Knicks","1","8","15","Made Shot","Driving Layup Shot","2PT Field Goal","Restricted Area","Center(C)","Less Than 8 ft.","0","-1","8","1","1","20260420","NYK","ATL"
"Shot Chart Detail","0042500122","50","1630168","Onyeka Okongwu","1610612737","Atlanta Hawks","1","8","6","Made Shot","Jump Shot","3PT Field Goal","Above the Break 3","Right Side Center(RC)","24+ ft.","25","110","226","1","1","20260420","NYK","ATL"
"Shot Chart Detail","0042500122","52","1628404","Josh Hart","1610612752","New York Knicks","1","7","41","Missed Shot","Step Back Jump shot","3PT Field Goal","Above the Break 3","Center(C)","24+ ft.","25","65","248","1","0","20260420","NYK","ATL"
"Shot Chart Detail","0042500122","54","1630168","Onyeka Okongwu","1610612737","Atlanta Hawks","1","7","28","Missed Shot","Driving Floating Jump Shot","2PT Field Goal","Mid-Range","Center(C)","16-24 ft.","16","-15","164","1","0","20260420","NYK","ATL"
"Shot Chart Detail","0042500122","59","1628973","Jalen Brunson","1610612752","New York Knicks","1","7","6","Made Shot","Running Jump Shot","3PT Field Goal","Above the Break 3","Left Side Center(LC)","24+ ft.","25","-196","164","1","1","20260420","NYK","ATL"
"Shot Chart Detail","0042500122","66","1630552","Jalen Johnson","1610612737","Atlanta Hawks","1","6","50","Missed Shot","Driving Floating Jump Shot","2PT Field Goal","In The Paint (Non-RA)","Center(C)","8-16 ft.","13","-55","127","1","0","20260420","NYK","ATL"
"Shot Chart Detail","0042500122","68","1626157","Karl-Anthony Towns","1610612752","New York Knicks","1","6","26","Made Shot","Driving Layup Shot","2PT Field Goal","Restricted Area","Center(C)","Less Than 8 ft.","3","26","20","1","1","20260420","NYK","ATL"
"Shot Chart Detail","0042500122","73","1631243","Mouhamed Gueye","1610612737","Atlanta Hawks","1","5","49","Missed Shot","Running Dunk Shot","2PT Field Goal","Restricted Area","Center(C)","Less Than 8 ft.","1","9","10","1","0","20260420","NYK","ATL"
"Shot Chart Detail","0042500122","75","1628404","Josh Hart","1610612752","New York Knicks","1","5","40","Missed Shot","Jump Shot","3PT Field Goal","Left Corner 3","Left Side(L)","24+ ft.","23","-233","5","1","0","20260420","NYK","ATL"
"Shot Chart Detail","0042500122","92","1630228","Jonathan Kuminga","1610612737","Atlanta Hawks","1","5","0","Made Shot","Running Layup Shot","2PT Field Goal","Restricted Area","Center(C)","Less Than 8 ft.","0","1","-1","1","1","20260420","NYK","ATL"
"Shot Chart Detail","0042500122","98","1628969","Mikal Bridges","1610612752","New York Knicks","1","4","47","Made Shot","Jump Shot","3PT Field Goal","Left Corner 3","Left Side(L)","24+ ft.","23","-230","16","1","1","20260420","NYK","ATL"
"Shot Chart Detail","0042500122","103","1626157","Karl-Anthony Towns","1610612752","New York Knicks","1","4","14","Missed Shot","Jump Shot","3PT Field Goal","Right Corner 3","Right Side(R)","24+ ft.","23","229","47","1","0","20260420","NYK","ATL"
"Shot Chart Detail","0042500122","110","1628973","Jalen Brunson","1610612752","New York Knicks","1","3","55","Missed Shot","Fadeaway Jump Shot","2PT Field Goal","Mid-Range","Center(C)","8-16 ft.","15","7","154","1","0","20260420","NYK","ATL"
"Shot Chart Detail","0042500122","112","1629011","Mitchell Robinson","1610612752","New York Knicks","1","3","53","Made Shot","Tip Layup Shot","2PT Field Goal","Restricted Area","Center(C)","Less Than 8 ft.","0","0","0","1","1","20260420","NYK","ATL"
"Shot Chart Detail","0042500122","113","1630168","Onyeka Okongwu","1610612737","Atlanta Hawks","1","3","35","Made Shot","Jump Shot","3PT Field Goal","Left Corner 3","Left Side(L)","24+ ft.","22","-225","1","1","1","20260420","NYK","ATL"
"Shot Chart Detail","0042500122","115","1628969","Mikal Bridges","1610612752","New York Knicks","1","3","17","Missed Shot","Jump Shot","3PT Field Goal","Left Corner 3","Left Side(L)","24+ ft.","23","-234","52","1","0","20260420","NYK","ATL"
"Shot Chart Detail","0042500122","117","1628969","Mikal Bridges","1610612752","New York Knicks","1","3","13","Missed Shot","Reverse Layup Shot","2PT Field Goal","Restricted Area","Center(C)","Less Than 8 ft.","0","7","-3","1","0","20260420","NYK","ATL"
"Shot Chart Detail","0042500122","119","1630700","Dyson Daniels","1610612737","Atlanta Hawks","1","2","55","Missed Shot","Jump Shot","3PT Field Goal","Above the Break 3","Center(C)","24+ ft.","25","-69","243","1","0","20260420","NYK","ATL"
"Shot Chart Detail","0042500122","133","1629638","Nickeil Alexander-Walker","1610612737","Atlanta Hawks","1","2","30","Missed Shot","Driving Layup Shot","2PT Field Goal","Mid-Range","Right Side(R)","8-16 ft.","10","87","67","1","0","20260420","NYK","ATL"
"Shot Chart Detail","0042500122","135","1629011","Mitchell Robinson","1610612752","New York Knicks","1","2","20","Made Shot","Alley Oop Dunk Shot","2PT Field Goal","Restricted Area","Center(C)","Less Than 8 ft.","0","0","5","1","1","20260420","NYK","ATL"
"Shot Chart Detail","0042500122","146","1628384","OG Anunoby","1610612752","New York Knicks","1","1","46","Made Shot","Driving Dunk Shot","2PT Field Goal","Restricted Area","Center(C)","Less Than 8 ft.","1","-5","11","1","1","20260420","NYK","ATL"
"Shot Chart Detail","0042500122","148","203468","CJ McCollum","1610612737","Atlanta Hawks","1","1","38","Made Shot","Step Back Jump shot","3PT Field Goal","Above the Break 3","Right Side Center(RC)","24+ ft.","25","121","220","1","1","20260420","NYK","ATL"
"Shot Chart Detail","0042500122","149","1629011","Mitchell Robinson","1610612752","New York Knicks","1","1","20","Made Shot","Alley Oop Dunk Shot","2PT Field Goal","Restricted Area","Center(C)","Less Than 8 ft.","0","-5","7","1","1","20260420","NYK","ATL"
"Shot Chart Detail","0042500122","167","203468","CJ McCollum","1610612737","Atlanta Hawks","1","0","47","Missed Shot","Pullup Jump shot","2PT Field Goal","Mid-Range","Center(C)","8-16 ft.","14","-45","140","1","0","20260420","NYK","ATL"
"Shot Chart Detail","0042500122","169","1628973","Jalen Brunson","1610612752","New York Knicks","1","0","34","Made Shot","Driving Layup Shot","2PT Field Goal","Restricted Area","Center(C)","Less Than 8 ft.","1","2","16","1","1","20260420","NYK","ATL"
"Shot Chart Detail","0042500122","171","1630228","Jonathan Kuminga","1610612737","Atlanta Hawks","1","0","23","Missed Shot","Jump Shot","3PT Field Goal","Left Corner 3","Left Side(L)","24+ ft.","22","-229","-7","1","0","20260420","NYK","ATL"
"Shot Chart Detail","0042500122","173","1628973","Jalen Brunson","1610612752","New York Knicks","1","0","0","Missed Shot","Pullup Jump shot","3PT Field Goal","Above the Break 3","Left Side Center(LC)","24+ ft.","27","-114","246","1","0","20260420","NYK","ATL"
"Shot Chart Detail","0042500122","190","1630228","Jonathan Kuminga","1610612737","Atlanta Hawks","2","11","24","Made Shot","Jump Shot","3PT Field Goal","Left Corner 3","Left Side(L)","24+ ft.","23","-235","-15","1","1","20260420","NYK","ATL"
"Shot Chart Detail","0042500122","194","1629638","Nickeil Alexander-Walker","1610612737","Atlanta Hawks","2","10","51","Made Shot","Running Pull-Up Jump Shot","2PT Field Goal","Mid-Range","Left Side(L)","16-24 ft.","20","-190","83","1","1","20260420","NYK","ATL"
"Shot Chart Detail","0042500122","197","1630540","Miles McBride","1610612752","New York Knicks","2","10","34","Missed Shot","Pullup Jump shot","2PT Field Goal","Mid-Range","Left Side Center(LC)","16-24 ft.","19","-137","136","1","0","20260420","NYK","ATL"
"Shot Chart Detail","0042500122","201","1630557","Corey Kispert","1610612737","Atlanta Hawks","2","10","29","Made Shot","Running Layup Shot","2PT Field Goal","Restricted Area","Center(C)","Less Than 8 ft.","1","-17","-5","1","1","20260420","NYK","ATL"
"Shot Chart Detail","0042500122","203","1629013","Landry Shamet","1610612752","New York Knicks","2","10","6","Missed Shot","Step Back Jump shot","3PT Field Goal","Above the Break 3","Right Side Center(RC)","24+ ft.","25","158","200","1","0","20260420","NYK","ATL"
"Shot Chart Detail","0042500122","205","1630540","Miles McBride","1610612752","New York Knicks","2","9","53","Missed Shot","Fadeaway Jump Shot","2PT Field Goal","Mid-Range","Left Side(L)","8-16 ft.","10","-104","27","1","0","20260420","NYK","ATL"
"Shot Chart Detail","0042500122","207","1630557","Corey Kispert","1610612737","Atlanta Hawks","2","9","35","Missed Shot","Jump Shot","3PT Field Goal","Above the Break 3","Center(C)","24+ ft.","26","-48","258","1","0","20260420","NYK","ATL"
"Shot Chart Detail","0042500122","212","203468","CJ McCollum","1610612737","Atlanta Hawks","2","9","23","Missed Shot","Jump Shot","3PT Field Goal","Above the Break 3","Left Side Center(LC)","24+ ft.","27","-98","256","1","0","20260420","NYK","ATL"
"Shot Chart Detail","0042500122","216","1629011","Mitchell Robinson","1610612752","New York Knicks","2","9","3","Made Shot","Layup Shot","2PT Field Goal","Restricted Area","Center(C)","Less Than 8 ft.","1","-7","18","1","1","20260420","NYK","ATL"
"Shot Chart Detail","0042500122","217","1628396","Tony Bradley","1610612737","Atlanta Hawks","2","8","53","Made Shot","Cutting Layup Shot","2PT Field Goal","Restricted Area","Center(C)","Less Than 8 ft.","0","-2","4","1","1","20260420","NYK","ATL"
"Shot Chart Detail","0042500122","221","203468","CJ McCollum","1610612737","Atlanta Hawks","2","8","37","Made Shot","Running Dunk Shot","2PT Field Goal","Restricted Area","Center(C)","Less Than 8 ft.","0","-6","5","1","1","20260420","NYK","ATL"
"Shot Chart Detail","0042500122","230","1630228","Jonathan Kuminga","1610612737","Atlanta Hawks","2","8","13","Made Shot","Running Dunk Shot","2PT Field Goal","Restricted Area","Center(C)","Less Than 8 ft.","1","4","11","1","1","20260420","NYK","ATL"
"Shot Chart Detail","0042500122","240","1628404","Josh Hart","1610612752","New York Knicks","2","7","51","Missed Shot","Jump Shot","3PT Field Goal","Left Corner 3","Left Side(L)","24+ ft.","22","-225","-1","1","0","20260420","NYK","ATL"
"Shot Chart Detail","0042500122","242","1629638","Nickeil Alexander-Walker","1610612737","Atlanta Hawks","2","7","38","Missed Shot","Pullup Jump shot","3PT Field Goal","Above the Break 3","Right Side Center(RC)","24+ ft.","25","153","206","1","0","20260420","NYK","ATL"
"Shot Chart Detail","0042500122","244","1628404","Josh Hart","1610612752","New York Knicks","2","7","28","Missed Shot","Running Layup Shot","2PT Field Goal","Restricted Area","Center(C)","Less Than 8 ft.","0","4","5","1","0","20260420","NYK","ATL"
"Shot Chart Detail","0042500122","247","1629011","Mitchell Robinson","1610612752","New York Knicks","2","7","24","Made Shot","Putback Layup Shot","2PT Field Goal","Restricted Area","Center(C)","Less Than 8 ft.","0","-4","1","1","1","20260420","NYK","ATL"
"Shot Chart Detail","0042500122","253","1630540","Miles McBride","1610612752","New York Knicks","2","6","59","Missed Shot","Pullup Jump shot","3PT Field Goal","Above the Break 3","Center(C)","24+ ft.","26","58","254","1","0","20260420","NYK","ATL"
"Shot Chart Detail","0042500122","255","203903","Jordan Clarkson","1610612752","New York Knicks","2","6","52","Made Shot","Driving Floating Bank Jump Shot","2PT Field Goal","Restricted Area","Center(C)","Less Than 8 ft.","1","7","10","1","1","20260420","NYK","ATL"
"Shot Chart Detail","0042500122","272","1628973","Jalen Brunson","1610612752","New York Knicks","2","6","20","Missed Shot","Driving Layup Shot","2PT Field Goal","Restricted Area","Center(C)","Less Than 8 ft.","1","17","10","1","0","20260420","NYK","ATL"
"Shot Chart Detail","0042500122","274","203903","Jordan Clarkson","1610612752","New York Knicks","2","6","18","Made Shot","Tip Layup Shot","2PT Field Goal","Restricted Area","Center(C)","Less Than 8 ft.","0","0","0","1","1","20260420","NYK","ATL"
"Shot Chart Detail","0042500122","275","1629216","Gabe Vincent","1610612737","Atlanta Hawks","2","6","5","Made Shot","Step Back Jump shot","3PT Field Goal","Above the Break 3","Center(C)","24+ ft.","25","-4","251","1","1","20260420","NYK","ATL"
"Shot Chart Detail","0042500122","278","1629216","Gabe Vincent","1610612737","Atlanta Hawks","2","5","39","Missed Shot","Running Jump Shot","3PT Field Goal","Above the Break 3","Left Side Center(LC)","24+ ft.","24","-135","200","1","0","20260420","NYK","ATL"
"Shot Chart Detail","0042500122","280","1628973","Jalen Brunson","1610612752","New York Knicks","2","5","20","Made Shot","Driving Floating Jump Shot","2PT Field Goal","In The Paint (Non-RA)","Center(C)","8-16 ft.","9","34","94","1","1","20260420","NYK","ATL"
"Shot Chart Detail","0042500122","290","1630168","Onyeka Okongwu","1610612737","Atlanta Hawks","2","5","2","Missed Shot","Jump Shot","3PT Field Goal","Right Corner 3","Right Side(R)","24+ ft.","24","241","35","1","0","20260420","NYK","ATL"
"Shot Chart Detail","0042500122","297","1629638","Nickeil Alexander-Walker","1610612737","Atlanta Hawks","2","4","53","Made Shot","Pullup Jump shot","3PT Field Goal","Above the Break 3","Center(C)","24+ ft.","25","-29","250","1","1","20260420","NYK","ATL"
"Shot Chart Detail","0042500122","299","1628973","Jalen Brunson","1610612752","New York Knicks","2","4","33","Missed Shot","Pullup Jump shot","3PT Field Goal","Above the Break 3","Right Side Center(RC)","24+ ft.","24","176","173","1","0","20260420","NYK","ATL"
"Shot Chart Detail","0042500122","307","1629638","Nickeil Alexander-Walker","1610612737","Atlanta Hawks","2","4","10","Missed Shot","Driving Floating Jump Shot","2PT Field Goal","In The Paint (Non-RA)","Center(C)","Less Than 8 ft.","5","-40","32","1","0","20260420","NYK","ATL"
"Shot Chart Detail","0042500122","316","203468","CJ McCollum","1610612737","Atlanta Hawks","2","3","43","Made Shot","Step Back Jump shot","3PT Field Goal","Above the Break 3","Left Side Center(LC)","24+ ft.","25","-91","235","1","1","20260420","NYK","ATL"
"Shot Chart Detail","0042500122","317","1628384","OG Anunoby","1610612752","New York Knicks","2","3","26","Missed Shot","Jump Shot","3PT Field Goal","Left Corner 3","Left Side(L)","24+ ft.","23","-233","26","1","0","20260420","NYK","ATL"
"Shot Chart Detail","0042500122","338","1630552","Jalen Johnson","1610612737","Atlanta Hawks","2","2","42","Missed Shot","Jump Shot","3PT Field Goal","Right Corner 3","Right Side(R)","24+ ft.","23","228","37","1","0","20260420","NYK","ATL"
"Shot Chart Detail","0042500122","345","1630228","Jonathan Kuminga","1610612737","Atlanta Hawks","2","2","21","Missed Shot","Driving Layup Shot","2PT Field Goal","Restricted Area","Center(C)","Less Than 8 ft.","1","-6","11","1","0","20260420","NYK","ATL"
"Shot Chart Detail","0042500122","347","1628973","Jalen Brunson","1610612752","New York Knicks","2","2","17","Made Shot","Running Jump Shot","3PT Field Goal","Above the Break 3","Right Side Center(RC)","24+ ft.","25","202","148","1","1","20260420","NYK","ATL"
"Shot Chart Detail","0042500122","349","203468","CJ McCollum","1610612737","Atlanta Hawks","2","2","2","Made Shot","Driving Floating Bank Jump Shot","2PT Field Goal","In The Paint (Non-RA)","Center(C)","Less Than 8 ft.","4","28","35","1","1","20260420","NYK","ATL"
"Shot Chart Detail","0042500122","353","1628969","Mikal Bridges","1610612752","New York Knicks","2","1","50","Missed Shot","Fadeaway Jump Shot","2PT Field Goal","Mid-Range","Right Side(R)","8-16 ft.","8","83","7","1","0","20260420","NYK","ATL"
"Shot Chart Detail","0042500122","355","1629638","Nickeil Alexander-Walker","1610612737","Atlanta Hawks","2","1","37","Missed Shot","Fadeaway Jump Shot","2PT Field Goal","In The Paint (Non-RA)","Center(C)","Less Than 8 ft.","5","-34","43","1","0","20260420","NYK","ATL"
"Shot Chart Detail","0042500122","357","1628384","OG Anunoby","1610612752","New York Knicks","2","1","15","Made Shot","Jump Shot","3PT Field Goal","Right Corner 3","Right Side(R)","24+ ft.","22","227","22","1","1","20260420","NYK","ATL"
"Shot Chart Detail","0042500122","364","1628973","Jalen Brunson","1610612752","New York Knicks","2","0","51","Missed Shot","Driving Layup Shot","2PT Field Goal","Restricted Area","Center(C)","Less Than 8 ft.","2","-22","20","1","0","20260420","NYK","ATL"
"Shot Chart Detail","0042500122","366","203468","CJ McCollum","1610612737","Atlanta Hawks","2","0","46","Made Shot","Running Jump Shot","3PT Field Goal","Above the Break 3","Right Side Center(RC)","24+ ft.","25","173","184","1","1","20260420","NYK","ATL"
"Shot Chart Detail","0042500122","368","1628973","Jalen Brunson","1610612752","New York Knicks","2","0","32","Made Shot","Driving Floating Bank Jump Shot","2PT Field Goal","Restricted Area","Center(C)","Less Than 8 ft.","0","4","2","1","1","20260420","NYK","ATL"
"Shot Chart Detail","0042500122","369","203468","CJ McCollum","1610612737","Atlanta Hawks","2","0","21","Missed Shot","Pullup Jump shot","3PT Field Goal","Above the Break 3","Right Side Center(RC)","24+ ft.","28","120","253","1","0","20260420","NYK","ATL"
"Shot Chart Detail","0042500122","371","1628973","Jalen Brunson","1610612752","New York Knicks","2","0","3","Missed Shot","Driving Layup Shot","2PT Field Goal","In The Paint (Non-RA)","Center(C)","Less Than 8 ft.","4","-33","32","1","0","20260420","NYK","ATL"
"Shot Chart Detail","0042500122","375","1628969","Mikal Bridges","1610612752","New York Knicks","2","0","0","Made Shot","Floating Jump shot","2PT Field Goal","Mid-Range","Right Side(R)","8-16 ft.","10","96","33","1","1","20260420","NYK","ATL"
"Shot Chart Detail","0042500122","386","1628404","Josh Hart","1610612752","New York Knicks","3","11","40","Made Shot","Step Back Jump shot","3PT Field Goal","Above the Break 3","Center(C)","24+ ft.","24","-67","236","1","1","20260420","NYK","ATL"
"Shot Chart Detail","0042500122","387","203468","CJ McCollum","1610612737","Atlanta Hawks","3","11","23","Missed Shot","Jump Shot","3PT Field Goal","Above the Break 3","Left Side Center(LC)","24+ ft.","26","-113","235","1","0","20260420","NYK","ATL"
"Shot Chart Detail","0042500122","389","1626157","Karl-Anthony Towns","1610612752","New York Knicks","3","11","14","Made Shot","Jump Shot","3PT Field Goal","Above the Break 3","Center(C)","24+ ft.","27","31","271","1","1","20260420","NYK","ATL"
"Shot Chart Detail","0042500122","391","1630552","Jalen Johnson","1610612737","Atlanta Hawks","3","11","0","Made Shot","Driving Layup Shot","2PT Field Goal","Restricted Area","Center(C)","Less Than 8 ft.","1","-15","5","1","1","20260420","NYK","ATL"
"Shot Chart Detail","0042500122","392","1628404","Josh Hart","1610612752","New York Knicks","3","10","38","Made Shot","Fadeaway Jump Shot","2PT Field Goal","In The Paint (Non-RA)","Center(C)","8-16 ft.","8","-5","88","1","1","20260420","NYK","ATL"
"Shot Chart Detail","0042500122","396","1630168","Onyeka Okongwu","1610612737","Atlanta Hawks","3","10","14","Missed Shot","Driving Floating Jump Shot","2PT Field Goal","In The Paint (Non-RA)","Left Side(L)","8-16 ft.","8","-53","69","1","0","20260420","NYK","ATL"
"Shot Chart Detail","0042500122","398","1630552","Jalen Johnson","1610612737","Atlanta Hawks","3","10","12","Made Shot","Tip Layup Shot","2PT Field Goal","Restricted Area","Center(C)","Less Than 8 ft.","0","0","0","1","1","20260420","NYK","ATL"
"Shot Chart Detail","0042500122","402","1628973","Jalen Brunson","1610612752","New York Knicks","3","9","51","Missed Shot","Step Back Jump shot","3PT Field Goal","Above the Break 3","Right Side Center(RC)","24+ ft.","25","219","131","1","0","20260420","NYK","ATL"
"Shot Chart Detail","0042500122","404","1629638","Nickeil Alexander-Walker","1610612737","Atlanta Hawks","3","9","33","Missed Shot","Jump Shot","3PT Field Goal","Right Corner 3","Right Side(R)","24+ ft.","23","230","7","1","0","20260420","NYK","ATL"
"Shot Chart Detail","0042500122","407","203468","CJ McCollum","1610612737","Atlanta Hawks","3","9","9","Made Shot","Driving Layup Shot","2PT Field Goal","Restricted Area","Center(C)","Less Than 8 ft.","2","-22","4","1","1","20260420","NYK","ATL"
"Shot Chart Detail","0042500122","409","1628404","Josh Hart","1610612752","New York Knicks","3","9","0","Missed Shot","Driving Layup Shot","2PT Field Goal","Restricted Area","Center(C)","Less Than 8 ft.","0","5","4","1","0","20260420","NYK","ATL"
"Shot Chart Detail","0042500122","413","1626157","Karl-Anthony Towns","1610612752","New York Knicks","3","8","55","Made Shot","Putback Layup Shot","2PT Field Goal","Restricted Area","Center(C)","Less Than 8 ft.","1","6","19","1","1","20260420","NYK","ATL"
"Shot Chart Detail","0042500122","414","1630168","Onyeka Okongwu","1610612737","Atlanta Hawks","3","8","47","Made Shot","Layup Shot","2PT Field Goal","Restricted Area","Center(C)","Less Than 8 ft.","2","22","12","1","1","20260420","NYK","ATL"
"Shot Chart Detail","0042500122","416","1628384","OG Anunoby","1610612752","New York Knicks","3","8","30","Made Shot","Driving Dunk Shot","2PT Field Goal","Restricted Area","Center(C)","Less Than 8 ft.","0","5","6","1","1","20260420","NYK","ATL"
"Shot Chart Detail","0042500122","418","1630700","Dyson Daniels","1610612737","Atlanta Hawks","3","8","18","Missed Shot","Driving Finger Roll Layup Shot","2PT Field Goal","Restricted Area","Center(C)","Less Than 8 ft.","3","-31","6","1","0","20260420","NYK","ATL"
"Shot Chart Detail","0042500122","420","1630168","Onyeka Okongwu","1610612737","Atlanta Hawks","3","8","15","Made Shot","Tip Layup Shot","2PT Field Goal","Restricted Area","Center(C)","Less Than 8 ft.","2","-4","26","1","1","20260420","NYK","ATL"
"Shot Chart Detail","0042500122","427","1631243","Mouhamed Gueye","1610612737","Atlanta Hawks","3","7","40","Missed Shot","Jump Shot","3PT Field Goal","Left Corner 3","Left Side(L)","24+ ft.","23","-230","10","1","0","20260420","NYK","ATL"
"Shot Chart Detail","0042500122","429","1628973","Jalen Brunson","1610612752","New York Knicks","3","7","29","Missed Shot","Driving Reverse Layup Shot","2PT Field Goal","Restricted Area","Center(C)","Less Than 8 ft.","0","1","5","1","0","20260420","NYK","ATL"
"Shot Chart Detail","0042500122","431","1626157","Karl-Anthony Towns","1610612752","New York Knicks","3","7","27","Made Shot","Putback Layup Shot","2PT Field Goal","Restricted Area","Center(C)","Less Than 8 ft.","2","-6","27","1","1","20260420","NYK","ATL"
"Shot Chart Detail","0042500122","433","203468","CJ McCollum","1610612737","Atlanta Hawks","3","7","11","Missed Shot","Pullup Jump shot","3PT Field Goal","Above the Break 3","Right Side Center(RC)","24+ ft.","26","92","251","1","0","20260420","NYK","ATL"
"Shot Chart Detail","0042500122","440","1630700","Dyson Daniels","1610612737","Atlanta Hawks","3","6","44","Made Shot","Cutting Finger Roll Layup Shot","2PT Field Goal","Restricted Area","Center(C)","Less Than 8 ft.","1","-9","7","1","1","20260420","NYK","ATL"
"Shot Chart Detail","0042500122","442","1628384","OG Anunoby","1610612752","New York Knicks","3","6","17","Missed Shot","Driving Reverse Layup Shot","2PT Field Goal","Restricted Area","Center(C)","Less Than 8 ft.","1","-2","15","1","0","20260420","NYK","ATL"
"Shot Chart Detail","0042500122","444","1626157","Karl-Anthony Towns","1610612752","New York Knicks","3","6","15","Made Shot","Tip Layup Shot","2PT Field Goal","Restricted Area","Center(C)","Less Than 8 ft.","0","0","0","1","1","20260420","NYK","ATL"
"Shot Chart Detail","0042500122","445","1629638","Nickeil Alexander-Walker","1610612737","Atlanta Hawks","3","6","2","Missed Shot","Floating Jump shot","2PT Field Goal","In The Paint (Non-RA)","Center(C)","Less Than 8 ft.","7","-75","-4","1","0","20260420","NYK","ATL"
"Shot Chart Detail","0042500122","451","1629638","Nickeil Alexander-Walker","1610612737","Atlanta Hawks","3","5","49","Missed Shot","Jump Shot","3PT Field Goal","Above the Break 3","Left Side Center(LC)","24+ ft.","25","-201","160","1","0","20260420","NYK","ATL"
"Shot Chart Detail","0042500122","453","1628969","Mikal Bridges","1610612752","New York Knicks","3","5","41","Missed Shot","Running Jump Shot","3PT Field Goal","Right Corner 3","Right Side(R)","24+ ft.","23","227","43","1","0","20260420","NYK","ATL"
"Shot Chart Detail","0042500122","455","1630552","Jalen Johnson","1610612737","Atlanta Hawks","3","5","34","Made Shot","Driving Floating Jump Shot","2PT Field Goal","In The Paint (Non-RA)","Center(C)","8-16 ft.","9","-34","84","1","1","20260420","NYK","ATL"
"Shot Chart Detail","0042500122","463","1628973","Jalen Brunson","1610612752","New York Knicks","3","5","16","Made Shot","Turnaround Fadeaway shot","2PT Field Goal","In The Paint (Non-RA)","Center(C)","8-16 ft.","12","49","111","1","1","20260420","NYK","ATL"
"Shot Chart Detail","0042500122","464","1630228","Jonathan Kuminga","1610612737","Atlanta Hawks","3","5","4","Missed Shot","Turnaround Fadeaway shot","2PT Field Goal","In The Paint (Non-RA)","Center(C)","8-16 ft.","10","-6","100","1","0","20260420","NYK","ATL"
"Shot Chart Detail","0042500122","474","1628973","Jalen Brunson","1610612752","New York Knicks","3","4","26","Made Shot","Driving Floating Jump Shot","2PT Field Goal","In The Paint (Non-RA)","Center(C)","8-16 ft.","10","48","98","1","1","20260420","NYK","ATL"
"Shot Chart Detail","0042500122","475","203468","CJ McCollum","1610612737","Atlanta Hawks","3","4","4","Made Shot","Driving Floating Jump Shot","2PT Field Goal","In The Paint (Non-RA)","Center(C)","Less Than 8 ft.","4","16","47","1","1","20260420","NYK","ATL"
"Shot Chart Detail","0042500122","476","1628973","Jalen Brunson","1610612752","New York Knicks","3","3","46","Missed Shot","Turnaround Fadeaway shot","2PT Field Goal","In The Paint (Non-RA)","Center(C)","Less Than 8 ft.","6","-21","61","1","0","20260420","NYK","ATL"
"Shot Chart Detail","0042500122","479","1630552","Jalen Johnson","1610612737","Atlanta Hawks","3","3","41","Missed Shot","Running Layup Shot","2PT Field Goal","Restricted Area","Center(C)","Less Than 8 ft.","1","10","16","1","0","20260420","NYK","ATL"
"Shot Chart Detail","0042500122","481","1630228","Jonathan Kuminga","1610612737","Atlanta Hawks","3","3","38","Made Shot","Tip Layup Shot","2PT Field Goal","Restricted Area","Center(C)","Less Than 8 ft.","0","0","0","1","1","20260420","NYK","ATL"
"Shot Chart Detail","0042500122","495","1626157","Karl-Anthony Towns","1610612752","New York Knicks","3","3","18","Missed Shot","Jump Shot","3PT Field Goal","Left Corner 3","Left Side(L)","24+ ft.","22","-227","0","1","0","20260420","NYK","ATL"
"Shot Chart Detail","0042500122","497","203468","CJ McCollum","1610612737","Atlanta Hawks","3","3","4","Made Shot","Driving Hook Shot","2PT Field Goal","Restricted Area","Center(C)","Less Than 8 ft.","3","5","38","1","1","20260420","NYK","ATL"
"Shot Chart Detail","0042500122","498","1626157","Karl-Anthony Towns","1610612752","New York Knicks","3","2","46","Made Shot","Cutting Finger Roll Layup Shot","2PT Field Goal","Restricted Area","Center(C)","Less Than 8 ft.","1","5","9","1","1","20260420","NYK","ATL"
"Shot Chart Detail","0042500122","500","1630228","Jonathan Kuminga","1610612737","Atlanta Hawks","3","2","27","Missed Shot","Jump Shot","3PT Field Goal","Left Corner 3","Left Side(L)","24+ ft.","22","-228","11","1","0","20260420","NYK","ATL"
"Shot Chart Detail","0042500122","502","1626157","Karl-Anthony Towns","1610612752","New York Knicks","3","2","19","Made Shot","Running Jump Shot","3PT Field Goal","Above the Break 3","Right Side Center(RC)","24+ ft.","31","137","281","1","1","20260420","NYK","ATL"
"Shot Chart Detail","0042500122","524","1629011","Mitchell Robinson","1610612752","New York Knicks","3","1","20","Made Shot","Dunk Shot","2PT Field Goal","Restricted Area","Center(C)","Less Than 8 ft.","0","-5","1","1","1","20260420","NYK","ATL"
"Shot Chart Detail","0042500122","527","203468","CJ McCollum","1610612737","Atlanta Hawks","3","0","57","Missed Shot","Jump Shot","3PT Field Goal","Above the Break 3","Right Side Center(RC)","24+ ft.","25","131","218","1","0","20260420","NYK","ATL"
"Shot Chart Detail","0042500122","529","203468","CJ McCollum","1610612737","Atlanta Hawks","3","0","50","Missed Shot","Jump Shot","3PT Field Goal","Right Corner 3","Right Side(R)","24+ ft.","23","233","13","1","0","20260420","NYK","ATL"
"Shot Chart Detail","0042500122","531","1630700","Dyson Daniels","1610612737","Atlanta Hawks","3","0","45","Missed Shot","Driving Floating Jump Shot","2PT Field Goal","Restricted Area","Center(C)","Less Than 8 ft.","2","-28","1","1","0","20260420","NYK","ATL"
"Shot Chart Detail","0042500122","538","1628396","Tony Bradley","1610612737","Atlanta Hawks","3","0","21","Missed Shot","Driving Hook Shot","2PT Field Goal","In The Paint (Non-RA)","Center(C)","Less Than 8 ft.","5","18","50","1","0","20260420","NYK","ATL"
"Shot Chart Detail","0042500122","540","1630631","Jose Alvarado","1610612752","New York Knicks","3","0","4","Missed Shot","Driving Floating Bank Jump Shot","2PT Field Goal","In The Paint (Non-RA)","Center(C)","Less Than 8 ft.","6","32","59","1","0","20260420","NYK","ATL"
"Shot Chart Detail","0042500122","542","203468","CJ McCollum","1610612737","Atlanta Hawks","3","0","1","Missed Shot","Pullup Jump shot","3PT Field Goal","Above the Break 3","Left Side Center(LC)","24+ ft.","29","-157","249","1","0","20260420","NYK","ATL"
"Shot Chart Detail","0042500122","559","1630557","Corey Kispert","1610612737","Atlanta Hawks","4","11","9","Made Shot","Running Layup Shot","2PT Field Goal","Restricted Area","Center(C)","Less Than 8 ft.","1","-11","11","1","1","20260420","NYK","ATL"
"Shot Chart Detail","0042500122","561","1630631","Jose Alvarado","1610612752","New York Knicks","4","10","47","Missed Shot","Jump Shot","3PT Field Goal","Above the Break 3","Right Side Center(RC)","24+ ft.","27","130","239","1","0","20260420","NYK","ATL"
"Shot Chart Detail","0042500122","563","1630168","Onyeka Okongwu","1610612737","Atlanta Hawks","4","10","30","Made Shot","Driving Dunk Shot","2PT Field Goal","Restricted Area","Center(C)","Less Than 8 ft.","0","1","7","1","1","20260420","NYK","ATL"
"Shot Chart Detail","0042500122","569","1628384","OG Anunoby","1610612752","New York Knicks","4","10","8","Missed Shot","Driving Layup Shot","2PT Field Goal","Restricted Area","Center(C)","Less Than 8 ft.","3","26","26","1","0","20260420","NYK","ATL"
"Shot Chart Detail","0042500122","571","203903","Jordan Clarkson","1610612752","New York Knicks","4","10","3","Made Shot","Layup Shot","2PT Field Goal","Restricted Area","Center(C)","Less Than 8 ft.","1","-2","10","1","1","20260420","NYK","ATL"
"Shot Chart Detail","0042500122","573","1630228","Jonathan Kuminga","1610612737","Atlanta Hawks","4","9","47","Made Shot","Driving Dunk Shot","2PT Field Goal","Restricted Area","Center(C)","Less Than 8 ft.","0","7","-3","1","1","20260420","NYK","ATL"
"Shot Chart Detail","0042500122","575","203903","Jordan Clarkson","1610612752","New York Knicks","4","9","22","Missed Shot","Jump Shot","3PT Field Goal","Above the Break 3","Center(C)","24+ ft.","26","43","260","1","0","20260420","NYK","ATL"
"Shot Chart Detail","0042500122","577","1630168","Onyeka Okongwu","1610612737","Atlanta Hawks","4","9","5","Made Shot","Alley Oop Dunk Shot","2PT Field Goal","Restricted Area","Center(C)","Less Than 8 ft.","1","-13","7","1","1","20260420","NYK","ATL"
"Shot Chart Detail","0042500122","579","1628384","OG Anunoby","1610612752","New York Knicks","4","8","42","Made Shot","Jump Shot","3PT Field Goal","Left Corner 3","Left Side(L)","24+ ft.","22","-229","-10","1","1","20260420","NYK","ATL"
"Shot Chart Detail","0042500122","581","1630228","Jonathan Kuminga","1610612737","Atlanta Hawks","4","8","28","Missed Shot","Jump Shot","3PT Field Goal","Above the Break 3","Right Side Center(RC)","24+ ft.","24","194","153","1","0","20260420","NYK","ATL"
"Shot Chart Detail","0042500122","583","1630631","Jose Alvarado","1610612752","New York Knicks","4","8","4","Missed Shot","Driving Layup Shot","2PT Field Goal","Restricted Area","Center(C)","Less Than 8 ft.","3","29","22","1","0","20260420","NYK","ATL"
"Shot Chart Detail","0042500122","585","1629638","Nickeil Alexander-Walker","1610612737","Atlanta Hawks","4","7","57","Missed Shot","Step Back Jump shot","2PT Field Goal","Mid-Range","Left Side(L)","16-24 ft.","17","-173","15","1","0","20260420","NYK","ATL"
"Shot Chart Detail","0042500122","606","1628973","Jalen Brunson","1610612752","New York Knicks","4","7","32","Missed Shot","Pullup Jump shot","3PT Field Goal","Above the Break 3","Right Side Center(RC)","24+ ft.","25","137","220","1","0","20260420","NYK","ATL"
"Shot Chart Detail","0042500122","608","203468","CJ McCollum","1610612737","Atlanta Hawks","4","7","21","Missed Shot","Driving Floating Jump Shot","2PT Field Goal","In The Paint (Non-RA)","Center(C)","8-16 ft.","8","1","89","1","0","20260420","NYK","ATL"
"Shot Chart Detail","0042500122","610","1628969","Mikal Bridges","1610612752","New York Knicks","4","7","14","Missed Shot","Running Jump Shot","3PT Field Goal","Above the Break 3","Left Side Center(LC)","24+ ft.","24","-127","208","1","0","20260420","NYK","ATL"
"Shot Chart Detail","0042500122","612","1628969","Mikal Bridges","1610612752","New York Knicks","4","7","9","Missed Shot","Jump Shot","3PT Field Goal","Above the Break 3","Left Side Center(LC)","24+ ft.","24","-143","205","1","0","20260420","NYK","ATL"
"Shot Chart Detail","0042500122","614","1630228","Jonathan Kuminga","1610612737","Atlanta Hawks","4","6","50","Made Shot","Driving Hook Shot","2PT Field Goal","In The Paint (Non-RA)","Center(C)","Less Than 8 ft.","6","-25","55","1","1","20260420","NYK","ATL"
"Shot Chart Detail","0042500122","618","1626157","Karl-Anthony Towns","1610612752","New York Knicks","4","6","31","Missed Shot","Driving Bank Hook Shot","2PT Field Goal","Restricted Area","Center(C)","Less Than 8 ft.","2","-15","21","1","0","20260420","NYK","ATL"
"Shot Chart Detail","0042500122","620","203903","Jordan Clarkson","1610612752","New York Knicks","4","6","30","Missed Shot","Tip Layup Shot","2PT Field Goal","Restricted Area","Center(C)","Less Than 8 ft.","0","0","0","1","0","20260420","NYK","ATL"
"Shot Chart Detail","0042500122","627","203903","Jordan Clarkson","1610612752","New York Knicks","4","6","29","Missed Shot","Tip Layup Shot","2PT Field Goal","Restricted Area","Center(C)","Less Than 8 ft.","1","12","-4","1","0","20260420","NYK","ATL"
"Shot Chart Detail","0042500122","622","1630552","Jalen Johnson","1610612737","Atlanta Hawks","4","6","15","Made Shot","Driving Floating Bank Jump Shot","2PT Field Goal","Restricted Area","Center(C)","Less Than 8 ft.","2","0","26","1","1","20260420","NYK","ATL"
"Shot Chart Detail","0042500122","632","1630552","Jalen Johnson","1610612737","Atlanta Hawks","4","5","40","Missed Shot","Jump Shot","3PT Field Goal","Above the Break 3","Left Side Center(LC)","24+ ft.","25","-186","172","1","0","20260420","NYK","ATL"
"Shot Chart Detail","0042500122","634","1628973","Jalen Brunson","1610612752","New York Knicks","4","5","26","Made Shot","Driving Floating Jump Shot","2PT Field Goal","In The Paint (Non-RA)","Center(C)","Less Than 8 ft.","6","4","67","1","1","20260420","NYK","ATL"
"Shot Chart Detail","0042500122","639","203468","CJ McCollum","1610612737","Atlanta Hawks","4","5","14","Missed Shot","Pullup Jump shot","2PT Field Goal","Mid-Range","Left Side(L)","8-16 ft.","15","-86","125","1","0","20260420","NYK","ATL"
"Shot Chart Detail","0042500122","641","1628973","Jalen Brunson","1610612752","New York Knicks","4","4","55","Missed Shot","Step Back Jump shot","3PT Field Goal","Above the Break 3","Right Side Center(RC)","24+ ft.","26","89","248","1","0","20260420","NYK","ATL"
"Shot Chart Detail","0042500122","643","1630228","Jonathan Kuminga","1610612737","Atlanta Hawks","4","4","46","Made Shot","Driving Layup Shot","2PT Field Goal","Restricted Area","Center(C)","Less Than 8 ft.","1","13","6","1","1","20260420","NYK","ATL"
"Shot Chart Detail","0042500122","644","1626157","Karl-Anthony Towns","1610612752","New York Knicks","4","4","22","Missed Shot","Jump Shot","3PT Field Goal","Above the Break 3","Right Side Center(RC)","24+ ft.","28","107","263","1","0","20260420","NYK","ATL"
"Shot Chart Detail","0042500122","646","1629638","Nickeil Alexander-Walker","1610612737","Atlanta Hawks","4","4","12","Made Shot","Jump Shot","3PT Field Goal","Right Corner 3","Right Side(R)","24+ ft.","22","228","10","1","1","20260420","NYK","ATL"
"Shot Chart Detail","0042500122","648","1628973","Jalen Brunson","1610612752","New York Knicks","4","3","44","Missed Shot","Driving Layup Shot","2PT Field Goal","Restricted Area","Center(C)","Less Than 8 ft.","2","-18","21","1","0","20260420","NYK","ATL"
"Shot Chart Detail","0042500122","651","1630552","Jalen Johnson","1610612737","Atlanta Hawks","4","3","25","Made Shot","Driving Layup Shot","2PT Field Goal","Restricted Area","Center(C)","Less Than 8 ft.","2","-17","22","1","1","20260420","NYK","ATL"
"Shot Chart Detail","0042500122","653","1628404","Josh Hart","1610612752","New York Knicks","4","2","56","Missed Shot","Pullup Jump shot","3PT Field Goal","Above the Break 3","Right Side Center(RC)","24+ ft.","25","105","229","1","0","20260420","NYK","ATL"
"Shot Chart Detail","0042500122","665","203468","CJ McCollum","1610612737","Atlanta Hawks","4","2","8","Made Shot","Driving Layup Shot","2PT Field Goal","Restricted Area","Center(C)","Less Than 8 ft.","1","11","8","1","1","20260420","NYK","ATL"
"Shot Chart Detail","0042500122","674","203468","CJ McCollum","1610612737","Atlanta Hawks","4","1","33","Made Shot","Driving Floating Jump Shot","2PT Field Goal","In The Paint (Non-RA)","Center(C)","Less Than 8 ft.","6","12","67","1","1","20260420","NYK","ATL"
"Shot Chart Detail","0042500122","675","1628973","Jalen Brunson","1610612752","New York Knicks","4","1","21","Made Shot","Pullup Jump shot","3PT Field Goal","Above the Break 3","Right Side Center(RC)","24+ ft.","26","102","240","1","1","20260420","NYK","ATL"
"Shot Chart Detail","0042500122","680","1628973","Jalen Brunson","1610612752","New York Knicks","4","0","44","Missed Shot","Pullup Jump shot","2PT Field Goal","In The Paint (Non-RA)","Center(C)","8-16 ft.","14","72","127","1","0","20260420","NYK","ATL"
"Shot Chart Detail","0042500122","682","203468","CJ McCollum","1610612737","Atlanta Hawks","4","0","33","Made Shot","Fadeaway Jump Shot","2PT Field Goal","Mid-Range","Left Side(L)","8-16 ft.","14","-141","10","1","1","20260420","NYK","ATL"
"Shot Chart Detail","0042500122","683","1628973","Jalen Brunson","1610612752","New York Knicks","4","0","13","Missed Shot","Turnaround Fadeaway shot","2PT Field Goal","Mid-Range","Left Side(L)","8-16 ft.","12","-83","98","1","0","20260420","NYK","ATL"
"Shot Chart Detail","0042500122","686","1630552","Jalen Johnson","1610612737","Atlanta Hawks","4","0","10","Made Shot","Running Dunk Shot","2PT Field Goal","Restricted Area","Center(C)","Less Than 8 ft.","0","5","5","1","1","20260420","NYK","ATL"
"Shot Chart Detail","0042500122","691","1628973","Jalen Brunson","1610612752","New York Knicks","4","0","8","Made Shot","Jump Shot","3PT Field Goal","Above the Break 3","Right Side Center(RC)","24+ ft.","26","98","248","1","1","20260420","NYK","ATL"
"Shot Chart Detail","0042500122","710","1628969","Mikal Bridges","1610612752","New York Knicks","4","0","1","Missed Shot","Fadeaway Jump Shot","2PT Field Goal","Mid-Range","Left Side(L)","8-16 ft.","12","-120","14","1","0","20260420","NYK","ATL"
"Shot Chart Detail","0042500131","8","1627742","Brandon Ingram","1610612761","Toronto Raptors","1","11","30","Missed Shot","Pullup Jump shot","2PT Field Goal","Mid-Range","Center(C)","16-24 ft.","17","-53","168","1","0","20260418","CLE","TOR"
"Shot Chart Detail","0042500131","10","1628378","Donovan Mitchell","1610612739","Cleveland Cavaliers","1","11","14","Missed Shot","Step Back Jump shot","3PT Field Goal","Left Corner 3","Left Side(L)","24+ ft.","23","-237","11","1","0","20260418","CLE","TOR"
"Shot Chart Detail","0042500131","15","1628386","Jarrett Allen","1610612739","Cleveland Cavaliers","1","10","53","Made Shot","Alley Oop Dunk Shot","2PT Field Goal","Restricted Area","Center(C)","Less Than 8 ft.","1","-2","16","1","1","20260418","CLE","TOR"
"Shot Chart Detail","0042500131","17","1629628","RJ Barrett","1610612761","Toronto Raptors","1","10","31","Made Shot","Cutting Layup Shot","2PT Field Goal","Restricted Area","Center(C)","Less Than 8 ft.","1","-12","13","1","1","20260418","CLE","TOR"
"Shot Chart Detail","0042500131","19","1628386","Jarrett Allen","1610612739","Cleveland Cavaliers","1","10","10","Made Shot","Cutting Dunk Shot","2PT Field Goal","Restricted Area","Center(C)","Less Than 8 ft.","1","-7","9","1","1","20260418","CLE","TOR"
"Shot Chart Detail","0042500131","21","1630567","Scottie Barnes","1610612761","Toronto Raptors","1","9","50","Made Shot","Jump Shot","3PT Field Goal","Above the Break 3","Left Side Center(LC)","24+ ft.","25","-158","196","1","1","20260418","CLE","TOR"
"Shot Chart Detail","0042500131","22","1628378","Donovan Mitchell","1610612739","Cleveland Cavaliers","1","9","37","Missed Shot","Driving Finger Roll Layup Shot","2PT Field Goal","Restricted Area","Center(C)","Less Than 8 ft.","0","2","9","1","0","20260418","CLE","TOR"
"Shot Chart Detail","0042500131","28","1630567","Scottie Barnes","1610612761","Toronto Raptors","1","9","13","Made Shot","Jump Shot","3PT Field Goal","Above the Break 3","Left Side Center(LC)","24+ ft.","26","-137","223","1","1","20260418","CLE","TOR"
"Shot Chart Detail","0042500131","30","1629731","Dean Wade","1610612739","Cleveland Cavaliers","1","9","1","Missed Shot","Jump Shot","3PT Field Goal","Right Corner 3","Right Side(R)","24+ ft.","23","232","-11","1","0","20260418","CLE","TOR"
"Shot Chart Detail","0042500131","32","1630596","Evan Mobley","1610612739","Cleveland Cavaliers","1","8","57","Made Shot","Driving Dunk Shot","2PT Field Goal","Restricted Area","Center(C)","Less Than 8 ft.","0","-2","4","1","1","20260418","CLE","TOR"
"Shot Chart Detail","0042500131","33","1629628","RJ Barrett","1610612761","Toronto Raptors","1","8","32","Missed Shot","Jump Shot","3PT Field Goal","Right Corner 3","Right Side(R)","24+ ft.","22","227","26","1","0","20260418","CLE","TOR"
"Shot Chart Detail","0042500131","36","1628386","Jarrett Allen","1610612739","Cleveland Cavaliers","1","8","14","Made Shot","Driving Dunk Shot","2PT Field Goal","Restricted Area","Center(C)","Less Than 8 ft.","2","16","14","1","1","20260418","CLE","TOR"
"Shot Chart Detail","0042500131","38","1642347","Jamal Shead","1610612761","Toronto Raptors","1","7","58","Made Shot","Jump Shot","3PT Field Goal","Above the Break 3","Right Side Center(RC)","24+ ft.","25","234","90","1","1","20260418","CLE","TOR"
"Shot Chart Detail","0042500131","48","1630567","Scottie Barnes","1610612761","Toronto Raptors","1","7","27","Missed Shot","Driving Floating Jump Shot","2PT Field Goal","In The Paint (Non-RA)","Center(C)","8-16 ft.","12","-55","117","1","0","20260418","CLE","TOR"
"Shot Chart Detail","0042500131","54","1628378","Donovan Mitchell","1610612739","Cleveland Cavaliers","1","7","16","Made Shot","Pullup Jump shot","3PT Field Goal","Above the Break 3","Center(C)","24+ ft.","26","10","264","1","1","20260418","CLE","TOR"
"Shot Chart Detail","0042500131","61","1642347","Jamal Shead","1610612761","Toronto Raptors","1","6","59","Made Shot","Driving Floating Jump Shot","2PT Field Goal","In The Paint (Non-RA)","Center(C)","Less Than 8 ft.","5","-37","37","1","1","20260418","CLE","TOR"
"Shot Chart Detail","0042500131","67","201935","James Harden","1610612739","Cleveland Cavaliers","1","6","46","Made Shot","Driving Floating Jump Shot","2PT Field Goal","In The Paint (Non-RA)","Center(C)","Less Than 8 ft.","7","36","61","1","1","20260418","CLE","TOR"
"Shot Chart Detail","0042500131","68","1642266","Ja'Kobe Walter","1610612761","Toronto Raptors","1","6","31","Made Shot","Driving Layup Shot","2PT Field Goal","Restricted Area","Center(C)","Less Than 8 ft.","1","15","10","1","1","20260418","CLE","TOR"
"Shot Chart Detail","0042500131","70","1628386","Jarrett Allen","1610612739","Cleveland Cavaliers","1","6","18","Missed Shot","Cutting Layup Shot","2PT Field Goal","Restricted Area","Center(C)","Less Than 8 ft.","2","-18","11","1","0","20260418","CLE","TOR"
"Shot Chart Detail","0042500131","78","1630241","Sam Merrill","1610612739","Cleveland Cavaliers","1","5","34","Missed Shot","Jump Shot","3PT Field Goal","Above the Break 3","Left Side Center(LC)","24+ ft.","25","-219","121","1","0","20260418","CLE","TOR"
"Shot Chart Detail","0042500131","90","201935","James Harden","1610612739","Cleveland Cavaliers","1","5","0","Made Shot","Step Back Jump shot","3PT Field Goal","Above the Break 3","Right Side Center(RC)","24+ ft.","25","190","171","1","1","20260418","CLE","TOR"
"Shot Chart Detail","0042500131","91","1642347","Jamal Shead","1610612761","Toronto Raptors","1","4","48","Missed Shot","Jump Shot","3PT Field Goal","Above the Break 3","Left Side Center(LC)","24+ ft.","27","-233","149","1","0","20260418","CLE","TOR"
"Shot Chart Detail","0042500131","96","1627742","Brandon Ingram","1610612761","Toronto Raptors","1","4","26","Made Shot","Pullup Jump shot","2PT Field Goal","Mid-Range","Right Side(R)","8-16 ft.","12","108","71","1","1","20260418","CLE","TOR"
"Shot Chart Detail","0042500131","98","1629622","Max Strus","1610612739","Cleveland Cavaliers","1","4","15","Missed Shot","Jump Shot","3PT Field Goal","Above the Break 3","Right Side Center(RC)","24+ ft.","26","135","226","1","0","20260418","CLE","TOR"
"Shot Chart Detail","0042500131","100","1642867","Collin Murray-Boyles","1610612761","Toronto Raptors","1","4","5","Made Shot","Turnaround Bank Hook Shot","2PT Field Goal","In The Paint (Non-RA)","Center(C)","Less Than 8 ft.","7","-60","39","1","1","20260418","CLE","TOR"
"Shot Chart Detail","0042500131","102","201935","James Harden","1610612739","Cleveland Cavaliers","1","3","52","Missed Shot","Driving Floating Jump Shot","2PT Field Goal","In The Paint (Non-RA)","Center(C)","Less Than 8 ft.","6","-7","63","1","0","20260418","CLE","TOR"
"Shot Chart Detail","0042500131","104","1642266","Ja'Kobe Walter","1610612761","Toronto Raptors","1","3","43","Missed Shot","Jump Shot","3PT Field Goal","Above the Break 3","Left Side Center(LC)","24+ ft.","28","-210","189","1","0","20260418","CLE","TOR"
"Shot Chart Detail","0042500131","106","1627742","Brandon Ingram","1610612761","Toronto Raptors","1","3","38","Missed Shot","Jump Shot","3PT Field Goal","Above the Break 3","Right Side Center(RC)","24+ ft.","26","180","197","1","0","20260418","CLE","TOR"
"Shot Chart Detail","0042500131","124","1630241","Sam Merrill","1610612739","Cleveland Cavaliers","1","2","56","Missed Shot","Jump Shot","3PT Field Goal","Right Corner 3","Right Side(R)","24+ ft.","23","230","29","1","0","20260418","CLE","TOR"
"Shot Chart Detail","0042500131","130","1627742","Brandon Ingram","1610612761","Toronto Raptors","1","2","31","Made Shot","Turnaround Jump Shot","2PT Field Goal","Mid-Range","Right Side(R)","8-16 ft.","13","91","106","1","1","20260418","CLE","TOR"
"Shot Chart Detail","0042500131","131","1629622","Max Strus","1610612739","Cleveland Cavaliers","1","2","19","Made Shot","Driving Floating Jump Shot","2PT Field Goal","Restricted Area","Center(C)","Less Than 8 ft.","3","-11","32","1","1","20260418","CLE","TOR"
"Shot Chart Detail","0042500131","133","1630567","Scottie Barnes","1610612761","Toronto Raptors","1","2","3","Made Shot","Jump Shot","3PT Field Goal","Above the Break 3","Center(C)","24+ ft.","26","-39","263","1","1","20260418","CLE","TOR"
"Shot Chart Detail","0042500131","153","1642867","Collin Murray-Boyles","1610612761","Toronto Raptors","1","1","18","Made Shot","Layup Shot","2PT Field Goal","Restricted Area","Center(C)","Less Than 8 ft.","1","-6","10","1","1","20260418","CLE","TOR"
"Shot Chart Detail","0042500131","161","1627742","Brandon Ingram","1610612761","Toronto Raptors","1","0","54","Made Shot","Pullup Jump shot","2PT Field Goal","Mid-Range","Left Side Center(LC)","16-24 ft.","18","-126","131","1","1","20260418","CLE","TOR"
"Shot Chart Detail","0042500131","162","1628378","Donovan Mitchell","1610612739","Cleveland Cavaliers","1","0","46","Made Shot","Step Back Jump shot","3PT Field Goal","Above the Break 3","Right Side Center(RC)","24+ ft.","25","223","131","1","1","20260418","CLE","TOR"
"Shot Chart Detail","0042500131","163","1642347","Jamal Shead","1610612761","Toronto Raptors","1","0","36","Missed Shot","Pullup Jump shot","2PT Field Goal","In The Paint (Non-RA)","Center(C)","8-16 ft.","9","44","79","1","0","20260418","CLE","TOR"
"Shot Chart Detail","0042500131","165","1629622","Max Strus","1610612739","Cleveland Cavaliers","1","0","25","Made Shot","Driving Layup Shot","2PT Field Goal","Restricted Area","Center(C)","Less Than 8 ft.","0","1","0","1","1","20260418","CLE","TOR"
"Shot Chart Detail","0042500131","169","1629622","Max Strus","1610612739","Cleveland Cavaliers","1","0","0","Made Shot","Alley Oop Layup shot","2PT Field Goal","Restricted Area","Center(C)","Less Than 8 ft.","1","2","11","1","1","20260418","CLE","TOR"
"Shot Chart Detail","0042500131","185","1629628","RJ Barrett","1610612761","Toronto Raptors","2","11","45","Missed Shot","Driving Floating Jump Shot","2PT Field Goal","Mid-Range","Left Side(L)","8-16 ft.","9","-93","29","1","0","20260418","CLE","TOR"
"Shot Chart Detail","0042500131","188","1642867","Collin Murray-Boyles","1610612761","Toronto Raptors","2","11","42","Made Shot","Floating Jump shot","2PT Field Goal","Mid-Range","Right Side(R)","8-16 ft.","15","124","85","1","1","20260418","CLE","TOR"
"Shot Chart Detail","0042500131","202","1630567","Scottie Barnes","1610612761","Toronto Raptors","2","10","39","Missed Shot","Driving Reverse Layup Shot","2PT Field Goal","Restricted Area","Center(C)","Less Than 8 ft.","1","-12","5","1","0","20260418","CLE","TOR"
"Shot Chart Detail","0042500131","204","203471","Dennis Schröder","1610612739","Cleveland Cavaliers","2","10","31","Missed Shot","Driving Finger Roll Layup Shot","2PT Field Goal","Restricted Area","Center(C)","Less Than 8 ft.","0","2","-6","1","0","20260418","CLE","TOR"
"Shot Chart Detail","0042500131","207","1628378","Donovan Mitchell","1610612739","Cleveland Cavaliers","2","10","21","Made Shot","Pullup Jump shot","3PT Field Goal","Above the Break 3","Left Side Center(LC)","24+ ft.","25","-199","152","1","1","20260418","CLE","TOR"
"Shot Chart Detail","0042500131","211","1628378","Donovan Mitchell","1610612739","Cleveland Cavaliers","2","9","57","Missed Shot","Driving Reverse Layup Shot","2PT Field Goal","Restricted Area","Center(C)","Less Than 8 ft.","0","-5","8","1","0","20260418","CLE","TOR"
"Shot Chart Detail","0042500131","219","1630567","Scottie Barnes","1610612761","Toronto Raptors","2","9","31","Missed Shot","Pullup Jump shot","2PT Field Goal","Mid-Range","Center(C)","16-24 ft.","16","-18","159","1","0","20260418","CLE","TOR"
"Shot Chart Detail","0042500131","226","1630639","A.J. Lawson","1610612761","Toronto Raptors","2","9","11","Missed Shot","Jump Shot","3PT Field Goal","Left Corner 3","Left Side(L)","24+ ft.","23","-238","-4","1","0","20260418","CLE","TOR"
"Shot Chart Detail","0042500131","230","1629628","RJ Barrett","1610612761","Toronto Raptors","2","8","58","Made Shot","Driving Floating Jump Shot","2PT Field Goal","Mid-Range","Left Side(L)","8-16 ft.","12","-85","89","1","1","20260418","CLE","TOR"
"Shot Chart Detail","0042500131","235","1630596","Evan Mobley","1610612739","Cleveland Cavaliers","2","8","40","Missed Shot","Driving Reverse Layup Shot","2PT Field Goal","Restricted Area","Center(C)","Less Than 8 ft.","0","0","4","1","0","20260418","CLE","TOR"
"Shot Chart Detail","0042500131","245","1642347","Jamal Shead","1610612761","Toronto Raptors","2","8","0","Made Shot","Jump Shot","3PT Field Goal","Above the Break 3","Right Side Center(RC)","24+ ft.","26","162","210","1","1","20260418","CLE","TOR"
"Shot Chart Detail","0042500131","247","1630596","Evan Mobley","1610612739","Cleveland Cavaliers","2","7","41","Made Shot","Alley Oop Dunk Shot","2PT Field Goal","Restricted Area","Center(C)","Less Than 8 ft.","1","9","10","1","1","20260418","CLE","TOR"
"Shot Chart Detail","0042500131","251","201935","James Harden","1610612739","Cleveland Cavaliers","2","7","27","Missed Shot","Running Pull-Up Jump Shot","2PT Field Goal","Restricted Area","Center(C)","Less Than 8 ft.","2","26","13","1","0","20260418","CLE","TOR"
"Shot Chart Detail","0042500131","258","1629628","RJ Barrett","1610612761","Toronto Raptors","2","7","23","Missed Shot","Layup Shot","2PT Field Goal","Restricted Area","Center(C)","Less Than 8 ft.","2","12","18","1","0","20260418","CLE","TOR"
"Shot Chart Detail","0042500131","260","201935","James Harden","1610612739","Cleveland Cavaliers","2","7","9","Missed Shot","Step Back Jump shot","3PT Field Goal","Above the Break 3","Right Side Center(RC)","24+ ft.","25","112","229","1","0","20260418","CLE","TOR"
"Shot Chart Detail","0042500131","262","1642347","Jamal Shead","1610612761","Toronto Raptors","2","6","49","Missed Shot","Pullup Jump shot","2PT Field Goal","Mid-Range","Left Side Center(LC)","16-24 ft.","19","-81","175","1","0","20260418","CLE","TOR"
"Shot Chart Detail","0042500131","264","203471","Dennis Schröder","1610612739","Cleveland Cavaliers","2","6","35","Missed Shot","Pullup Jump shot","3PT Field Goal","Above the Break 3","Right Side Center(RC)","24+ ft.","24","183","166","1","0","20260418","CLE","TOR"
"Shot Chart Detail","0042500131","275","1627751","Jakob Poeltl","1610612761","Toronto Raptors","2","6","15","Missed Shot","Driving Layup Shot","2PT Field Goal","In The Paint (Non-RA)","Center(C)","Less Than 8 ft.","6","-47","39","1","0","20260418","CLE","TOR"
"Shot Chart Detail","0042500131","278","201935","James Harden","1610612739","Cleveland Cavaliers","2","5","50","Made Shot","Step Back Jump shot","3PT Field Goal","Above the Break 3","Left Side Center(LC)","24+ ft.","24","-163","180","1","1","20260418","CLE","TOR"
"Shot Chart Detail","0042500131","279","1627742","Brandon Ingram","1610612761","Toronto Raptors","2","5","32","Missed Shot","Fadeaway Jump Shot","2PT Field Goal","Mid-Range","Left Side(L)","8-16 ft.","14","-131","69","1","0","20260418","CLE","TOR"
"Shot Chart Detail","0042500131","281","201935","James Harden","1610612739","Cleveland Cavaliers","2","5","9","Missed Shot","Driving Floating Jump Shot","2PT Field Goal","In The Paint (Non-RA)","Center(C)","Less Than 8 ft.","6","-48","42","1","0","20260418","CLE","TOR"
"Shot Chart Detail","0042500131","286","1642347","Jamal Shead","1610612761","Toronto Raptors","2","4","54","Made Shot","Jump Shot","3PT Field Goal","Above the Break 3","Right Side Center(RC)","24+ ft.","24","222","105","1","1","20260418","CLE","TOR"
"Shot Chart Detail","0042500131","288","1631165","Keon Ellis","1610612739","Cleveland Cavaliers","2","4","41","Made Shot","Jump Shot","3PT Field Goal","Above the Break 3","Left Side Center(LC)","24+ ft.","25","-205","148","1","1","20260418","CLE","TOR"
"Shot Chart Detail","0042500131","294","1630567","Scottie Barnes","1610612761","Toronto Raptors","2","4","28","Missed Shot","Turnaround Jump Shot","2PT Field Goal","In The Paint (Non-RA)","Center(C)","8-16 ft.","12","18","122","1","0","20260418","CLE","TOR"
"Shot Chart Detail","0042500131","303","1628386","Jarrett Allen","1610612739","Cleveland Cavaliers","2","4","18","Missed Shot","Reverse Layup Shot","2PT Field Goal","Restricted Area","Center(C)","Less Than 8 ft.","0","-4","5","1","0","20260418","CLE","TOR"
"Shot Chart Detail","0042500131","306","1627742","Brandon Ingram","1610612761","Toronto Raptors","2","4","3","Made Shot","Turnaround Fadeaway shot","2PT Field Goal","In The Paint (Non-RA)","Right Side(R)","8-16 ft.","10","77","68","1","1","20260418","CLE","TOR"
"Shot Chart Detail","0042500131","315","1627742","Brandon Ingram","1610612761","Toronto Raptors","2","3","38","Made Shot","Turnaround Fadeaway shot","2PT Field Goal","Mid-Range","Right Side(R)","8-16 ft.","14","136","58","1","1","20260418","CLE","TOR"
"Shot Chart Detail","0042500131","317","1628378","Donovan Mitchell","1610612739","Cleveland Cavaliers","2","3","27","Made Shot","Driving Floating Jump Shot","2PT Field Goal","In The Paint (Non-RA)","Right Side(R)","8-16 ft.","11","60","98","1","1","20260418","CLE","TOR"
"Shot Chart Detail","0042500131","318","1630567","Scottie Barnes","1610612761","Toronto Raptors","2","3","13","Made Shot","Driving Layup Shot","2PT Field Goal","Restricted Area","Center(C)","Less Than 8 ft.","1","-11","16","1","1","20260418","CLE","TOR"
"Shot Chart Detail","0042500131","320","201935","James Harden","1610612739","Cleveland Cavaliers","2","2","51","Made Shot","Driving Floating Jump Shot","2PT Field Goal","In The Paint (Non-RA)","Center(C)","Less Than 8 ft.","4","-31","35","1","1","20260418","CLE","TOR"
"Shot Chart Detail","0042500131","321","1642867","Collin Murray-Boyles","1610612761","Toronto Raptors","2","2","37","Missed Shot","Jump Shot","3PT Field Goal","Above the Break 3","Left Side Center(LC)","24+ ft.","26","-228","126","1","0","20260418","CLE","TOR"
"Shot Chart Detail","0042500131","323","1630596","Evan Mobley","1610612739","Cleveland Cavaliers","2","2","16","Made Shot","Driving Dunk Shot","2PT Field Goal","Restricted Area","Center(C)","Less Than 8 ft.","0","-6","6","1","1","20260418","CLE","TOR"
"Shot Chart Detail","0042500131","325","1642266","Ja'Kobe Walter","1610612761","Toronto Raptors","2","2","3","Missed Shot","Jump Shot","3PT Field Goal","Above the Break 3","Center(C)","24+ ft.","27","-75","260","1","0","20260418","CLE","TOR"
"Shot Chart Detail","0042500131","327","1628378","Donovan Mitchell","1610612739","Cleveland Cavaliers","2","1","53","Missed Shot","Step Back Jump shot","3PT Field Goal","Above the Break 3","Center(C)","24+ ft.","26","-53","255","1","0","20260418","CLE","TOR"
"Shot Chart Detail","0042500131","330","1629628","RJ Barrett","1610612761","Toronto Raptors","2","1","45","Made Shot","Jump Shot","3PT Field Goal","Left Corner 3","Left Side(L)","24+ ft.","23","-234","28","1","1","20260418","CLE","TOR"
"Shot Chart Detail","0042500131","332","201935","James Harden","1610612739","Cleveland Cavaliers","2","1","21","Made Shot","Jump Shot","3PT Field Goal","Above the Break 3","Left Side Center(LC)","24+ ft.","24","-85","231","1","1","20260418","CLE","TOR"
"Shot Chart Detail","0042500131","339","201935","James Harden","1610612739","Cleveland Cavaliers","2","0","53","Missed Shot","Pullup Jump shot","3PT Field Goal","Above the Break 3","Center(C)","24+ ft.","25","-64","242","1","0","20260418","CLE","TOR"
"Shot Chart Detail","0042500131","342","1630567","Scottie Barnes","1610612761","Toronto Raptors","2","0","35","Missed Shot","Pullup Jump shot","2PT Field Goal","Mid-Range","Left Side(L)","8-16 ft.","11","-100","60","1","0","20260418","CLE","TOR"
"Shot Chart Detail","0042500131","344","1629622","Max Strus","1610612739","Cleveland Cavaliers","2","0","25","Made Shot","Jump Shot","3PT Field Goal","Above the Break 3","Right Side Center(RC)","24+ ft.","25","113","232","1","1","20260418","CLE","TOR"
"Shot Chart Detail","0042500131","346","1629628","RJ Barrett","1610612761","Toronto Raptors","2","0","3","Made Shot","Jump Shot","3PT Field Goal","Above the Break 3","Left Side Center(LC)","24+ ft.","27","-163","227","1","1","20260418","CLE","TOR"
"Shot Chart Detail","0042500131","354","1642347","Jamal Shead","1610612761","Toronto Raptors","3","11","40","Missed Shot","Driving Floating Jump Shot","2PT Field Goal","In The Paint (Non-RA)","Center(C)","8-16 ft.","13","-39","126","1","0","20260418","CLE","TOR"
"Shot Chart Detail","0042500131","360","1630567","Scottie Barnes","1610612761","Toronto Raptors","3","10","58","Missed Shot","Fadeaway Jump Shot","2PT Field Goal","In The Paint (Non-RA)","Center(C)","8-16 ft.","9","9","94","1","0","20260418","CLE","TOR"
"Shot Chart Detail","0042500131","362","1628386","Jarrett Allen","1610612739","Cleveland Cavaliers","3","10","38","Made Shot","Floating Jump shot","2PT Field Goal","Mid-Range","Left Side(L)","8-16 ft.","10","-97","25","1","1","20260418","CLE","TOR"
"Shot Chart Detail","0042500131","366","1628378","Donovan Mitchell","1610612739","Cleveland Cavaliers","3","10","15","Missed Shot","Running Pull-Up Jump Shot","2PT Field Goal","Restricted Area","Center(C)","Less Than 8 ft.","3","2","36","1","0","20260418","CLE","TOR"
"Shot Chart Detail","0042500131","368","1629731","Dean Wade","1610612739","Cleveland Cavaliers","3","10","12","Made Shot","Tip Dunk Shot","2PT Field Goal","Restricted Area","Center(C)","Less Than 8 ft.","0","0","0","1","1","20260418","CLE","TOR"
"Shot Chart Detail","0042500131","370","1629628","RJ Barrett","1610612761","Toronto Raptors","3","10","0","Missed Shot","Jump Shot","3PT Field Goal","Right Corner 3","Right Side(R)","24+ ft.","23","235","13","1","0","20260418","CLE","TOR"
"Shot Chart Detail","0042500131","372","1630596","Evan Mobley","1610612739","Cleveland Cavaliers","3","9","32","Made Shot","Jump Shot","3PT Field Goal","Above the Break 3","Right Side Center(RC)","24+ ft.","26","163","206","1","1","20260418","CLE","TOR"
"Shot Chart Detail","0042500131","380","1630596","Evan Mobley","1610612739","Cleveland Cavaliers","3","9","7","Made Shot","Driving Layup Shot","2PT Field Goal","Restricted Area","Center(C)","Less Than 8 ft.","2","1","28","1","1","20260418","CLE","TOR"
"Shot Chart Detail","0042500131","381","1630567","Scottie Barnes","1610612761","Toronto Raptors","3","8","54","Missed Shot","Jump Shot","3PT Field Goal","Above the Break 3","Right Side Center(RC)","24+ ft.","25","136","221","1","0","20260418","CLE","TOR"
"Shot Chart Detail","0042500131","383","201935","James Harden","1610612739","Cleveland Cavaliers","3","8","34","Missed Shot","Step Back Jump shot","2PT Field Goal","Mid-Range","Right Side(R)","8-16 ft.","12","81","94","1","0","20260418","CLE","TOR"
"Shot Chart Detail","0042500131","386","1630596","Evan Mobley","1610612739","Cleveland Cavaliers","3","8","18","Missed Shot","Pullup Jump shot","3PT Field Goal","Above the Break 3","Left Side Center(LC)","24+ ft.","25","-183","180","1","0","20260418","CLE","TOR"
"Shot Chart Detail","0042500131","389","1642867","Collin Murray-Boyles","1610612761","Toronto Raptors","3","8","4","Made Shot","Cutting Layup Shot","2PT Field Goal","Restricted Area","Center(C)","Less Than 8 ft.","0","-5","8","1","1","20260418","CLE","TOR"
"Shot Chart Detail","0042500131","391","1628378","Donovan Mitchell","1610612739","Cleveland Cavaliers","3","7","51","Made Shot","Driving Layup Shot","2PT Field Goal","Restricted Area","Center(C)","Less Than 8 ft.","1","1","13","1","1","20260418","CLE","TOR"
"Shot Chart Detail","0042500131","392","1629628","RJ Barrett","1610612761","Toronto Raptors","3","7","34","Made Shot","Driving Floating Bank Jump Shot","2PT Field Goal","Restricted Area","Center(C)","Less Than 8 ft.","1","-17","-5","1","1","20260418","CLE","TOR"
"Shot Chart Detail","0042500131","393","201935","James Harden","1610612739","Cleveland Cavaliers","3","7","17","Missed Shot","Driving Floating Jump Shot","2PT Field Goal","In The Paint (Non-RA)","Center(C)","Less Than 8 ft.","7","38","69","1","0","20260418","CLE","TOR"
"Shot Chart Detail","0042500131","402","1629622","Max Strus","1610612739","Cleveland Cavaliers","3","7","11","Made Shot","Jump Shot","3PT Field Goal","Right Corner 3","Right Side(R)","24+ ft.","23","234","6","1","1","20260418","CLE","TOR"
"Shot Chart Detail","0042500131","406","1629622","Max Strus","1610612739","Cleveland Cavaliers","3","6","39","Made Shot","Jump Shot","3PT Field Goal","Above the Break 3","Right Side Center(RC)","24+ ft.","25","151","200","1","1","20260418","CLE","TOR"
"Shot Chart Detail","0042500131","408","1627742","Brandon Ingram","1610612761","Toronto Raptors","3","6","13","Missed Shot","Pullup Jump shot","2PT Field Goal","In The Paint (Non-RA)","Center(C)","8-16 ft.","15","-64","136","1","0","20260418","CLE","TOR"
"Shot Chart Detail","0042500131","410","201935","James Harden","1610612739","Cleveland Cavaliers","3","5","55","Missed Shot","Step Back Jump shot","3PT Field Goal","Above the Break 3","Left Side Center(LC)","24+ ft.","27","-134","242","1","0","20260418","CLE","TOR"
"Shot Chart Detail","0042500131","414","1629622","Max Strus","1610612739","Cleveland Cavaliers","3","5","37","Made Shot","Driving Layup Shot","2PT Field Goal","Restricted Area","Center(C)","Less Than 8 ft.","3","6","32","1","1","20260418","CLE","TOR"
"Shot Chart Detail","0042500131","421","1629628","RJ Barrett","1610612761","Toronto Raptors","3","5","26","Made Shot","Driving Layup Shot","2PT Field Goal","Restricted Area","Center(C)","Less Than 8 ft.","0","-2","0","1","1","20260418","CLE","TOR"
"Shot Chart Detail","0042500131","428","1642347","Jamal Shead","1610612761","Toronto Raptors","3","4","59","Made Shot","Jump Shot","3PT Field Goal","Above the Break 3","Left Side Center(LC)","24+ ft.","25","-107","230","1","1","20260418","CLE","TOR"
"Shot Chart Detail","0042500131","433","201935","James Harden","1610612739","Cleveland Cavaliers","3","4","33","Made Shot","Pullup Jump shot","3PT Field Goal","Above the Break 3","Right Side Center(RC)","24+ ft.","26","163","209","1","1","20260418","CLE","TOR"
"Shot Chart Detail","0042500131","552","201935","James Harden","1610612739","Cleveland Cavaliers","3","3","57","Missed Shot","Driving Floating Jump Shot","2PT Field Goal","In The Paint (Non-RA)","Center(C)","8-16 ft.","11","-1","116","1","0","20260418","CLE","TOR"
"Shot Chart Detail","0042500131","449","1642281","Jaylon Tyson","1610612739","Cleveland Cavaliers","3","3","37","Missed Shot","Running Jump Shot","3PT Field Goal","Right Corner 3","Right Side(R)","24+ ft.","23","235","2","1","0","20260418","CLE","TOR"
"Shot Chart Detail","0042500131","451","1630241","Sam Merrill","1610612739","Cleveland Cavaliers","3","3","33","Missed Shot","Tip Layup Shot","2PT Field Goal","Restricted Area","Center(C)","Less Than 8 ft.","0","0","0","1","0","20260418","CLE","TOR"
"Shot Chart Detail","0042500131","453","1629628","RJ Barrett","1610612761","Toronto Raptors","3","3","31","Missed Shot","Running Jump Shot","3PT Field Goal","Above the Break 3","Right Side Center(RC)","24+ ft.","25","186","180","1","0","20260418","CLE","TOR"
"Shot Chart Detail","0042500131","462","1628378","Donovan Mitchell","1610612739","Cleveland Cavaliers","3","3","7","Missed Shot","Step Back Jump shot","3PT Field Goal","Above the Break 3","Left Side Center(LC)","24+ ft.","26","-180","196","1","0","20260418","CLE","TOR"
"Shot Chart Detail","0042500131","471","1630596","Evan Mobley","1610612739","Cleveland Cavaliers","3","2","46","Made Shot","Driving Floating Jump Shot","2PT Field Goal","In The Paint (Non-RA)","Center(C)","Less Than 8 ft.","7","-47","63","1","1","20260418","CLE","TOR"
"Shot Chart Detail","0042500131","473","1627751","Jakob Poeltl","1610612761","Toronto Raptors","3","2","32","Made Shot","Cutting Layup Shot","2PT Field Goal","Restricted Area","Center(C)","Less Than 8 ft.","0","6","0","1","1","20260418","CLE","TOR"
"Shot Chart Detail","0042500131","475","1628378","Donovan Mitchell","1610612739","Cleveland Cavaliers","3","2","24","Made Shot","Driving Layup Shot","2PT Field Goal","Restricted Area","Center(C)","Less Than 8 ft.","1","9","13","1","1","20260418","CLE","TOR"
"Shot Chart Detail","0042500131","483","1642281","Jaylon Tyson","1610612739","Cleveland Cavaliers","3","1","58","Missed Shot","Jump Shot","3PT Field Goal","Above the Break 3","Right Side Center(RC)","24+ ft.","25","211","138","1","0","20260418","CLE","TOR"
"Shot Chart Detail","0042500131","485","1628378","Donovan Mitchell","1610612739","Cleveland Cavaliers","3","1","47","Missed Shot","Driving Floating Jump Shot","2PT Field Goal","In The Paint (Non-RA)","Right Side(R)","8-16 ft.","10","53","86","1","0","20260418","CLE","TOR"
"Shot Chart Detail","0042500131","487","1630567","Scottie Barnes","1610612761","Toronto Raptors","3","1","21","Missed Shot","Pullup Jump shot","2PT Field Goal","Mid-Range","Right Side Center(RC)","16-24 ft.","17","76","155","1","0","20260418","CLE","TOR"
"Shot Chart Detail","0042500131","491","1629622","Max Strus","1610612739","Cleveland Cavaliers","3","1","5","Missed Shot","Jump Shot","3PT Field Goal","Right Corner 3","Right Side(R)","24+ ft.","23","235","6","1","0","20260418","CLE","TOR"
"Shot Chart Detail","0042500131","500","1630572","Sandro Mamukelashvili","1610612761","Toronto Raptors","3","0","45","Missed Shot","Driving Floating Jump Shot","2PT Field Goal","In The Paint (Non-RA)","Right Side(R)","8-16 ft.","9","67","68","1","0","20260418","CLE","TOR"
"Shot Chart Detail","0042500131","514","1628378","Donovan Mitchell","1610612739","Cleveland Cavaliers","3","0","10","Made Shot","Step Back Jump shot","3PT Field Goal","Above the Break 3","Left Side Center(LC)","24+ ft.","26","-165","205","1","1","20260418","CLE","TOR"
"Shot Chart Detail","0042500131","538","1630241","Sam Merrill","1610612739","Cleveland Cavaliers","4","11","47","Made Shot","Jump Shot","3PT Field Goal","Above the Break 3","Right Side Center(RC)","24+ ft.","25","89","235","1","1","20260418","CLE","TOR"
"Shot Chart Detail","0042500131","540","1630572","Sandro Mamukelashvili","1610612761","Toronto Raptors","4","11","26","Made Shot","Jump Shot","3PT Field Goal","Above the Break 3","Right Side Center(RC)","24+ ft.","28","162","229","1","1","20260418","CLE","TOR"
"Shot Chart Detail","0042500131","544","1642281","Jaylon Tyson","1610612739","Cleveland Cavaliers","4","11","4","Missed Shot","Driving Bank Hook Shot","2PT Field Goal","In The Paint (Non-RA)","Center(C)","Less Than 8 ft.","4","-47","15","1","0","20260418","CLE","TOR"
"Shot Chart Detail","0042500131","550","203471","Dennis Schröder","1610612739","Cleveland Cavaliers","4","10","39","Made Shot","Driving Layup Shot","2PT Field Goal","Restricted Area","Center(C)","Less Than 8 ft.","0","5","8","1","1","20260418","CLE","TOR"
"Shot Chart Detail","0042500131","551","1642347","Jamal Shead","1610612761","Toronto Raptors","4","10","27","Made Shot","Jump Shot","3PT Field Goal","Left Corner 3","Left Side(L)","24+ ft.","23","-229","-22","1","1","20260418","CLE","TOR"
"Shot Chart Detail","0042500131","560","1642347","Jamal Shead","1610612761","Toronto Raptors","4","9","55","Missed Shot","Driving Floating Jump Shot","2PT Field Goal","Mid-Range","Right Side(R)","8-16 ft.","9","93","0","1","0","20260418","CLE","TOR"
"Shot Chart Detail","0042500131","562","1628378","Donovan Mitchell","1610612739","Cleveland Cavaliers","4","9","47","Made Shot","Driving Dunk Shot","2PT Field Goal","Restricted Area","Center(C)","Less Than 8 ft.","1","5","16","1","1","20260418","CLE","TOR"
"Shot Chart Detail","0042500131","566","1628378","Donovan Mitchell","1610612739","Cleveland Cavaliers","4","9","29","Missed Shot","Running Layup Shot","2PT Field Goal","Restricted Area","Center(C)","Less Than 8 ft.","2","13","16","1","0","20260418","CLE","TOR"
"Shot Chart Detail","0042500131","568","1628378","Donovan Mitchell","1610612739","Cleveland Cavaliers","4","9","28","Made Shot","Driving Layup Shot","2PT Field Goal","Restricted Area","Center(C)","Less Than 8 ft.","1","1","11","1","1","20260418","CLE","TOR"
"Shot Chart Detail","0042500131","576","1630639","A.J. Lawson","1610612761","Toronto Raptors","4","9","10","Missed Shot","Jump Shot","3PT Field Goal","Left Corner 3","Left Side(L)","24+ ft.","22","-224","3","1","0","20260418","CLE","TOR"
"Shot Chart Detail","0042500131","578","203471","Dennis Schröder","1610612739","Cleveland Cavaliers","4","8","54","Missed Shot","Jump Shot","3PT Field Goal","Left Corner 3","Left Side(L)","24+ ft.","23","-237","13","1","0","20260418","CLE","TOR"
"Shot Chart Detail","0042500131","580","1630567","Scottie Barnes","1610612761","Toronto Raptors","4","8","40","Made Shot","Turnaround Bank shot","2PT Field Goal","Restricted Area","Center(C)","Less Than 8 ft.","1","-13","6","1","1","20260418","CLE","TOR"
"Shot Chart Detail","0042500131","587","1628378","Donovan Mitchell","1610612739","Cleveland Cavaliers","4","8","25","Made Shot","Driving Floating Jump Shot","2PT Field Goal","In The Paint (Non-RA)","Center(C)","8-16 ft.","8","10","80","1","1","20260418","CLE","TOR"
"Shot Chart Detail","0042500131","589","1642266","Ja'Kobe Walter","1610612761","Toronto Raptors","4","8","15","Made Shot","Jump Shot","3PT Field Goal","Above the Break 3","Left Side Center(LC)","24+ ft.","24","-174","177","1","1","20260418","CLE","TOR"
"Shot Chart Detail","0042500131","591","1628378","Donovan Mitchell","1610612739","Cleveland Cavaliers","4","8","1","Missed Shot","Driving Floating Jump Shot","2PT Field Goal","Restricted Area","Center(C)","Less Than 8 ft.","3","25","31","1","0","20260418","CLE","TOR"
"Shot Chart Detail","0042500131","608","1629731","Dean Wade","1610612739","Cleveland Cavaliers","4","7","38","Made Shot","Jump Shot","3PT Field Goal","Left Corner 3","Left Side(L)","24+ ft.","23","-234","11","1","1","20260418","CLE","TOR"
"Shot Chart Detail","0042500131","612","1630567","Scottie Barnes","1610612761","Toronto Raptors","4","7","11","Made Shot","Driving Dunk Shot","2PT Field Goal","Restricted Area","Center(C)","Less Than 8 ft.","0","-6","3","1","1","20260418","CLE","TOR"
"Shot Chart Detail","0042500131","613","201935","James Harden","1610612739","Cleveland Cavaliers","4","6","44","Made Shot","Driving Floating Jump Shot","2PT Field Goal","In The Paint (Non-RA)","Right Side(R)","8-16 ft.","8","54","69","1","1","20260418","CLE","TOR"
"Shot Chart Detail","0042500131","614","1630639","A.J. Lawson","1610612761","Toronto Raptors","4","6","35","Made Shot","Cutting Layup Shot","2PT Field Goal","Restricted Area","Center(C)","Less Than 8 ft.","0","-5","8","1","1","20260418","CLE","TOR"
"Shot Chart Detail","0042500131","625","1628386","Jarrett Allen","1610612739","Cleveland Cavaliers","4","5","59","Made Shot","Cutting Dunk Shot","2PT Field Goal","Restricted Area","Center(C)","Less Than 8 ft.","2","5","21","1","1","20260418","CLE","TOR"
"Shot Chart Detail","0042500131","634","201935","James Harden","1610612739","Cleveland Cavaliers","4","5","27","Made Shot","Driving Floating Jump Shot","2PT Field Goal","Mid-Range","Left Side(L)","8-16 ft.","13","-97","88","1","1","20260418","CLE","TOR"
"Shot Chart Detail","0042500131","642","1629628","RJ Barrett","1610612761","Toronto Raptors","4","4","48","Missed Shot","Driving Layup Shot","2PT Field Goal","Restricted Area","Center(C)","Less Than 8 ft.","2","-15","22","1","0","20260418","CLE","TOR"
"Shot Chart Detail","0042500131","644","1642867","Collin Murray-Boyles","1610612761","Toronto Raptors","4","4","43","Made Shot","Cutting Dunk Shot","2PT Field Goal","Restricted Area","Center(C)","Less Than 8 ft.","1","1","11","1","1","20260418","CLE","TOR"
"Shot Chart Detail","0042500131","646","1629622","Max Strus","1610612739","Cleveland Cavaliers","4","4","23","Made Shot","Jump Shot","3PT Field Goal","Above the Break 3","Left Side Center(LC)","24+ ft.","29","-188","230","1","1","20260418","CLE","TOR"
"Shot Chart Detail","0042500131","648","1630572","Sandro Mamukelashvili","1610612761","Toronto Raptors","4","4","3","Missed Shot","Jump Shot","3PT Field Goal","Above the Break 3","Left Side Center(LC)","24+ ft.","25","-115","225","1","0","20260418","CLE","TOR"
"Shot Chart Detail","0042500131","650","1629628","RJ Barrett","1610612761","Toronto Raptors","4","3","58","Made Shot","Jump Shot","3PT Field Goal","Above the Break 3","Right Side Center(RC)","24+ ft.","26","185","184","1","1","20260418","CLE","TOR"
"Shot Chart Detail","0042500131","663","1630639","A.J. Lawson","1610612761","Toronto Raptors","4","3","29","Missed Shot","Driving Layup Shot","2PT Field Goal","Restricted Area","Center(C)","Less Than 8 ft.","1","-2","10","1","0","20260418","CLE","TOR"
"Shot Chart Detail","0042500131","666","1642266","Ja'Kobe Walter","1610612761","Toronto Raptors","4","3","27","Missed Shot","Jump Shot","3PT Field Goal","Right Corner 3","Right Side(R)","24+ ft.","23","233","15","1","0","20260418","CLE","TOR"
"Shot Chart Detail","0042500131","728","201935","James Harden","1610612739","Cleveland Cavaliers","4","2","58","Missed Shot","Driving Floating Jump Shot","2PT Field Goal","In The Paint (Non-RA)","Center(C)","Less Than 8 ft.","5","-27","49","1","0","20260418","CLE","TOR"
"Shot Chart Detail","0042500131","681","1642867","Collin Murray-Boyles","1610612761","Toronto Raptors","4","2","41","Made Shot","Layup Shot","2PT Field Goal","Restricted Area","Center(C)","Less Than 8 ft.","0","4","8","1","1","20260418","CLE","TOR"
"Shot Chart Detail","0042500131","683","1630596","Evan Mobley","1610612739","Cleveland Cavaliers","4","2","24","Missed Shot","Turnaround Hook Shot","2PT Field Goal","In The Paint (Non-RA)","Center(C)","Less Than 8 ft.","4","-12","43","1","0","20260418","CLE","TOR"
"Shot Chart Detail","0042500131","685","1642867","Collin Murray-Boyles","1610612761","Toronto Raptors","4","2","18","Made Shot","Running Dunk Shot","2PT Field Goal","Restricted Area","Center(C)","Less Than 8 ft.","1","-10","11","1","1","20260418","CLE","TOR"
"Shot Chart Detail","0042500131","687","1628378","Donovan Mitchell","1610612739","Cleveland Cavaliers","4","2","4","Made Shot","Driving Dunk Shot","2PT Field Goal","Restricted Area","Center(C)","Less Than 8 ft.","1","6","10","1","1","20260418","CLE","TOR"
"Shot Chart Detail","0042500131","712","1641772","Nae'Qwan Tomlin","1610612739","Cleveland Cavaliers","4","1","38","Made Shot","Driving Reverse Layup Shot","2PT Field Goal","Restricted Area","Center(C)","Less Than 8 ft.","0","-6","5","1","1","20260418","CLE","TOR"
"Shot Chart Detail","0042500131","713","1642367","Jonathan Mogbo","1610612761","Toronto Raptors","4","1","17","Made Shot","Cutting Dunk Shot","2PT Field Goal","Restricted Area","Center(C)","Less Than 8 ft.","1","10","0","1","1","20260418","CLE","TOR"
"Shot Chart Detail","0042500131","722","1642281","Jaylon Tyson","1610612739","Cleveland Cavaliers","4","0","35","Missed Shot","Driving Floating Jump Shot","2PT Field Goal","In The Paint (Non-RA)","Center(C)","8-16 ft.","9","-10","99","1","0","20260418","CLE","TOR"
"Shot Chart Detail","0042500131","724","1642419","Jamison Battle","1610612761","Toronto Raptors","4","0","23","Missed Shot","Jump Shot","3PT Field Goal","Left Corner 3","Left Side(L)","24+ ft.","23","-233","-4","1","0","20260418","CLE","TOR"
"Shot Chart Detail","0042500132","7","1628386","Jarrett Allen","1610612739","Cleveland Cavaliers","1","11","43","Made Shot","Driving Floating Jump Shot","2PT Field Goal","In The Paint (Non-RA)","Center(C)","Less Than 8 ft.","5","2","55","1","1","20260420","CLE","TOR"
"Shot Chart Detail","0042500132","9","1627742","Brandon Ingram","1610612761","Toronto Raptors","1","11","29","Missed Shot","Pullup Jump shot","2PT Field Goal","Mid-Range","Center(C)","8-16 ft.","15","2","159","1","0","20260420","CLE","TOR"
"Shot Chart Detail","0042500132","13","1628386","Jarrett Allen","1610612739","Cleveland Cavaliers","1","11","14","Made Shot","Cutting Layup Shot","2PT Field Goal","Restricted Area","Center(C)","Less Than 8 ft.","2","9","20","1","1","20260420","CLE","TOR"
"Shot Chart Detail","0042500132","17","1630567","Scottie Barnes","1610612761","Toronto Raptors","1","10","55","Missed Shot","Jump Shot","3PT Field Goal","Above the Break 3","Left Side Center(LC)","24+ ft.","26","-186","183","1","0","20260420","CLE","TOR"
"Shot Chart Detail","0042500132","19","201935","James Harden","1610612739","Cleveland Cavaliers","1","10","42","Made Shot","Step Back Jump shot","2PT Field Goal","Mid-Range","Right Side(R)","8-16 ft.","11","113","22","1","1","20260420","CLE","TOR"
"Shot Chart Detail","0042500132","20","1642347","Jamal Shead","1610612761","Toronto Raptors","1","10","24","Made Shot","Jump Shot","3PT Field Goal","Above the Break 3","Left Side Center(LC)","24+ ft.","26","-225","133","1","1","20260420","CLE","TOR"
"Shot Chart Detail","0042500132","22","1628378","Donovan Mitchell","1610612739","Cleveland Cavaliers","1","10","11","Missed Shot","Driving Floating Jump Shot","2PT Field Goal","In The Paint (Non-RA)","Center(C)","Less Than 8 ft.","6","37","55","1","0","20260420","CLE","TOR"
"Shot Chart Detail","0042500132","24","1628378","Donovan Mitchell","1610612739","Cleveland Cavaliers","1","10","10","Made Shot","Fadeaway Jump Shot","2PT Field Goal","In The Paint (Non-RA)","Center(C)","8-16 ft.","13","60","125","1","1","20260420","CLE","TOR"
"Shot Chart Detail","0042500132","31","1629628","RJ Barrett","1610612761","Toronto Raptors","1","9","57","Made Shot","Alley Oop Layup shot","2PT Field Goal","Restricted Area","Center(C)","Less Than 8 ft.","0","-1","4","1","1","20260420","CLE","TOR"
"Shot Chart Detail","0042500132","33","201935","James Harden","1610612739","Cleveland Cavaliers","1","9","41","Made Shot","Driving Floating Jump Shot","2PT Field Goal","In The Paint (Non-RA)","Left Side(L)","8-16 ft.","9","-53","79","1","1","20260420","CLE","TOR"
"Shot Chart Detail","0042500132","36","1627742","Brandon Ingram","1610612761","Toronto Raptors","1","9","3","Missed Shot","Pullup Jump shot","2PT Field Goal","Mid-Range","Left Side(L)","8-16 ft.","14","-89","118","1","0","20260420","CLE","TOR"
"Shot Chart Detail","0042500132","38","1627751","Jakob Poeltl","1610612761","Toronto Raptors","1","8","59","Made Shot","Putback Layup Shot","2PT Field Goal","In The Paint (Non-RA)","Center(C)","Less Than 8 ft.","7","-40","63","1","1","20260420","CLE","TOR"
"Shot Chart Detail","0042500132","39","1628378","Donovan Mitchell","1610612739","Cleveland Cavaliers","1","8","31","Made Shot","Turnaround Fadeaway shot","2PT Field Goal","Mid-Range","Right Side Center(RC)","16-24 ft.","19","88","173","1","1","20260420","CLE","TOR"
"Shot Chart Detail","0042500132","40","1627742","Brandon Ingram","1610612761","Toronto Raptors","1","8","12","Missed Shot","Driving Reverse Layup Shot","2PT Field Goal","Restricted Area","Center(C)","Less Than 8 ft.","2","12","18","1","0","20260420","CLE","TOR"
"Shot Chart Detail","0042500132","42","201935","James Harden","1610612739","Cleveland Cavaliers","1","8","4","Missed Shot","Running Pull-Up Jump Shot","3PT Field Goal","Above the Break 3","Left Side Center(LC)","24+ ft.","25","-87","236","1","0","20260420","CLE","TOR"
"Shot Chart Detail","0042500132","52","1628378","Donovan Mitchell","1610612739","Cleveland Cavaliers","1","7","40","Missed Shot","Driving Layup Shot","2PT Field Goal","Restricted Area","Center(C)","Less Than 8 ft.","1","-6","9","1","0","20260420","CLE","TOR"
"Shot Chart Detail","0042500132","57","1628386","Jarrett Allen","1610612739","Cleveland Cavaliers","1","7","16","Missed Shot","Driving Bank Hook Shot","2PT Field Goal","In The Paint (Non-RA)","Center(C)","Less Than 8 ft.","5","-50","19","1","0","20260420","CLE","TOR"
"Shot Chart Detail","0042500132","60","1628378","Donovan Mitchell","1610612739","Cleveland Cavaliers","1","6","56","Made Shot","Step Back Jump shot","3PT Field Goal","Above the Break 3","Left Side Center(LC)","24+ ft.","24","-87","229","1","1","20260420","CLE","TOR"
"Shot Chart Detail","0042500132","68","1629628","RJ Barrett","1610612761","Toronto Raptors","1","6","39","Missed Shot","Driving Layup Shot","2PT Field Goal","Restricted Area","Center(C)","Less Than 8 ft.","1","-7","15","1","0","20260420","CLE","TOR"
"Shot Chart Detail","0042500132","70","1630572","Sandro Mamukelashvili","1610612761","Toronto Raptors","1","6","37","Missed Shot","Tip Layup Shot","2PT Field Goal","Restricted Area","Center(C)","Less Than 8 ft.","0","0","0","1","0","20260420","CLE","TOR"
"Shot Chart Detail","0042500132","77","1627742","Brandon Ingram","1610612761","Toronto Raptors","1","5","49","Missed Shot","Driving Layup Shot","2PT Field Goal","Restricted Area","Center(C)","Less Than 8 ft.","1","-10","4","1","0","20260420","CLE","TOR"
"Shot Chart Detail","0042500132","80","1630572","Sandro Mamukelashvili","1610612761","Toronto Raptors","1","5","44","Made Shot","Jump Shot","3PT Field Goal","Above the Break 3","Left Side Center(LC)","24+ ft.","25","-175","191","1","1","20260420","CLE","TOR"
"Shot Chart Detail","0042500132","82","201935","James Harden","1610612739","Cleveland Cavaliers","1","5","23","Made Shot","Driving Layup Shot","2PT Field Goal","Restricted Area","Center(C)","Less Than 8 ft.","0","-1","8","1","1","20260420","CLE","TOR"
"Shot Chart Detail","0042500132","83","1642867","Collin Murray-Boyles","1610612761","Toronto Raptors","1","5","1","Missed Shot","Driving Layup Shot","2PT Field Goal","Restricted Area","Center(C)","Less Than 8 ft.","1","4","10","1","0","20260420","CLE","TOR"
"Shot Chart Detail","0042500132","85","1628386","Jarrett Allen","1610612739","Cleveland Cavaliers","1","4","48","Made Shot","Cutting Layup Shot","2PT Field Goal","Restricted Area","Center(C)","Less Than 8 ft.","0","-7","6","1","1","20260420","CLE","TOR"
"Shot Chart Detail","0042500132","87","1642266","Ja'Kobe Walter","1610612761","Toronto Raptors","1","4","38","Missed Shot","Jump Shot","3PT Field Goal","Left Corner 3","Left Side(L)","24+ ft.","24","-240","59","1","0","20260420","CLE","TOR"
"Shot Chart Detail","0042500132","89","1630241","Sam Merrill","1610612739","Cleveland Cavaliers","1","4","13","Missed Shot","Step Back Jump shot","3PT Field Goal","Above the Break 3","Right Side Center(RC)","24+ ft.","25","227","121","1","0","20260420","CLE","TOR"
"Shot Chart Detail","0042500132","91","1642867","Collin Murray-Boyles","1610612761","Toronto Raptors","1","4","3","Made Shot","Floating Jump shot","2PT Field Goal","In The Paint (Non-RA)","Center(C)","8-16 ft.","11","-20","113","1","1","20260420","CLE","TOR"
"Shot Chart Detail","0042500132","106","1629622","Max Strus","1610612739","Cleveland Cavaliers","1","3","44","Made Shot","Jump Shot","3PT Field Goal","Above the Break 3","Right Side Center(RC)","24+ ft.","25","162","200","1","1","20260420","CLE","TOR"
"Shot Chart Detail","0042500132","108","1642347","Jamal Shead","1610612761","Toronto Raptors","1","3","28","Missed Shot","Jump Shot","3PT Field Goal","Above the Break 3","Left Side Center(LC)","24+ ft.","28","-141","244","1","0","20260420","CLE","TOR"
"Shot Chart Detail","0042500132","112","1642867","Collin Murray-Boyles","1610612761","Toronto Raptors","1","3","8","Made Shot","Running Layup Shot","2PT Field Goal","Restricted Area","Center(C)","Less Than 8 ft.","1","-10","6","1","1","20260420","CLE","TOR"
"Shot Chart Detail","0042500132","114","1629622","Max Strus","1610612739","Cleveland Cavaliers","1","2","52","Missed Shot","Jump Shot","3PT Field Goal","Above the Break 3","Left Side Center(LC)","24+ ft.","24","-174","173","1","0","20260420","CLE","TOR"
"Shot Chart Detail","0042500132","120","1630596","Evan Mobley","1610612739","Cleveland Cavaliers","1","2","17","Made Shot","Cutting Dunk Shot","2PT Field Goal","Restricted Area","Center(C)","Less Than 8 ft.","0","1","4","1","1","20260420","CLE","TOR"
"Shot Chart Detail","0042500132","125","1642266","Ja'Kobe Walter","1610612761","Toronto Raptors","1","2","1","Made Shot","Jump Shot","3PT Field Goal","Right Corner 3","Right Side(R)","24+ ft.","22","225","6","1","1","20260420","CLE","TOR"
"Shot Chart Detail","0042500132","127","1630596","Evan Mobley","1610612739","Cleveland Cavaliers","1","1","46","Made Shot","Layup Shot","2PT Field Goal","Restricted Area","Center(C)","Less Than 8 ft.","1","-16","8","1","1","20260420","CLE","TOR"
"Shot Chart Detail","0042500132","129","1642266","Ja'Kobe Walter","1610612761","Toronto Raptors","1","1","31","Missed Shot","Jump Shot","3PT Field Goal","Above the Break 3","Right Side Center(RC)","24+ ft.","26","124","233","1","0","20260420","CLE","TOR"
"Shot Chart Detail","0042500132","137","1629622","Max Strus","1610612739","Cleveland Cavaliers","1","0","47","Missed Shot","Jump Shot","3PT Field Goal","Above the Break 3","Right Side Center(RC)","24+ ft.","25","119","224","1","0","20260420","CLE","TOR"
"Shot Chart Detail","0042500132","139","1630639","A.J. Lawson","1610612761","Toronto Raptors","1","0","32","Missed Shot","Jump Shot","3PT Field Goal","Above the Break 3","Left Side Center(LC)","24+ ft.","26","-146","221","1","0","20260420","CLE","TOR"
"Shot Chart Detail","0042500132","141","1628378","Donovan Mitchell","1610612739","Cleveland Cavaliers","1","0","11","Missed Shot","Step Back Jump shot","3PT Field Goal","Above the Break 3","Center(C)","24+ ft.","24","-37","247","1","0","20260420","CLE","TOR"
"Shot Chart Detail","0042500132","143","1642867","Collin Murray-Boyles","1610612761","Toronto Raptors","1","0","0","Missed Shot","Jump Shot","3PT Field Goal","Left Corner 3","Left Side(L)","24+ ft.","23","-235","8","1","0","20260420","CLE","TOR"
"Shot Chart Detail","0042500132","153","1630567","Scottie Barnes","1610612761","Toronto Raptors","2","11","49","Made Shot","Pullup Jump shot","2PT Field Goal","In The Paint (Non-RA)","Center(C)","8-16 ft.","15","72","134","1","1","20260420","CLE","TOR"
"Shot Chart Detail","0042500132","154","203471","Dennis Schröder","1610612739","Cleveland Cavaliers","2","11","37","Missed Shot","Driving Layup Shot","2PT Field Goal","Restricted Area","Center(C)","Less Than 8 ft.","1","-2","15","1","0","20260420","CLE","TOR"
"Shot Chart Detail","0042500132","156","1642266","Ja'Kobe Walter","1610612761","Toronto Raptors","2","11","31","Made Shot","Running Jump Shot","3PT Field Goal","Left Corner 3","Left Side(L)","24+ ft.","24","-240","-14","1","1","20260420","CLE","TOR"
"Shot Chart Detail","0042500132","158","1628378","Donovan Mitchell","1610612739","Cleveland Cavaliers","2","11","3","Made Shot","Jump Shot","3PT Field Goal","Above the Break 3","Right Side Center(RC)","24+ ft.","27","170","214","1","1","20260420","CLE","TOR"
"Shot Chart Detail","0042500132","160","1630567","Scottie Barnes","1610612761","Toronto Raptors","2","10","46","Missed Shot","Pullup Jump shot","2PT Field Goal","Mid-Range","Center(C)","16-24 ft.","17","36","172","1","0","20260420","CLE","TOR"
"Shot Chart Detail","0042500132","163","1630241","Sam Merrill","1610612739","Cleveland Cavaliers","2","10","30","Made Shot","Cutting Layup Shot","2PT Field Goal","Restricted Area","Center(C)","Less Than 8 ft.","1","-9","10","1","1","20260420","CLE","TOR"
"Shot Chart Detail","0042500132","169","1630567","Scottie Barnes","1610612761","Toronto Raptors","2","10","13","Made Shot","Jump Shot","2PT Field Goal","Mid-Range","Left Side(L)","16-24 ft.","22","-207","82","1","1","20260420","CLE","TOR"
"Shot Chart Detail","0042500132","171","1628378","Donovan Mitchell","1610612739","Cleveland Cavaliers","2","10","0","Made Shot","Pullup Jump shot","3PT Field Goal","Above the Break 3","Right Side Center(RC)","24+ ft.","26","218","153","1","1","20260420","CLE","TOR"
"Shot Chart Detail","0042500132","173","1629628","RJ Barrett","1610612761","Toronto Raptors","2","9","43","Made Shot","Driving Layup Shot","2PT Field Goal","Restricted Area","Center(C)","Less Than 8 ft.","1","-2","13","1","1","20260420","CLE","TOR"
"Shot Chart Detail","0042500132","174","1630596","Evan Mobley","1610612739","Cleveland Cavaliers","2","9","26","Made Shot","Cutting Dunk Shot","2PT Field Goal","Restricted Area","Center(C)","Less Than 8 ft.","1","4","11","1","1","20260420","CLE","TOR"
"Shot Chart Detail","0042500132","176","1630639","A.J. Lawson","1610612761","Toronto Raptors","2","9","5","Missed Shot","Driving Layup Shot","2PT Field Goal","Restricted Area","Center(C)","Less Than 8 ft.","3","9","29","1","0","20260420","CLE","TOR"
"Shot Chart Detail","0042500132","178","203471","Dennis Schröder","1610612739","Cleveland Cavaliers","2","8","56","Missed Shot","Jump Shot","3PT Field Goal","Above the Break 3","Left Side Center(LC)","24+ ft.","25","-100","236","1","0","20260420","CLE","TOR"
"Shot Chart Detail","0042500132","180","1630596","Evan Mobley","1610612739","Cleveland Cavaliers","2","8","54","Made Shot","Tip Layup Shot","2PT Field Goal","Restricted Area","Center(C)","Less Than 8 ft.","0","0","0","1","1","20260420","CLE","TOR"
"Shot Chart Detail","0042500132","198","1631165","Keon Ellis","1610612739","Cleveland Cavaliers","2","8","25","Missed Shot","Jump Shot","3PT Field Goal","Left Corner 3","Left Side(L)","24+ ft.","22","-224","-2","1","0","20260420","CLE","TOR"
"Shot Chart Detail","0042500132","200","1627742","Brandon Ingram","1610612761","Toronto Raptors","2","8","19","Missed Shot","Running Dunk Shot","2PT Field Goal","Restricted Area","Center(C)","Less Than 8 ft.","1","-11","0","1","0","20260420","CLE","TOR"
"Shot Chart Detail","0042500132","203","1642281","Jaylon Tyson","1610612739","Cleveland Cavaliers","2","8","6","Missed Shot","Jump Shot","3PT Field Goal","Right Corner 3","Right Side(R)","24+ ft.","23","233","8","1","0","20260420","CLE","TOR"
"Shot Chart Detail","0042500132","205","1630572","Sandro Mamukelashvili","1610612761","Toronto Raptors","2","7","59","Missed Shot","Running Jump Shot","3PT Field Goal","Above the Break 3","Left Side Center(LC)","24+ ft.","27","-207","184","1","0","20260420","CLE","TOR"
"Shot Chart Detail","0042500132","207","1630572","Sandro Mamukelashvili","1610612761","Toronto Raptors","2","7","46","Made Shot","Driving Floating Jump Shot","2PT Field Goal","In The Paint (Non-RA)","Center(C)","Less Than 8 ft.","7","2","75","1","1","20260420","CLE","TOR"
"Shot Chart Detail","0042500132","209","1631165","Keon Ellis","1610612739","Cleveland Cavaliers","2","7","36","Missed Shot","Jump Shot","3PT Field Goal","Left Corner 3","Left Side(L)","24+ ft.","23","-239","-4","1","0","20260420","CLE","TOR"
"Shot Chart Detail","0042500132","211","1630572","Sandro Mamukelashvili","1610612761","Toronto Raptors","2","7","17","Missed Shot","Jump Shot","3PT Field Goal","Above the Break 3","Left Side Center(LC)","24+ ft.","26","-170","206","1","0","20260420","CLE","TOR"
"Shot Chart Detail","0042500132","213","1630596","Evan Mobley","1610612739","Cleveland Cavaliers","2","7","6","Made Shot","Alley Oop Dunk Shot","2PT Field Goal","Restricted Area","Center(C)","Less Than 8 ft.","0","2","-6","1","1","20260420","CLE","TOR"
"Shot Chart Detail","0042500132","215","1630572","Sandro Mamukelashvili","1610612761","Toronto Raptors","2","6","55","Made Shot","Cutting Dunk Shot","2PT Field Goal","Restricted Area","Center(C)","Less Than 8 ft.","1","-12","5","1","1","20260420","CLE","TOR"
"Shot Chart Detail","0042500132","253","1629628","RJ Barrett","1610612761","Toronto Raptors","2","6","30","Missed Shot","Running Layup Shot","2PT Field Goal","In The Paint (Non-RA)","Center(C)","Less Than 8 ft.","5","-4","59","1","0","20260420","CLE","TOR"
"Shot Chart Detail","0042500132","243","1642347","Jamal Shead","1610612761","Toronto Raptors","2","5","49","Missed Shot","Jump Shot","3PT Field Goal","Above the Break 3","Right Side Center(RC)","24+ ft.","25","143","212","1","0","20260420","CLE","TOR"
"Shot Chart Detail","0042500132","245","1642867","Collin Murray-Boyles","1610612761","Toronto Raptors","2","5","46","Made Shot","Putback Layup Shot","2PT Field Goal","Restricted Area","Center(C)","Less Than 8 ft.","0","0","0","1","1","20260420","CLE","TOR"
"Shot Chart Detail","0042500132","251","1642867","Collin Murray-Boyles","1610612761","Toronto Raptors","2","5","11","Missed Shot","Jump Shot","3PT Field Goal","Left Corner 3","Left Side(L)","24+ ft.","23","-234","39","1","0","20260420","CLE","TOR"
"Shot Chart Detail","0042500132","256","201935","James Harden","1610612739","Cleveland Cavaliers","2","4","58","Made Shot","Driving Floating Jump Shot","2PT Field Goal","In The Paint (Non-RA)","Center(C)","Less Than 8 ft.","6","-36","50","1","1","20260420","CLE","TOR"
"Shot Chart Detail","0042500132","257","1630567","Scottie Barnes","1610612761","Toronto Raptors","2","4","49","Made Shot","Driving Floating Jump Shot","2PT Field Goal","Restricted Area","Center(C)","Less Than 8 ft.","3","0","31","1","1","20260420","CLE","TOR"
"Shot Chart Detail","0042500132","264","201935","James Harden","1610612739","Cleveland Cavaliers","2","4","9","Made Shot","Pullup Jump shot","3PT Field Goal","Above the Break 3","Right Side Center(RC)","24+ ft.","25","207","143","1","1","20260420","CLE","TOR"
"Shot Chart Detail","0042500132","269","1627742","Brandon Ingram","1610612761","Toronto Raptors","2","3","52","Missed Shot","Pullup Jump shot","2PT Field Goal","Mid-Range","Right Side(R)","8-16 ft.","14","93","111","1","0","20260420","CLE","TOR"
"Shot Chart Detail","0042500132","271","201935","James Harden","1610612739","Cleveland Cavaliers","2","3","37","Made Shot","Pullup Jump shot","3PT Field Goal","Above the Break 3","Center(C)","24+ ft.","26","23","264","1","1","20260420","CLE","TOR"
"Shot Chart Detail","0042500132","275","201935","James Harden","1610612739","Cleveland Cavaliers","2","3","5","Missed Shot","Step Back Jump shot","3PT Field Goal","Above the Break 3","Right Side Center(RC)","24+ ft.","25","188","166","1","0","20260420","CLE","TOR"
"Shot Chart Detail","0042500132","278","1627751","Jakob Poeltl","1610612761","Toronto Raptors","2","2","54","Missed Shot","Cutting Layup Shot","2PT Field Goal","Restricted Area","Center(C)","Less Than 8 ft.","2","17","18","1","0","20260420","CLE","TOR"
"Shot Chart Detail","0042500132","281","1629628","RJ Barrett","1610612761","Toronto Raptors","2","2","52","Made Shot","Tip Layup Shot","2PT Field Goal","Restricted Area","Center(C)","Less Than 8 ft.","0","0","0","1","1","20260420","CLE","TOR"
"Shot Chart Detail","0042500132","283","1628378","Donovan Mitchell","1610612739","Cleveland Cavaliers","2","2","35","Missed Shot","Jump Shot","3PT Field Goal","Above the Break 3","Left Side Center(LC)","24+ ft.","25","-175","189","1","0","20260420","CLE","TOR"
"Shot Chart Detail","0042500132","292","1630567","Scottie Barnes","1610612761","Toronto Raptors","2","2","23","Made Shot","Jump Shot","3PT Field Goal","Above the Break 3","Left Side Center(LC)","24+ ft.","26","-223","141","1","1","20260420","CLE","TOR"
"Shot Chart Detail","0042500132","338","1629731","Dean Wade","1610612739","Cleveland Cavaliers","2","2","16","Missed Shot","Jump Shot","3PT Field Goal","Above the Break 3","Left Side Center(LC)","24+ ft.","25","-172","183","1","0","20260420","CLE","TOR"
"Shot Chart Detail","0042500132","287","1629628","RJ Barrett","1610612761","Toronto Raptors","2","2","5","Missed Shot","Jump Shot","3PT Field Goal","Above the Break 3","Center(C)","24+ ft.","28","-6","281","1","0","20260420","CLE","TOR"
"Shot Chart Detail","0042500132","291","1628378","Donovan Mitchell","1610612739","Cleveland Cavaliers","2","1","52","Made Shot","Pullup Jump shot","2PT Field Goal","In The Paint (Non-RA)","Center(C)","Less Than 8 ft.","7","-29","64","1","1","20260420","CLE","TOR"
"Shot Chart Detail","0042500132","308","1642347","Jamal Shead","1610612761","Toronto Raptors","2","1","7","Missed Shot","Running Jump Shot","3PT Field Goal","Above the Break 3","Left Side Center(LC)","24+ ft.","26","-113","237","1","0","20260420","CLE","TOR"
"Shot Chart Detail","0042500132","310","1629628","RJ Barrett","1610612761","Toronto Raptors","2","1","6","Made Shot","Tip Layup Shot","2PT Field Goal","Restricted Area","Center(C)","Less Than 8 ft.","0","0","0","1","1","20260420","CLE","TOR"
"Shot Chart Detail","0042500132","311","201935","James Harden","1610612739","Cleveland Cavaliers","2","0","54","Missed Shot","Jump Shot","3PT Field Goal","Left Corner 3","Left Side(L)","24+ ft.","22","-223","0","1","0","20260420","CLE","TOR"
"Shot Chart Detail","0042500132","314","1628378","Donovan Mitchell","1610612739","Cleveland Cavaliers","2","0","33","Missed Shot","Step Back Jump shot","3PT Field Goal","Above the Break 3","Center(C)","24+ ft.","25","0","250","1","0","20260420","CLE","TOR"
"Shot Chart Detail","0042500132","318","1630596","Evan Mobley","1610612739","Cleveland Cavaliers","2","0","23","Made Shot","Cutting Dunk Shot","2PT Field Goal","Restricted Area","Center(C)","Less Than 8 ft.","1","6","-12","1","1","20260420","CLE","TOR"
"Shot Chart Detail","0042500132","354","1628378","Donovan Mitchell","1610612739","Cleveland Cavaliers","3","11","23","Missed Shot","Jump Shot","3PT Field Goal","Above the Break 3","Left Side Center(LC)","24+ ft.","28","-168","233","1","0","20260420","CLE","TOR"
"Shot Chart Detail","0042500132","358","1628378","Donovan Mitchell","1610612739","Cleveland Cavaliers","3","11","11","Made Shot","Running Finger Roll Layup Shot","2PT Field Goal","Restricted Area","Center(C)","Less Than 8 ft.","0","7","-1","1","1","20260420","CLE","TOR"
"Shot Chart Detail","0042500132","360","1630567","Scottie Barnes","1610612761","Toronto Raptors","3","11","0","Missed Shot","Driving Layup Shot","2PT Field Goal","Restricted Area","Center(C)","Less Than 8 ft.","1","-17","-1","1","0","20260420","CLE","TOR"
"Shot Chart Detail","0042500132","368","201935","James Harden","1610612739","Cleveland Cavaliers","3","10","42","Made Shot","Pullup Jump shot","3PT Field Goal","Above the Break 3","Right Side Center(RC)","24+ ft.","26","214","149","1","1","20260420","CLE","TOR"
"Shot Chart Detail","0042500132","372","201935","James Harden","1610612739","Cleveland Cavaliers","3","10","23","Missed Shot","Running Jump Shot","3PT Field Goal","Above the Break 3","Left Side Center(LC)","24+ ft.","26","-222","139","1","0","20260420","CLE","TOR"
"Shot Chart Detail","0042500132","374","1642347","Jamal Shead","1610612761","Toronto Raptors","3","10","16","Missed Shot","Running Jump Shot","3PT Field Goal","Above the Break 3","Right Side Center(RC)","24+ ft.","25","214","132","1","0","20260420","CLE","TOR"
"Shot Chart Detail","0042500132","378","1628378","Donovan Mitchell","1610612739","Cleveland Cavaliers","3","10","3","Made Shot","Pullup Jump shot","2PT Field Goal","Mid-Range","Center(C)","16-24 ft.","16","9","160","1","1","20260420","CLE","TOR"
"Shot Chart Detail","0042500132","381","1627742","Brandon Ingram","1610612761","Toronto Raptors","3","9","50","Made Shot","Pullup Jump shot","2PT Field Goal","Mid-Range","Center(C)","8-16 ft.","15","34","152","1","1","20260420","CLE","TOR"
"Shot Chart Detail","0042500132","383","1630596","Evan Mobley","1610612739","Cleveland Cavaliers","3","9","24","Missed Shot","Jump Shot","3PT Field Goal","Above the Break 3","Left Side Center(LC)","24+ ft.","25","-188","176","1","0","20260420","CLE","TOR"
"Shot Chart Detail","0042500132","385","1627742","Brandon Ingram","1610612761","Toronto Raptors","3","9","16","Made Shot","Running Jump Shot","2PT Field Goal","Mid-Range","Left Side(L)","16-24 ft.","18","-184","-20","1","1","20260420","CLE","TOR"
"Shot Chart Detail","0042500132","387","1630596","Evan Mobley","1610612739","Cleveland Cavaliers","3","9","2","Made Shot","Jump Shot","3PT Field Goal","Right Corner 3","Right Side(R)","24+ ft.","22","225","7","1","1","20260420","CLE","TOR"
"Shot Chart Detail","0042500132","389","1629628","RJ Barrett","1610612761","Toronto Raptors","3","8","50","Made Shot","Driving Floating Jump Shot","2PT Field Goal","In The Paint (Non-RA)","Center(C)","8-16 ft.","9","2","92","1","1","20260420","CLE","TOR"
"Shot Chart Detail","0042500132","390","1628378","Donovan Mitchell","1610612739","Cleveland Cavaliers","3","8","34","Made Shot","Turnaround Jump Shot","2PT Field Goal","Mid-Range","Left Side(L)","8-16 ft.","12","-92","80","1","1","20260420","CLE","TOR"
"Shot Chart Detail","0042500132","391","1627742","Brandon Ingram","1610612761","Toronto Raptors","3","8","20","Missed Shot","Pullup Jump shot","2PT Field Goal","Mid-Range","Left Side Center(LC)","16-24 ft.","17","-115","131","1","0","20260420","CLE","TOR"
"Shot Chart Detail","0042500132","393","1628386","Jarrett Allen","1610612739","Cleveland Cavaliers","3","8","6","Missed Shot","Cutting Dunk Shot","2PT Field Goal","Restricted Area","Center(C)","Less Than 8 ft.","1","9","15","1","0","20260420","CLE","TOR"
"Shot Chart Detail","0042500132","396","1630596","Evan Mobley","1610612739","Cleveland Cavaliers","3","7","59","Missed Shot","Putback Layup Shot","2PT Field Goal","Restricted Area","Center(C)","Less Than 8 ft.","2","12","17","1","0","20260420","CLE","TOR"
"Shot Chart Detail","0042500132","398","1628378","Donovan Mitchell","1610612739","Cleveland Cavaliers","3","7","55","Missed Shot","Jump Shot","3PT Field Goal","Above the Break 3","Right Side Center(RC)","24+ ft.","24","217","118","1","0","20260420","CLE","TOR"
"Shot Chart Detail","0042500132","400","201935","James Harden","1610612739","Cleveland Cavaliers","3","7","45","Made Shot","Driving Floating Jump Shot","2PT Field Goal","In The Paint (Non-RA)","Center(C)","Less Than 8 ft.","7","-4","75","1","1","20260420","CLE","TOR"
"Shot Chart Detail","0042500132","407","1630567","Scottie Barnes","1610612761","Toronto Raptors","3","7","30","Missed Shot","Pullup Jump shot","3PT Field Goal","Above the Break 3","Center(C)","24+ ft.","24","-71","237","1","0","20260420","CLE","TOR"
"Shot Chart Detail","0042500132","415","1629731","Dean Wade","1610612739","Cleveland Cavaliers","3","7","4","Made Shot","Jump Shot","3PT Field Goal","Right Corner 3","Right Side(R)","24+ ft.","23","234","8","1","1","20260420","CLE","TOR"
"Shot Chart Detail","0042500132","417","1642867","Collin Murray-Boyles","1610612761","Toronto Raptors","3","6","50","Made Shot","Hook Bank Shot","2PT Field Goal","Restricted Area","Center(C)","Less Than 8 ft.","2","16","24","1","1","20260420","CLE","TOR"
"Shot Chart Detail","0042500132","419","1628386","Jarrett Allen","1610612739","Cleveland Cavaliers","3","6","28","Made Shot","Hook Shot","2PT Field Goal","In The Paint (Non-RA)","Center(C)","Less Than 8 ft.","6","15","64","1","1","20260420","CLE","TOR"
"Shot Chart Detail","0042500132","437","1642266","Ja'Kobe Walter","1610612761","Toronto Raptors","3","5","47","Missed Shot","Jump Shot","3PT Field Goal","Above the Break 3","Left Side Center(LC)","24+ ft.","24","-212","126","1","0","20260420","CLE","TOR"
"Shot Chart Detail","0042500132","440","1630572","Sandro Mamukelashvili","1610612761","Toronto Raptors","3","5","33","Made Shot","Layup Shot","2PT Field Goal","Restricted Area","Center(C)","Less Than 8 ft.","1","7","8","1","1","20260420","CLE","TOR"
"Shot Chart Detail","0042500132","442","1630241","Sam Merrill","1610612739","Cleveland Cavaliers","3","5","25","Missed Shot","Jump Shot","3PT Field Goal","Left Corner 3","Left Side(L)","24+ ft.","23","-233","8","1","0","20260420","CLE","TOR"
"Shot Chart Detail","0042500132","444","1629628","RJ Barrett","1610612761","Toronto Raptors","3","5","16","Made Shot","Driving Layup Shot","2PT Field Goal","Restricted Area","Center(C)","Less Than 8 ft.","1","-4","10","1","1","20260420","CLE","TOR"
"Shot Chart Detail","0042500132","445","1630596","Evan Mobley","1610612739","Cleveland Cavaliers","3","4","57","Made Shot","Driving Hook Shot","2PT Field Goal","Restricted Area","Center(C)","Less Than 8 ft.","0","1","7","1","1","20260420","CLE","TOR"
"Shot Chart Detail","0042500132","449","1642266","Ja'Kobe Walter","1610612761","Toronto Raptors","3","4","45","Made Shot","Cutting Layup Shot","2PT Field Goal","Restricted Area","Center(C)","Less Than 8 ft.","0","-7","-5","1","1","20260420","CLE","TOR"
"Shot Chart Detail","0042500132","454","1630596","Evan Mobley","1610612739","Cleveland Cavaliers","3","4","28","Made Shot","Driving Floating Jump Shot","2PT Field Goal","In The Paint (Non-RA)","Center(C)","8-16 ft.","9","-40","84","1","1","20260420","CLE","TOR"
"Shot Chart Detail","0042500132","456","1642266","Ja'Kobe Walter","1610612761","Toronto Raptors","3","4","12","Missed Shot","Jump Shot","3PT Field Goal","Left Corner 3","Left Side(L)","24+ ft.","24","-238","52","1","0","20260420","CLE","TOR"
"Shot Chart Detail","0042500132","465","1627742","Brandon Ingram","1610612761","Toronto Raptors","3","3","49","Missed Shot","Turnaround Fadeaway shot","2PT Field Goal","In The Paint (Non-RA)","Right Side(R)","8-16 ft.","11","80","77","1","0","20260420","CLE","TOR"
"Shot Chart Detail","0042500132","467","1627742","Brandon Ingram","1610612761","Toronto Raptors","3","3","40","Missed Shot","Jump Shot","3PT Field Goal","Above the Break 3","Left Side Center(LC)","24+ ft.","24","-179","166","1","0","20260420","CLE","TOR"
"Shot Chart Detail","0042500132","469","1629622","Max Strus","1610612739","Cleveland Cavaliers","3","3","35","Missed Shot","Running Alley Oop Layup Shot","2PT Field Goal","Restricted Area","Center(C)","Less Than 8 ft.","1","5","15","1","0","20260420","CLE","TOR"
"Shot Chart Detail","0042500132","489","1630567","Scottie Barnes","1610612761","Toronto Raptors","3","2","25","Made Shot","Driving Layup Shot","2PT Field Goal","Restricted Area","Center(C)","Less Than 8 ft.","3","-32","6","1","1","20260420","CLE","TOR"
"Shot Chart Detail","0042500132","490","203471","Dennis Schröder","1610612739","Cleveland Cavaliers","3","2","12","Missed Shot","Driving Floating Jump Shot","2PT Field Goal","In The Paint (Non-RA)","Center(C)","Less Than 8 ft.","6","58","36","1","0","20260420","CLE","TOR"
"Shot Chart Detail","0042500132","493","1642266","Ja'Kobe Walter","1610612761","Toronto Raptors","3","2","5","Made Shot","Running Jump Shot","3PT Field Goal","Left Corner 3","Left Side(L)","24+ ft.","23","-232","-18","1","1","20260420","CLE","TOR"
"Shot Chart Detail","0042500132","497","1630241","Sam Merrill","1610612739","Cleveland Cavaliers","3","1","44","Missed Shot","Jump Shot","3PT Field Goal","Above the Break 3","Center(C)","24+ ft.","25","-45","256","1","0","20260420","CLE","TOR"
"Shot Chart Detail","0042500132","502","1629628","RJ Barrett","1610612761","Toronto Raptors","3","1","35","Made Shot","Cutting Layup Shot","2PT Field Goal","Restricted Area","Center(C)","Less Than 8 ft.","0","-2","4","1","1","20260420","CLE","TOR"
"Shot Chart Detail","0042500132","507","1628378","Donovan Mitchell","1610612739","Cleveland Cavaliers","3","1","11","Missed Shot","Fadeaway Jump Shot","2PT Field Goal","Mid-Range","Left Side(L)","8-16 ft.","15","-153","13","1","0","20260420","CLE","TOR"
"Shot Chart Detail","0042500132","512","1630596","Evan Mobley","1610612739","Cleveland Cavaliers","3","0","48","Made Shot","Dunk Shot","2PT Field Goal","Restricted Area","Center(C)","Less Than 8 ft.","2","-9","20","1","1","20260420","CLE","TOR"
"Shot Chart Detail","0042500132","514","1630567","Scottie Barnes","1610612761","Toronto Raptors","3","0","40","Made Shot","Driving Layup Shot","2PT Field Goal","Restricted Area","Center(C)","Less Than 8 ft.","3","16","34","1","1","20260420","CLE","TOR"
"Shot Chart Detail","0042500132","515","203471","Dennis Schröder","1610612739","Cleveland Cavaliers","3","0","32","Made Shot","Driving Finger Roll Layup Shot","2PT Field Goal","Restricted Area","Center(C)","Less Than 8 ft.","1","2","15","1","1","20260420","CLE","TOR"
"Shot Chart Detail","0042500132","521","1630567","Scottie Barnes","1610612761","Toronto Raptors","3","0","18","Missed Shot","Reverse Layup Shot","2PT Field Goal","Restricted Area","Center(C)","Less Than 8 ft.","2","-23","6","1","0","20260420","CLE","TOR"
"Shot Chart Detail","0042500132","523","1630567","Scottie Barnes","1610612761","Toronto Raptors","3","0","17","Made Shot","Tip Layup Shot","2PT Field Goal","Restricted Area","Center(C)","Less Than 8 ft.","0","0","8","1","1","20260420","CLE","TOR"
"Shot Chart Detail","0042500132","535","1630241","Sam Merrill","1610612739","Cleveland Cavaliers","4","11","46","Missed Shot","Jump Shot","3PT Field Goal","Above the Break 3","Center(C)","24+ ft.","25","-17","254","1","0","20260420","CLE","TOR"
"Shot Chart Detail","0042500132","539","203471","Dennis Schröder","1610612739","Cleveland Cavaliers","4","11","18","Missed Shot","Jump Shot","3PT Field Goal","Left Corner 3","Left Side(L)","24+ ft.","23","-237","1","1","0","20260420","CLE","TOR"
"Shot Chart Detail","0042500132","541","1642281","Jaylon Tyson","1610612739","Cleveland Cavaliers","4","11","14","Missed Shot","Putback Layup Shot","2PT Field Goal","Restricted Area","Center(C)","Less Than 8 ft.","1","15","12","1","0","20260420","CLE","TOR"
"Shot Chart Detail","0042500132","545","1642867","Collin Murray-Boyles","1610612761","Toronto Raptors","4","10","56","Missed Shot","Driving Floating Jump Shot","2PT Field Goal","In The Paint (Non-RA)","Center(C)","8-16 ft.","13","-48","126","1","0","20260420","CLE","TOR"
"Shot Chart Detail","0042500132","547","1630241","Sam Merrill","1610612739","Cleveland Cavaliers","4","10","41","Made Shot","Jump Shot","3PT Field Goal","Right Corner 3","Right Side(R)","24+ ft.","23","235","37","1","1","20260420","CLE","TOR"
"Shot Chart Detail","0042500132","551","1630567","Scottie Barnes","1610612761","Toronto Raptors","4","10","22","Made Shot","Driving Layup Shot","2PT Field Goal","Restricted Area","Center(C)","Less Than 8 ft.","0","1","8","1","1","20260420","CLE","TOR"
"Shot Chart Detail","0042500132","555","1628378","Donovan Mitchell","1610612739","Cleveland Cavaliers","4","10","8","Missed Shot","Pullup Jump shot","2PT Field Goal","Mid-Range","Right Side(R)","16-24 ft.","18","168","86","1","0","20260420","CLE","TOR"
"Shot Chart Detail","0042500132","563","1630567","Scottie Barnes","1610612761","Toronto Raptors","4","9","52","Missed Shot","Jump Shot","3PT Field Goal","Above the Break 3","Left Side Center(LC)","24+ ft.","24","-224","105","1","0","20260420","CLE","TOR"
"Shot Chart Detail","0042500132","565","1642281","Jaylon Tyson","1610612739","Cleveland Cavaliers","4","9","39","Made Shot","Jump Shot","3PT Field Goal","Left Corner 3","Left Side(L)","24+ ft.","23","-229","25","1","1","20260420","CLE","TOR"
"Shot Chart Detail","0042500132","567","1642867","Collin Murray-Boyles","1610612761","Toronto Raptors","4","9","23","Made Shot","Cutting Layup Shot","2PT Field Goal","Restricted Area","Center(C)","Less Than 8 ft.","0","-1","9","1","1","20260420","CLE","TOR"
"Shot Chart Detail","0042500132","569","1631165","Keon Ellis","1610612739","Cleveland Cavaliers","4","8","58","Missed Shot","Jump Shot","3PT Field Goal","Left Corner 3","Left Side(L)","24+ ft.","23","-230","4","1","0","20260420","CLE","TOR"
"Shot Chart Detail","0042500132","573","1631165","Keon Ellis","1610612739","Cleveland Cavaliers","4","8","26","Missed Shot","Jump Shot","3PT Field Goal","Above the Break 3","Right Side Center(RC)","24+ ft.","24","211","130","1","0","20260420","CLE","TOR"
"Shot Chart Detail","0042500132","589","1627742","Brandon Ingram","1610612761","Toronto Raptors","4","7","26","Missed Shot","Driving Layup Shot","2PT Field Goal","Restricted Area","Center(C)","Less Than 8 ft.","1","4","11","1","0","20260420","CLE","TOR"
"Shot Chart Detail","0042500132","591","1629628","RJ Barrett","1610612761","Toronto Raptors","4","7","24","Made Shot","Putback Layup Shot","2PT Field Goal","Restricted Area","Center(C)","Less Than 8 ft.","0","0","0","1","1","20260420","CLE","TOR"
"Shot Chart Detail","0042500132","600","1642281","Jaylon Tyson","1610612739","Cleveland Cavaliers","4","7","0","Missed Shot","Driving Floating Bank Jump Shot","2PT Field Goal","In The Paint (Non-RA)","Left Side(L)","8-16 ft.","8","-71","46","1","0","20260420","CLE","TOR"
"Shot Chart Detail","0042500132","602","1630572","Sandro Mamukelashvili","1610612761","Toronto Raptors","4","6","46","Made Shot","Driving Layup Shot","2PT Field Goal","Restricted Area","Center(C)","Less Than 8 ft.","0","-5","1","1","1","20260420","CLE","TOR"
"Shot Chart Detail","0042500132","609","1629622","Max Strus","1610612739","Cleveland Cavaliers","4","6","26","Made Shot","Jump Shot","3PT Field Goal","Above the Break 3","Left Side Center(LC)","24+ ft.","25","-179","179","1","1","20260420","CLE","TOR"
"Shot Chart Detail","0042500132","613","1627742","Brandon Ingram","1610612761","Toronto Raptors","4","5","59","Missed Shot","Turnaround Fadeaway shot","2PT Field Goal","In The Paint (Non-RA)","Center(C)","8-16 ft.","11","6","110","1","0","20260420","CLE","TOR"
"Shot Chart Detail","0042500132","615","201935","James Harden","1610612739","Cleveland Cavaliers","4","5","49","Made Shot","Driving Layup Shot","2PT Field Goal","Restricted Area","Center(C)","Less Than 8 ft.","1","-15","8","1","1","20260420","CLE","TOR"
"Shot Chart Detail","0042500132","616","1630567","Scottie Barnes","1610612761","Toronto Raptors","4","5","35","Missed Shot","Step Back Jump shot","2PT Field Goal","In The Paint (Non-RA)","Center(C)","Less Than 8 ft.","5","-51","14","1","0","20260420","CLE","TOR"
"Shot Chart Detail","0042500132","618","1627742","Brandon Ingram","1610612761","Toronto Raptors","4","5","31","Missed Shot","Jump Shot","3PT Field Goal","Above the Break 3","Left Side Center(LC)","24+ ft.","24","-202","147","1","0","20260420","CLE","TOR"
"Shot Chart Detail","0042500132","620","201935","James Harden","1610612739","Cleveland Cavaliers","4","5","5","Missed Shot","Step Back Jump shot","3PT Field Goal","Above the Break 3","Right Side Center(RC)","24+ ft.","24","227","101","1","0","20260420","CLE","TOR"
"Shot Chart Detail","0042500132","622","1642266","Ja'Kobe Walter","1610612761","Toronto Raptors","4","5","1","Made Shot","Running Dunk Shot","2PT Field Goal","Restricted Area","Center(C)","Less Than 8 ft.","1","6","10","1","1","20260420","CLE","TOR"
"Shot Chart Detail","0042500132","632","1630567","Scottie Barnes","1610612761","Toronto Raptors","4","4","35","Made Shot","Driving Layup Shot","2PT Field Goal","Restricted Area","Center(C)","Less Than 8 ft.","1","-7","8","1","1","20260420","CLE","TOR"
"Shot Chart Detail","0042500132","637","1628378","Donovan Mitchell","1610612739","Cleveland Cavaliers","4","4","13","Made Shot","Step Back Jump shot","3PT Field Goal","Above the Break 3","Left Side Center(LC)","24+ ft.","25","-164","199","1","1","20260420","CLE","TOR"
"Shot Chart Detail","0042500132","641","1628378","Donovan Mitchell","1610612739","Cleveland Cavaliers","4","3","53","Made Shot","Driving Finger Roll Layup Shot","2PT Field Goal","Restricted Area","Center(C)","Less Than 8 ft.","0","-5","1","1","1","20260420","CLE","TOR"
"Shot Chart Detail","0042500132","649","1628378","Donovan Mitchell","1610612739","Cleveland Cavaliers","4","3","14","Missed Shot","Jump Shot","3PT Field Goal","Above the Break 3","Left Side Center(LC)","24+ ft.","26","-206","167","1","0","20260420","CLE","TOR"
"Shot Chart Detail","0042500132","651","1628378","Donovan Mitchell","1610612739","Cleveland Cavaliers","4","3","9","Made Shot","Driving Finger Roll Layup Shot","2PT Field Goal","Restricted Area","Center(C)","Less Than 8 ft.","1","4","10","1","1","20260420","CLE","TOR"
"Shot Chart Detail","0042500132","652","1629628","RJ Barrett","1610612761","Toronto Raptors","4","3","0","Made Shot","Driving Layup Shot","2PT Field Goal","Restricted Area","Center(C)","Less Than 8 ft.","1","-1","10","1","1","20260420","CLE","TOR"
"Shot Chart Detail","0042500132","656","1630567","Scottie Barnes","1610612761","Toronto Raptors","4","2","26","Made Shot","Turnaround Jump Shot","2PT Field Goal","In The Paint (Non-RA)","Center(C)","8-16 ft.","8","29","83","1","1","20260420","CLE","TOR"
"Shot Chart Detail","0042500132","657","1630596","Evan Mobley","1610612739","Cleveland Cavaliers","4","2","0","Made Shot","Cutting Layup Shot","2PT Field Goal","Restricted Area","Center(C)","Less Than 8 ft.","1","2","13","1","1","20260420","CLE","TOR"
"Shot Chart Detail","0042500132","663","1629731","Dean Wade","1610612739","Cleveland Cavaliers","4","1","24","Missed Shot","Jump Shot","3PT Field Goal","Right Corner 3","Right Side(R)","24+ ft.","22","221","13","1","0","20260420","CLE","TOR"
"Shot Chart Detail","0042500132","665","1627742","Brandon Ingram","1610612761","Toronto Raptors","4","1","12","Made Shot","Jump Shot","3PT Field Goal","Left Corner 3","Left Side(L)","24+ ft.","23","-230","-12","1","1","20260420","CLE","TOR"
"Shot Chart Detail","0042500132","669","1628378","Donovan Mitchell","1610612739","Cleveland Cavaliers","4","0","45","Made Shot","Turnaround Bank shot","2PT Field Goal","Mid-Range","Right Side(R)","8-16 ft.","13","123","44","1","1","20260420","CLE","TOR"
"Shot Chart Detail","0042500132","670","1642867","Collin Murray-Boyles","1610612761","Toronto Raptors","4","0","37","Made Shot","Cutting Dunk Shot","2PT Field Goal","Restricted Area","Center(C)","Less Than 8 ft.","0","-2","4","1","1","20260420","CLE","TOR"
"Shot Chart Detail","0042500132","680","1630567","Scottie Barnes","1610612761","Toronto Raptors","4","0","27","Made Shot","Driving Dunk Shot","2PT Field Goal","Restricted Area","Center(C)","Less Than 8 ft.","2","20","16","1","1","20260420","CLE","TOR"
"Shot Chart Detail","0042500132","696","1630567","Scottie Barnes","1610612761","Toronto Raptors","4","0","19","Missed Shot","Driving Layup Shot","2PT Field Goal","Restricted Area","Center(C)","Less Than 8 ft.","1","-10","9","1","0","20260420","CLE","TOR"
"Shot Chart Detail","0042500132","703","1629628","RJ Barrett","1610612761","Toronto Raptors","4","0","3","Made Shot","Driving Layup Shot","2PT Field Goal","Restricted Area","Center(C)","Less Than 8 ft.","1","-7","9","1","1","20260420","CLE","TOR"
"Shot Chart Detail","0042500141","7","1628415","Dillon Brooks","1610612756","Phoenix Suns","1","11","38","Missed Shot","Step Back Jump shot","3PT Field Goal","Above the Break 3","Right Side Center(RC)","24+ ft.","25","179","186","1","0","20260419","OKC","PHX"
"Shot Chart Detail","0042500141","9","1631114","Jalen Williams","1610612760","Oklahoma City Thunder","1","11","23","Missed Shot","Driving Floating Jump Shot","2PT Field Goal","In The Paint (Non-RA)","Center(C)","Less Than 8 ft.","7","64","38","1","0","20260419","OKC","PHX"
"Shot Chart Detail","0042500141","11","1630692","Jordan Goodwin","1610612756","Phoenix Suns","1","11","15","Missed Shot","Jump Shot","3PT Field Goal","Right Corner 3","Right Side(R)","24+ ft.","23","238","13","1","0","20260419","OKC","PHX"
"Shot Chart Detail","0042500141","13","1628415","Dillon Brooks","1610612756","Phoenix Suns","1","11","11","Made Shot","Jump Shot","3PT Field Goal","Above the Break 3","Left Side Center(LC)","24+ ft.","26","-134","225","1","1","20260419","OKC","PHX"
"Shot Chart Detail","0042500141","17","1626164","Devin Booker","1610612756","Phoenix Suns","1","10","42","Made Shot","Running Dunk Shot","2PT Field Goal","Restricted Area","Center(C)","Less Than 8 ft.","1","6","11","1","1","20260419","OKC","PHX"
"Shot Chart Detail","0042500141","19","1629652","Luguentz Dort","1610612760","Oklahoma City Thunder","1","10","23","Made Shot","Jump Shot","3PT Field Goal","Left Corner 3","Left Side(L)","24+ ft.","23","-223","84","1","1","20260419","OKC","PHX"
"Shot Chart Detail","0042500141","21","1630692","Jordan Goodwin","1610612756","Phoenix Suns","1","10","8","Missed Shot","Jump Shot","3PT Field Goal","Above the Break 3","Left Side Center(LC)","24+ ft.","26","-126","236","1","0","20260419","OKC","PHX"
"Shot Chart Detail","0042500141","27","1626164","Devin Booker","1610612756","Phoenix Suns","1","9","48","Made Shot","Pullup Jump shot","2PT Field Goal","In The Paint (Non-RA)","Center(C)","8-16 ft.","13","-66","115","1","1","20260419","OKC","PHX"
"Shot Chart Detail","0042500141","28","1628983","Shai Gilgeous-Alexander","1610612760","Oklahoma City Thunder","1","9","28","Missed Shot","Turnaround Fadeaway shot","2PT Field Goal","Mid-Range","Left Side(L)","8-16 ft.","13","-138","15","1","0","20260419","OKC","PHX"
"Shot Chart Detail","0042500141","30","1630224","Jalen Green","1610612756","Phoenix Suns","1","9","19","Missed Shot","Running Pull-Up Jump Shot","2PT Field Goal","In The Paint (Non-RA)","Center(C)","Less Than 8 ft.","6","-65","-11","1","0","20260419","OKC","PHX"
"Shot Chart Detail","0042500141","40","1631096","Chet Holmgren","1610612760","Oklahoma City Thunder","1","9","2","Made Shot","Pullup Jump shot","2PT Field Goal","In The Paint (Non-RA)","Center(C)","8-16 ft.","9","-5","98","1","1","20260419","OKC","PHX"
"Shot Chart Detail","0042500141","42","1631221","Collin Gillespie","1610612756","Phoenix Suns","1","8","53","Made Shot","Jump Shot","3PT Field Goal","Above the Break 3","Right Side Center(RC)","24+ ft.","26","153","214","1","1","20260419","OKC","PHX"
"Shot Chart Detail","0042500141","44","1628983","Shai Gilgeous-Alexander","1610612760","Oklahoma City Thunder","1","8","37","Missed Shot","Turnaround Fadeaway shot","2PT Field Goal","In The Paint (Non-RA)","Left Side(L)","8-16 ft.","15","-76","130","1","0","20260419","OKC","PHX"
"Shot Chart Detail","0042500141","48","1628392","Isaiah Hartenstein","1610612760","Oklahoma City Thunder","1","8","22","Made Shot","Running Dunk Shot","2PT Field Goal","Restricted Area","Center(C)","Less Than 8 ft.","0","7","-5","1","1","20260419","OKC","PHX"
"Shot Chart Detail","0042500141","50","1630224","Jalen Green","1610612756","Phoenix Suns","1","8","5","Made Shot","Driving Finger Roll Layup Shot","2PT Field Goal","Restricted Area","Center(C)","Less Than 8 ft.","2","22","6","1","1","20260419","OKC","PHX"
"Shot Chart Detail","0042500141","51","1631114","Jalen Williams","1610612760","Oklahoma City Thunder","1","7","51","Made Shot","Jump Shot","3PT Field Goal","Above the Break 3","Right Side Center(RC)","24+ ft.","25","150","210","1","1","20260419","OKC","PHX"
"Shot Chart Detail","0042500141","55","1631114","Jalen Williams","1610612760","Oklahoma City Thunder","1","7","37","Made Shot","Running Dunk Shot","2PT Field Goal","Restricted Area","Center(C)","Less Than 8 ft.","1","-4","11","1","1","20260419","OKC","PHX"
"Shot Chart Detail","0042500141","57","1628415","Dillon Brooks","1610612756","Phoenix Suns","1","7","24","Missed Shot","Jump Shot","3PT Field Goal","Left Corner 3","Left Side(L)","24+ ft.","23","-230","-5","1","0","20260419","OKC","PHX"
"Shot Chart Detail","0042500141","59","1631114","Jalen Williams","1610612760","Oklahoma City Thunder","1","7","14","Missed Shot","Step Back Jump shot","3PT Field Goal","Above the Break 3","Left Side Center(LC)","24+ ft.","25","-131","218","1","0","20260419","OKC","PHX"
"Shot Chart Detail","0042500141","80","1631096","Chet Holmgren","1610612760","Oklahoma City Thunder","1","6","13","Missed Shot","Driving Hook Shot","2PT Field Goal","In The Paint (Non-RA)","Center(C)","Less Than 8 ft.","5","27","47","1","0","20260419","OKC","PHX"
"Shot Chart Detail","0042500141","82","1628392","Isaiah Hartenstein","1610612760","Oklahoma City Thunder","1","6","12","Made Shot","Putback Layup Shot","2PT Field Goal","Restricted Area","Center(C)","Less Than 8 ft.","1","-12","-4","1","1","20260419","OKC","PHX"
"Shot Chart Detail","0042500141","83","1630224","Jalen Green","1610612756","Phoenix Suns","1","6","2","Missed Shot","Jump Shot","3PT Field Goal","Above the Break 3","Right Side Center(RC)","24+ ft.","24","130","212","1","0","20260419","OKC","PHX"
"Shot Chart Detail","0042500141","86","1631114","Jalen Williams","1610612760","Oklahoma City Thunder","1","5","55","Missed Shot","Running Jump Shot","3PT Field Goal","Above the Break 3","Left Side Center(LC)","24+ ft.","24","-185","163","1","0","20260419","OKC","PHX"
"Shot Chart Detail","0042500141","94","1631221","Collin Gillespie","1610612756","Phoenix Suns","1","5","26","Missed Shot","Pullup Jump shot","3PT Field Goal","Above the Break 3","Left Side Center(LC)","24+ ft.","25","-186","178","1","0","20260419","OKC","PHX"
"Shot Chart Detail","0042500141","96","1627936","Alex Caruso","1610612760","Oklahoma City Thunder","1","5","14","Made Shot","Cutting Layup Shot","2PT Field Goal","Restricted Area","Center(C)","Less Than 8 ft.","1","16","5","1","1","20260419","OKC","PHX"
"Shot Chart Detail","0042500141","98","1626164","Devin Booker","1610612756","Phoenix Suns","1","5","1","Missed Shot","Cutting Layup Shot","2PT Field Goal","Restricted Area","Center(C)","Less Than 8 ft.","3","-33","13","1","0","20260419","OKC","PHX"
"Shot Chart Detail","0042500141","101","1628983","Shai Gilgeous-Alexander","1610612760","Oklahoma City Thunder","1","4","53","Made Shot","Driving Finger Roll Layup Shot","2PT Field Goal","Restricted Area","Center(C)","Less Than 8 ft.","1","-6","17","1","1","20260419","OKC","PHX"
"Shot Chart Detail","0042500141","107","1626164","Devin Booker","1610612756","Phoenix Suns","1","4","33","Missed Shot","Pullup Jump shot","3PT Field Goal","Above the Break 3","Center(C)","24+ ft.","26","-33","263","1","0","20260419","OKC","PHX"
"Shot Chart Detail","0042500141","109","1629652","Luguentz Dort","1610612760","Oklahoma City Thunder","1","4","19","Missed Shot","Jump Shot","3PT Field Goal","Above the Break 3","Right Side Center(RC)","24+ ft.","25","158","197","1","0","20260419","OKC","PHX"
"Shot Chart Detail","0042500141","111","1629312","Haywood Highsmith","1610612756","Phoenix Suns","1","4","5","Missed Shot","Jump Shot","3PT Field Goal","Above the Break 3","Right Side Center(RC)","24+ ft.","25","173","188","1","0","20260419","OKC","PHX"
"Shot Chart Detail","0042500141","113","1628983","Shai Gilgeous-Alexander","1610612760","Oklahoma City Thunder","1","3","53","Missed Shot","Driving Finger Roll Layup Shot","2PT Field Goal","Restricted Area","Center(C)","Less Than 8 ft.","0","7","0","1","0","20260419","OKC","PHX"
"Shot Chart Detail","0042500141","115","1628415","Dillon Brooks","1610612756","Phoenix Suns","1","3","34","Missed Shot","Driving Hook Shot","2PT Field Goal","Restricted Area","Center(C)","Less Than 8 ft.","3","-11","37","1","0","20260419","OKC","PHX"
"Shot Chart Detail","0042500141","117","1628415","Dillon Brooks","1610612756","Phoenix Suns","1","3","26","Missed Shot","Pullup Jump shot","2PT Field Goal","Mid-Range","Left Side Center(LC)","16-24 ft.","21","-152","154","1","0","20260419","OKC","PHX"
"Shot Chart Detail","0042500141","119","1631096","Chet Holmgren","1610612760","Oklahoma City Thunder","1","3","3","Missed Shot","Jump Shot","3PT Field Goal","Above the Break 3","Right Side Center(RC)","24+ ft.","25","169","192","1","0","20260419","OKC","PHX"
"Shot Chart Detail","0042500141","121","1627936","Alex Caruso","1610612760","Oklahoma City Thunder","1","2","55","Missed Shot","Cutting Layup Shot","2PT Field Goal","Restricted Area","Center(C)","Less Than 8 ft.","1","-16","3","1","0","20260419","OKC","PHX"
"Shot Chart Detail","0042500141","123","1631096","Chet Holmgren","1610612760","Oklahoma City Thunder","1","2","54","Made Shot","Tip Dunk Shot","2PT Field Goal","Restricted Area","Center(C)","Less Than 8 ft.","0","0","0","1","1","20260419","OKC","PHX"
"Shot Chart Detail","0042500141","124","1630224","Jalen Green","1610612756","Phoenix Suns","1","2","34","Made Shot","Pullup Jump shot","3PT Field Goal","Above the Break 3","Left Side Center(LC)","24+ ft.","27","-202","188","1","1","20260419","OKC","PHX"
"Shot Chart Detail","0042500141","125","1642349","Ajay Mitchell","1610612760","Oklahoma City Thunder","1","2","9","Missed Shot","Driving Layup Shot","2PT Field Goal","In The Paint (Non-RA)","Center(C)","Less Than 8 ft.","6","54","30","1","0","20260419","OKC","PHX"
"Shot Chart Detail","0042500141","128","1631096","Chet Holmgren","1610612760","Oklahoma City Thunder","1","2","6","Made Shot","Putback Dunk Shot","2PT Field Goal","Restricted Area","Center(C)","Less Than 8 ft.","1","12","0","1","1","20260419","OKC","PHX"
"Shot Chart Detail","0042500141","129","1630224","Jalen Green","1610612756","Phoenix Suns","1","1","52","Missed Shot","Pullup Jump shot","3PT Field Goal","Above the Break 3","Left Side Center(LC)","24+ ft.","27","-165","214","1","0","20260419","OKC","PHX"
"Shot Chart Detail","0042500141","142","1627936","Alex Caruso","1610612760","Oklahoma City Thunder","1","1","34","Missed Shot","Jump Shot","3PT Field Goal","Right Corner 3","Right Side(R)","24+ ft.","23","230","-2","1","0","20260419","OKC","PHX"
"Shot Chart Detail","0042500141","148","1626164","Devin Booker","1610612756","Phoenix Suns","1","1","24","Made Shot","Pullup Jump shot","2PT Field Goal","Mid-Range","Center(C)","8-16 ft.","14","-4","141","1","1","20260419","OKC","PHX"
"Shot Chart Detail","0042500141","154","1628983","Shai Gilgeous-Alexander","1610612760","Oklahoma City Thunder","1","1","1","Missed Shot","Pullup Jump shot","2PT Field Goal","Mid-Range","Left Side(L)","8-16 ft.","15","-108","108","1","0","20260419","OKC","PHX"
"Shot Chart Detail","0042500141","156","1631119","Jaylin Williams","1610612760","Oklahoma City Thunder","1","0","58","Missed Shot","Jump Shot","3PT Field Goal","Above the Break 3","Right Side Center(RC)","24+ ft.","25","127","222","1","0","20260419","OKC","PHX"
"Shot Chart Detail","0042500141","158","1628983","Shai Gilgeous-Alexander","1610612760","Oklahoma City Thunder","1","0","46","Made Shot","Driving Layup Shot","2PT Field Goal","Restricted Area","Center(C)","Less Than 8 ft.","1","-10","-13","1","1","20260419","OKC","PHX"
"Shot Chart Detail","0042500141","177","1631096","Chet Holmgren","1610612760","Oklahoma City Thunder","1","0","0","Made Shot","Pullup Jump shot","3PT Field Goal","Above the Break 3","Left Side Center(LC)","24+ ft.","25","-211","138","1","1","20260419","OKC","PHX"
"Shot Chart Detail","0042500141","198","1628392","Isaiah Hartenstein","1610612760","Oklahoma City Thunder","2","11","47","Made Shot","Alley Oop Dunk Shot","2PT Field Goal","Restricted Area","Center(C)","Less Than 8 ft.","3","27","19","1","1","20260419","OKC","PHX"
"Shot Chart Detail","0042500141","200","1628415","Dillon Brooks","1610612756","Phoenix Suns","2","11","25","Missed Shot","Driving Hook Shot","2PT Field Goal","In The Paint (Non-RA)","Center(C)","Less Than 8 ft.","5","2","52","1","0","20260419","OKC","PHX"
"Shot Chart Detail","0042500141","202","1630198","Isaiah Joe","1610612760","Oklahoma City Thunder","2","11","15","Missed Shot","Jump Shot","3PT Field Goal","Above the Break 3","Right Side Center(RC)","24+ ft.","27","93","262","1","0","20260419","OKC","PHX"
"Shot Chart Detail","0042500141","206","1631221","Collin Gillespie","1610612756","Phoenix Suns","2","10","48","Made Shot","Step Back Jump shot","3PT Field Goal","Above the Break 3","Right Side Center(RC)","24+ ft.","25","181","173","1","1","20260419","OKC","PHX"
"Shot Chart Detail","0042500141","208","1642349","Ajay Mitchell","1610612760","Oklahoma City Thunder","2","10","34","Missed Shot","Pullup Jump shot","2PT Field Goal","Mid-Range","Left Side(L)","8-16 ft.","15","-120","98","1","0","20260419","OKC","PHX"
"Shot Chart Detail","0042500141","218","1630224","Jalen Green","1610612756","Phoenix Suns","2","10","25","Missed Shot","Turnaround Fadeaway shot","2PT Field Goal","Mid-Range","Right Side(R)","8-16 ft.","12","82","89","1","0","20260419","OKC","PHX"
"Shot Chart Detail","0042500141","220","1631119","Jaylin Williams","1610612760","Oklahoma City Thunder","2","10","14","Missed Shot","Jump Shot","3PT Field Goal","Above the Break 3","Center(C)","24+ ft.","25","76","241","1","0","20260419","OKC","PHX"
"Shot Chart Detail","0042500141","226","1642349","Ajay Mitchell","1610612760","Oklahoma City Thunder","2","9","54","Made Shot","Running Jump Shot","3PT Field Goal","Above the Break 3","Left Side Center(LC)","24+ ft.","25","-184","174","1","1","20260419","OKC","PHX"
"Shot Chart Detail","0042500141","228","1631221","Collin Gillespie","1610612756","Phoenix Suns","2","9","38","Missed Shot","Pullup Jump shot","2PT Field Goal","Mid-Range","Right Side Center(RC)","16-24 ft.","16","92","139","1","0","20260419","OKC","PHX"
"Shot Chart Detail","0042500141","230","1642349","Ajay Mitchell","1610612760","Oklahoma City Thunder","2","9","25","Made Shot","Pullup Jump shot","3PT Field Goal","Above the Break 3","Left Side Center(LC)","24+ ft.","25","-87","237","1","1","20260419","OKC","PHX"
"Shot Chart Detail","0042500141","234","1641717","Cason Wallace","1610612760","Oklahoma City Thunder","2","9","5","Made Shot","Running Dunk Shot","2PT Field Goal","Restricted Area","Center(C)","Less Than 8 ft.","0","-2","-5","1","1","20260419","OKC","PHX"
"Shot Chart Detail","0042500141","243","1630692","Jordan Goodwin","1610612756","Phoenix Suns","2","8","51","Missed Shot","Jump Shot","3PT Field Goal","Above the Break 3","Left Side Center(LC)","24+ ft.","25","-203","153","1","0","20260419","OKC","PHX"
"Shot Chart Detail","0042500141","245","1631119","Jaylin Williams","1610612760","Oklahoma City Thunder","2","8","39","Made Shot","Driving Floating Jump Shot","2PT Field Goal","In The Paint (Non-RA)","Center(C)","Less Than 8 ft.","5","20","53","1","1","20260419","OKC","PHX"
"Shot Chart Detail","0042500141","247","1628415","Dillon Brooks","1610612756","Phoenix Suns","2","8","19","Missed Shot","Pullup Jump shot","2PT Field Goal","In The Paint (Non-RA)","Center(C)","8-16 ft.","8","2","80","1","0","20260419","OKC","PHX"
"Shot Chart Detail","0042500141","250","1630198","Isaiah Joe","1610612760","Oklahoma City Thunder","2","8","13","Missed Shot","Running Pull-Up Jump Shot","3PT Field Goal","Above the Break 3","Left Side Center(LC)","24+ ft.","26","-169","200","1","0","20260419","OKC","PHX"
"Shot Chart Detail","0042500141","252","1626164","Devin Booker","1610612756","Phoenix Suns","2","7","56","Missed Shot","Pullup Jump shot","2PT Field Goal","In The Paint (Non-RA)","Center(C)","8-16 ft.","11","34","106","1","0","20260419","OKC","PHX"
"Shot Chart Detail","0042500141","258","1628415","Dillon Brooks","1610612756","Phoenix Suns","2","7","27","Missed Shot","Turnaround Fadeaway shot","2PT Field Goal","Mid-Range","Right Side(R)","8-16 ft.","15","148","-25","1","0","20260419","OKC","PHX"
"Shot Chart Detail","0042500141","260","1630198","Isaiah Joe","1610612760","Oklahoma City Thunder","2","7","20","Missed Shot","Running Jump Shot","3PT Field Goal","Left Corner 3","Left Side(L)","24+ ft.","22","-228","11","1","0","20260419","OKC","PHX"
"Shot Chart Detail","0042500141","262","1630692","Jordan Goodwin","1610612756","Phoenix Suns","2","7","9","Made Shot","Driving Floating Jump Shot","2PT Field Goal","In The Paint (Non-RA)","Center(C)","Less Than 8 ft.","7","74","11","1","1","20260419","OKC","PHX"
"Shot Chart Detail","0042500141","272","1641717","Cason Wallace","1610612760","Oklahoma City Thunder","2","6","38","Made Shot","Running Alley Oop Dunk Shot","2PT Field Goal","Restricted Area","Center(C)","Less Than 8 ft.","1","-10","0","1","1","20260419","OKC","PHX"
"Shot Chart Detail","0042500141","274","1628415","Dillon Brooks","1610612756","Phoenix Suns","2","6","23","Missed Shot","Pullup Jump shot","2PT Field Goal","In The Paint (Non-RA)","Center(C)","8-16 ft.","14","-69","126","1","0","20260419","OKC","PHX"
"Shot Chart Detail","0042500141","276","1626164","Devin Booker","1610612756","Phoenix Suns","2","6","18","Made Shot","Pullup Jump shot","2PT Field Goal","In The Paint (Non-RA)","Center(C)","8-16 ft.","11","-2","117","1","1","20260419","OKC","PHX"
"Shot Chart Detail","0042500141","278","1631114","Jalen Williams","1610612760","Oklahoma City Thunder","2","6","3","Missed Shot","Driving Layup Shot","2PT Field Goal","In The Paint (Non-RA)","Center(C)","Less Than 8 ft.","6","39","56","1","0","20260419","OKC","PHX"
"Shot Chart Detail","0042500141","289","1626164","Devin Booker","1610612756","Phoenix Suns","2","5","44","Missed Shot","Fadeaway Jump Shot","2PT Field Goal","Mid-Range","Left Side(L)","8-16 ft.","13","-96","92","1","0","20260419","OKC","PHX"
"Shot Chart Detail","0042500141","291","1631114","Jalen Williams","1610612760","Oklahoma City Thunder","2","5","28","Made Shot","Step Back Jump shot","2PT Field Goal","Mid-Range","Right Side(R)","8-16 ft.","12","118","-22","1","1","20260419","OKC","PHX"
"Shot Chart Detail","0042500141","292","1628415","Dillon Brooks","1610612756","Phoenix Suns","2","5","17","Made Shot","Pullup Jump shot","3PT Field Goal","Above the Break 3","Right Side Center(RC)","24+ ft.","25","93","241","1","1","20260419","OKC","PHX"
"Shot Chart Detail","0042500141","305","1628415","Dillon Brooks","1610612756","Phoenix Suns","2","4","44","Missed Shot","Jump Shot","3PT Field Goal","Above the Break 3","Right Side Center(RC)","24+ ft.","27","124","244","1","0","20260419","OKC","PHX"
"Shot Chart Detail","0042500141","309","1630224","Jalen Green","1610612756","Phoenix Suns","2","4","36","Missed Shot","Step Back Jump shot","3PT Field Goal","Above the Break 3","Left Side Center(LC)","24+ ft.","25","-132","214","1","0","20260419","OKC","PHX"
"Shot Chart Detail","0042500141","311","1642345","Oso Ighodaro","1610612756","Phoenix Suns","2","4","33","Missed Shot","Putback Layup Shot","2PT Field Goal","Restricted Area","Center(C)","Less Than 8 ft.","2","13","18","1","0","20260419","OKC","PHX"
"Shot Chart Detail","0042500141","316","1630224","Jalen Green","1610612756","Phoenix Suns","2","4","23","Missed Shot","Jump Shot","3PT Field Goal","Left Corner 3","Left Side(L)","24+ ft.","23","-233","-6","1","0","20260419","OKC","PHX"
"Shot Chart Detail","0042500141","318","1628415","Dillon Brooks","1610612756","Phoenix Suns","2","4","16","Made Shot","Step Back Jump shot","3PT Field Goal","Above the Break 3","Left Side Center(LC)","24+ ft.","30","-184","248","1","1","20260419","OKC","PHX"
"Shot Chart Detail","0042500141","329","1626164","Devin Booker","1610612756","Phoenix Suns","2","3","53","Missed Shot","Pullup Jump shot","2PT Field Goal","In The Paint (Non-RA)","Center(C)","8-16 ft.","11","-43","110","1","0","20260419","OKC","PHX"
"Shot Chart Detail","0042500141","331","1628415","Dillon Brooks","1610612756","Phoenix Suns","2","3","47","Missed Shot","Jump Shot","3PT Field Goal","Above the Break 3","Right Side Center(RC)","24+ ft.","26","127","228","1","0","20260419","OKC","PHX"
"Shot Chart Detail","0042500141","333","1630224","Jalen Green","1610612756","Phoenix Suns","2","3","39","Made Shot","Driving Reverse Layup Shot","2PT Field Goal","Restricted Area","Center(C)","Less Than 8 ft.","1","16","1","1","1","20260419","OKC","PHX"
"Shot Chart Detail","0042500141","334","1628983","Shai Gilgeous-Alexander","1610612760","Oklahoma City Thunder","2","3","18","Missed Shot","Pullup Jump shot","3PT Field Goal","Above the Break 3","Center(C)","24+ ft.","25","26","251","1","0","20260419","OKC","PHX"
"Shot Chart Detail","0042500141","336","1628983","Shai Gilgeous-Alexander","1610612760","Oklahoma City Thunder","2","3","12","Made Shot","Pullup Jump shot","2PT Field Goal","Restricted Area","Center(C)","Less Than 8 ft.","3","-26","30","1","1","20260419","OKC","PHX"
"Shot Chart Detail","0042500141","344","1628983","Shai Gilgeous-Alexander","1610612760","Oklahoma City Thunder","2","2","42","Missed Shot","Pullup Jump shot","2PT Field Goal","In The Paint (Non-RA)","Center(C)","8-16 ft.","11","58","103","1","0","20260419","OKC","PHX"
"Shot Chart Detail","0042500141","347","1631114","Jalen Williams","1610612760","Oklahoma City Thunder","2","2","21","Made Shot","Pullup Jump shot","2PT Field Goal","In The Paint (Non-RA)","Left Side(L)","8-16 ft.","9","-77","57","1","1","20260419","OKC","PHX"
"Shot Chart Detail","0042500141","355","1629652","Luguentz Dort","1610612760","Oklahoma City Thunder","2","1","50","Missed Shot","Jump Shot","3PT Field Goal","Above the Break 3","Right Side Center(RC)","24+ ft.","27","188","197","1","0","20260419","OKC","PHX"
"Shot Chart Detail","0042500141","357","1630224","Jalen Green","1610612756","Phoenix Suns","2","1","38","Missed Shot","Pullup Jump shot","2PT Field Goal","Mid-Range","Left Side(L)","8-16 ft.","13","-85","111","1","0","20260419","OKC","PHX"
"Shot Chart Detail","0042500141","359","1631096","Chet Holmgren","1610612760","Oklahoma City Thunder","2","1","19","Made Shot","Jump Shot","3PT Field Goal","Above the Break 3","Left Side Center(LC)","24+ ft.","23","-181","157","1","1","20260419","OKC","PHX"
"Shot Chart Detail","0042500141","361","1642346","Ryan Dunn","1610612756","Phoenix Suns","2","1","2","Missed Shot","Jump Shot","3PT Field Goal","Right Corner 3","Right Side(R)","24+ ft.","24","230","69","1","0","20260419","OKC","PHX"
"Shot Chart Detail","0042500141","363","1626164","Devin Booker","1610612756","Phoenix Suns","2","0","58","Made Shot","Jump Shot","3PT Field Goal","Above the Break 3","Left Side Center(LC)","24+ ft.","25","-183","181","1","1","20260419","OKC","PHX"
"Shot Chart Detail","0042500141","369","1628983","Shai Gilgeous-Alexander","1610612760","Oklahoma City Thunder","2","0","37","Missed Shot","Pullup Jump shot","3PT Field Goal","Above the Break 3","Center(C)","24+ ft.","27","80","264","1","0","20260419","OKC","PHX"
"Shot Chart Detail","0042500141","371","1626220","Royce O'Neale","1610612756","Phoenix Suns","2","0","10","Missed Shot","Pullup Jump shot","3PT Field Goal","Backcourt","Back Court(BC)","Back Court Shot","54","-159","519","1","0","20260419","OKC","PHX"
"Shot Chart Detail","0042500141","378","1628983","Shai Gilgeous-Alexander","1610612760","Oklahoma City Thunder","2","0","1","Made Shot","Driving Finger Roll Layup Shot","2PT Field Goal","Restricted Area","Center(C)","Less Than 8 ft.","1","-12","-1","1","1","20260419","OKC","PHX"
"Shot Chart Detail","0042500141","379","1626164","Devin Booker","1610612756","Phoenix Suns","2","0","0","Missed Shot","Jump Shot","3PT Field Goal","Above the Break 3","Left Side Center(LC)","24+ ft.","26","-174","197","1","0","20260419","OKC","PHX"
"Shot Chart Detail","0042500141","392","1631096","Chet Holmgren","1610612760","Oklahoma City Thunder","3","11","47","Missed Shot","Jump Shot","3PT Field Goal","Above the Break 3","Right Side Center(RC)","24+ ft.","24","125","215","1","0","20260419","OKC","PHX"
"Shot Chart Detail","0042500141","394","1628415","Dillon Brooks","1610612756","Phoenix Suns","3","11","39","Missed Shot","Running Pull-Up Jump Shot","3PT Field Goal","Above the Break 3","Right Side Center(RC)","24+ ft.","25","175","189","1","0","20260419","OKC","PHX"
"Shot Chart Detail","0042500141","396","1630224","Jalen Green","1610612756","Phoenix Suns","3","11","29","Made Shot","Step Back Jump shot","2PT Field Goal","Mid-Range","Left Side(L)","8-16 ft.","14","-145","8","1","1","20260419","OKC","PHX"
"Shot Chart Detail","0042500141","398","1631114","Jalen Williams","1610612760","Oklahoma City Thunder","3","11","15","Missed Shot","Jump Shot","3PT Field Goal","Right Corner 3","Right Side(R)","24+ ft.","22","223","-14","1","0","20260419","OKC","PHX"
"Shot Chart Detail","0042500141","400","1626164","Devin Booker","1610612756","Phoenix Suns","3","11","2","Made Shot","Pullup Jump shot","2PT Field Goal","Mid-Range","Left Side(L)","8-16 ft.","14","-134","63","1","1","20260419","OKC","PHX"
"Shot Chart Detail","0042500141","402","1628392","Isaiah Hartenstein","1610612760","Oklahoma City Thunder","3","10","49","Made Shot","Driving Floating Jump Shot","2PT Field Goal","In The Paint (Non-RA)","Center(C)","8-16 ft.","12","-16","120","1","1","20260419","OKC","PHX"
"Shot Chart Detail","0042500141","413","1628983","Shai Gilgeous-Alexander","1610612760","Oklahoma City Thunder","3","10","19","Missed Shot","Jump Shot","2PT Field Goal","Mid-Range","Center(C)","8-16 ft.","14","-22","143","1","0","20260419","OKC","PHX"
"Shot Chart Detail","0042500141","415","1630224","Jalen Green","1610612756","Phoenix Suns","3","10","7","Made Shot","Jump Shot","3PT Field Goal","Above the Break 3","Left Side Center(LC)","24+ ft.","25","-114","226","1","1","20260419","OKC","PHX"
"Shot Chart Detail","0042500141","421","1642345","Oso Ighodaro","1610612756","Phoenix Suns","3","9","42","Missed Shot","Cutting Dunk Shot","2PT Field Goal","Restricted Area","Center(C)","Less Than 8 ft.","1","1","14","1","0","20260419","OKC","PHX"
"Shot Chart Detail","0042500141","424","1628415","Dillon Brooks","1610612756","Phoenix Suns","3","9","37","Missed Shot","Pullup Jump shot","3PT Field Goal","Right Corner 3","Right Side(R)","24+ ft.","22","227","30","1","0","20260419","OKC","PHX"
"Shot Chart Detail","0042500141","426","1631096","Chet Holmgren","1610612760","Oklahoma City Thunder","3","9","27","Missed Shot","Jump Shot","3PT Field Goal","Left Corner 3","Left Side(L)","24+ ft.","23","-230","26","1","0","20260419","OKC","PHX"
"Shot Chart Detail","0042500141","428","1626164","Devin Booker","1610612756","Phoenix Suns","3","9","13","Missed Shot","Cutting Finger Roll Layup Shot","2PT Field Goal","In The Paint (Non-RA)","Center(C)","Less Than 8 ft.","5","44","35","1","0","20260419","OKC","PHX"
"Shot Chart Detail","0042500141","431","1628415","Dillon Brooks","1610612756","Phoenix Suns","3","9","6","Missed Shot","Jump Shot","3PT Field Goal","Above the Break 3","Center(C)","24+ ft.","25","-51","250","1","0","20260419","OKC","PHX"
"Shot Chart Detail","0042500141","435","1631114","Jalen Williams","1610612760","Oklahoma City Thunder","3","8","48","Made Shot","Driving Reverse Layup Shot","2PT Field Goal","Restricted Area","Center(C)","Less Than 8 ft.","1","11","6","1","1","20260419","OKC","PHX"
"Shot Chart Detail","0042500141","436","1628415","Dillon Brooks","1610612756","Phoenix Suns","3","8","19","Missed Shot","Driving Layup Shot","2PT Field Goal","Restricted Area","Center(C)","Less Than 8 ft.","2","-23","19","1","0","20260419","OKC","PHX"
"Shot Chart Detail","0042500141","438","1631114","Jalen Williams","1610612760","Oklahoma City Thunder","3","8","11","Missed Shot","Driving Layup Shot","2PT Field Goal","In The Paint (Non-RA)","Center(C)","8-16 ft.","8","-22","80","1","0","20260419","OKC","PHX"
"Shot Chart Detail","0042500141","443","1629652","Luguentz Dort","1610612760","Oklahoma City Thunder","3","7","58","Missed Shot","Jump Shot","3PT Field Goal","Right Corner 3","Right Side(R)","24+ ft.","22","223","-3","1","0","20260419","OKC","PHX"
"Shot Chart Detail","0042500141","449","1626164","Devin Booker","1610612756","Phoenix Suns","3","7","43","Made Shot","Pullup Jump shot","3PT Field Goal","Above the Break 3","Center(C)","24+ ft.","26","-81","250","1","1","20260419","OKC","PHX"
"Shot Chart Detail","0042500141","450","1629652","Luguentz Dort","1610612760","Oklahoma City Thunder","3","7","25","Made Shot","Cutting Dunk Shot","2PT Field Goal","Restricted Area","Center(C)","Less Than 8 ft.","1","12","11","1","1","20260419","OKC","PHX"
"Shot Chart Detail","0042500141","453","1628415","Dillon Brooks","1610612756","Phoenix Suns","3","7","5","Missed Shot","Turnaround Fadeaway shot","2PT Field Goal","In The Paint (Non-RA)","Center(C)","8-16 ft.","13","42","126","1","0","20260419","OKC","PHX"
"Shot Chart Detail","0042500141","455","1628983","Shai Gilgeous-Alexander","1610612760","Oklahoma City Thunder","3","6","51","Missed Shot","Pullup Jump shot","2PT Field Goal","Mid-Range","Center(C)","8-16 ft.","15","-74","141","1","0","20260419","OKC","PHX"
"Shot Chart Detail","0042500141","457","1631114","Jalen Williams","1610612760","Oklahoma City Thunder","3","6","46","Made Shot","Jump Shot","3PT Field Goal","Above the Break 3","Center(C)","24+ ft.","26","60","256","1","1","20260419","OKC","PHX"
"Shot Chart Detail","0042500141","459","1642345","Oso Ighodaro","1610612756","Phoenix Suns","3","6","28","Missed Shot","Driving Dunk Shot","2PT Field Goal","Restricted Area","Center(C)","Less Than 8 ft.","1","-4","14","1","0","20260419","OKC","PHX"
"Shot Chart Detail","0042500141","462","1628983","Shai Gilgeous-Alexander","1610612760","Oklahoma City Thunder","3","6","20","Missed Shot","Running Finger Roll Layup Shot","2PT Field Goal","Restricted Area","Center(C)","Less Than 8 ft.","3","-37","6","1","0","20260419","OKC","PHX"
"Shot Chart Detail","0042500141","464","1626164","Devin Booker","1610612756","Phoenix Suns","3","6","16","Missed Shot","Running Pull-Up Jump Shot","3PT Field Goal","Above the Break 3","Right Side Center(RC)","24+ ft.","25","152","203","1","0","20260419","OKC","PHX"
"Shot Chart Detail","0042500141","468","1626220","Royce O'Neale","1610612756","Phoenix Suns","3","6","7","Made Shot","Jump Shot","3PT Field Goal","Above the Break 3","Left Side Center(LC)","24+ ft.","26","-124","229","1","1","20260419","OKC","PHX"
"Shot Chart Detail","0042500141","470","1631114","Jalen Williams","1610612760","Oklahoma City Thunder","3","5","37","Made Shot","Driving Finger Roll Layup Shot","2PT Field Goal","Restricted Area","Center(C)","Less Than 8 ft.","3","-34","1","1","1","20260419","OKC","PHX"
"Shot Chart Detail","0042500141","472","1628415","Dillon Brooks","1610612756","Phoenix Suns","3","5","11","Made Shot","Driving Finger Roll Layup Shot","2PT Field Goal","Restricted Area","Center(C)","Less Than 8 ft.","2","23","3","1","1","20260419","OKC","PHX"
"Shot Chart Detail","0042500141","473","1629652","Luguentz Dort","1610612760","Oklahoma City Thunder","3","4","57","Missed Shot","Jump Shot","3PT Field Goal","Above the Break 3","Right Side Center(RC)","24+ ft.","24","224","91","1","0","20260419","OKC","PHX"
"Shot Chart Detail","0042500141","475","1629652","Luguentz Dort","1610612760","Oklahoma City Thunder","3","4","47","Made Shot","Jump Shot","3PT Field Goal","Above the Break 3","Right Side Center(RC)","24+ ft.","26","138","221","1","1","20260419","OKC","PHX"
"Shot Chart Detail","0042500141","477","1628415","Dillon Brooks","1610612756","Phoenix Suns","3","4","26","Made Shot","Driving Layup Shot","2PT Field Goal","Restricted Area","Center(C)","Less Than 8 ft.","1","17","0","1","1","20260419","OKC","PHX"
"Shot Chart Detail","0042500141","488","1626164","Devin Booker","1610612756","Phoenix Suns","3","4","1","Missed Shot","Pullup Jump shot","2PT Field Goal","In The Paint (Non-RA)","Center(C)","8-16 ft.","13","61","122","1","0","20260419","OKC","PHX"
"Shot Chart Detail","0042500141","491","1631096","Chet Holmgren","1610612760","Oklahoma City Thunder","3","3","46","Missed Shot","Jump Shot","3PT Field Goal","Above the Break 3","Right Side Center(RC)","24+ ft.","25","205","147","1","0","20260419","OKC","PHX"
"Shot Chart Detail","0042500141","495","1629652","Luguentz Dort","1610612760","Oklahoma City Thunder","3","3","33","Missed Shot","Running Layup Shot","2PT Field Goal","Restricted Area","Center(C)","Less Than 8 ft.","1","10","5","1","0","20260419","OKC","PHX"
"Shot Chart Detail","0042500141","506","1642349","Ajay Mitchell","1610612760","Oklahoma City Thunder","3","3","13","Made Shot","Jump Shot","3PT Field Goal","Above the Break 3","Right Side Center(RC)","24+ ft.","25","146","211","1","1","20260419","OKC","PHX"
"Shot Chart Detail","0042500141","510","1628983","Shai Gilgeous-Alexander","1610612760","Oklahoma City Thunder","3","2","26","Missed Shot","Driving Hook Shot","2PT Field Goal","Restricted Area","Center(C)","Less Than 8 ft.","2","-20","18","1","0","20260419","OKC","PHX"
"Shot Chart Detail","0042500141","512","1631119","Jaylin Williams","1610612760","Oklahoma City Thunder","3","2","24","Missed Shot","Jump Shot","3PT Field Goal","Above the Break 3","Right Side Center(RC)","24+ ft.","25","113","231","1","0","20260419","OKC","PHX"
"Shot Chart Detail","0042500141","514","1628983","Shai Gilgeous-Alexander","1610612760","Oklahoma City Thunder","3","2","23","Made Shot","Putback Layup Shot","2PT Field Goal","In The Paint (Non-RA)","Center(C)","Less Than 8 ft.","6","31","58","1","1","20260419","OKC","PHX"
"Shot Chart Detail","0042500141","526","1626164","Devin Booker","1610612756","Phoenix Suns","3","1","40","Made Shot","Pullup Jump shot","2PT Field Goal","In The Paint (Non-RA)","Center(C)","8-16 ft.","12","-59","115","1","1","20260419","OKC","PHX"
"Shot Chart Detail","0042500141","529","1641717","Cason Wallace","1610612760","Oklahoma City Thunder","3","1","16","Made Shot","Driving Finger Roll Layup Shot","2PT Field Goal","Restricted Area","Center(C)","Less Than 8 ft.","2","15","16","1","1","20260419","OKC","PHX"
"Shot Chart Detail","0042500141","533","1629312","Haywood Highsmith","1610612756","Phoenix Suns","3","0","53","Missed Shot","Jump Shot","3PT Field Goal","Right Corner 3","Right Side(R)","24+ ft.","23","234","4","1","0","20260419","OKC","PHX"
"Shot Chart Detail","0042500141","535","1628983","Shai Gilgeous-Alexander","1610612760","Oklahoma City Thunder","3","0","29","Missed Shot","Step Back Jump shot","3PT Field Goal","Above the Break 3","Left Side Center(LC)","24+ ft.","25","-208","148","1","0","20260419","OKC","PHX"
"Shot Chart Detail","0042500141","537","1628983","Shai Gilgeous-Alexander","1610612760","Oklahoma City Thunder","3","0","25","Missed Shot","Jump Shot","3PT Field Goal","Left Corner 3","Left Side(L)","24+ ft.","23","-233","-4","1","0","20260419","OKC","PHX"
"Shot Chart Detail","0042500141","546","1631119","Jaylin Williams","1610612760","Oklahoma City Thunder","3","0","1","Made Shot","Jump Shot","3PT Field Goal","Right Corner 3","Right Side(R)","24+ ft.","22","229","-4","1","1","20260419","OKC","PHX"
"Shot Chart Detail","0042500141","562","1630224","Jalen Green","1610612756","Phoenix Suns","4","11","38","Missed Shot","Driving Reverse Layup Shot","2PT Field Goal","Restricted Area","Center(C)","Less Than 8 ft.","3","-31","-2","1","0","20260419","OKC","PHX"
"Shot Chart Detail","0042500141","564","1641717","Cason Wallace","1610612760","Oklahoma City Thunder","4","11","33","Missed Shot","Running Jump Shot","3PT Field Goal","Above the Break 3","Left Side Center(LC)","24+ ft.","25","-190","175","1","0","20260419","OKC","PHX"
"Shot Chart Detail","0042500141","566","1630198","Isaiah Joe","1610612760","Oklahoma City Thunder","4","11","19","Made Shot","Jump Shot","3PT Field Goal","Above the Break 3","Center(C)","24+ ft.","25","25","258","1","1","20260419","OKC","PHX"
"Shot Chart Detail","0042500141","574","1630224","Jalen Green","1610612756","Phoenix Suns","4","10","34","Missed Shot","Step Back Jump shot","2PT Field Goal","Mid-Range","Right Side(R)","8-16 ft.","15","153","-12","1","0","20260419","OKC","PHX"
"Shot Chart Detail","0042500141","578","1642346","Ryan Dunn","1610612756","Phoenix Suns","4","10","22","Missed Shot","Jump Shot","3PT Field Goal","Right Corner 3","Right Side(R)","24+ ft.","23","232","9","1","0","20260419","OKC","PHX"
"Shot Chart Detail","0042500141","580","1641717","Cason Wallace","1610612760","Oklahoma City Thunder","4","10","7","Missed Shot","Jump Shot","3PT Field Goal","Left Corner 3","Left Side(L)","24+ ft.","23","-230","34","1","0","20260419","OKC","PHX"
"Shot Chart Detail","0042500141","582","1630224","Jalen Green","1610612756","Phoenix Suns","4","9","52","Made Shot","Driving Floating Jump Shot","2PT Field Goal","In The Paint (Non-RA)","Center(C)","Less Than 8 ft.","6","-1","61","1","1","20260419","OKC","PHX"
"Shot Chart Detail","0042500141","583","1642349","Ajay Mitchell","1610612760","Oklahoma City Thunder","4","9","29","Missed Shot","Step Back Jump shot","3PT Field Goal","Above the Break 3","Right Side Center(RC)","24+ ft.","25","195","160","1","0","20260419","OKC","PHX"
"Shot Chart Detail","0042500141","585","1628415","Dillon Brooks","1610612756","Phoenix Suns","4","9","13","Missed Shot","Turnaround Fadeaway shot","2PT Field Goal","Mid-Range","Left Side(L)","8-16 ft.","10","-100","19","1","0","20260419","OKC","PHX"
"Shot Chart Detail","0042500141","587","1642349","Ajay Mitchell","1610612760","Oklahoma City Thunder","4","9","5","Missed Shot","Running Layup Shot","2PT Field Goal","In The Paint (Non-RA)","Center(C)","Less Than 8 ft.","4","27","38","1","0","20260419","OKC","PHX"
"Shot Chart Detail","0042500141","589","1630224","Jalen Green","1610612756","Phoenix Suns","4","8","57","Missed Shot","Jump Shot","3PT Field Goal","Above the Break 3","Left Side Center(LC)","24+ ft.","25","-103","231","1","0","20260419","OKC","PHX"
"Shot Chart Detail","0042500141","594","1631114","Jalen Williams","1610612760","Oklahoma City Thunder","4","8","35","Made Shot","Running Dunk Shot","2PT Field Goal","Restricted Area","Center(C)","Less Than 8 ft.","1","9","6","1","1","20260419","OKC","PHX"
"Shot Chart Detail","0042500141","598","1630198","Isaiah Joe","1610612760","Oklahoma City Thunder","4","8","11","Missed Shot","Jump Shot","3PT Field Goal","Above the Break 3","Left Side Center(LC)","24+ ft.","31","-199","244","1","0","20260419","OKC","PHX"
"Shot Chart Detail","0042500141","600","1628415","Dillon Brooks","1610612756","Phoenix Suns","4","7","52","Made Shot","Pullup Jump shot","2PT Field Goal","In The Paint (Non-RA)","Right Side(R)","8-16 ft.","14","74","121","1","1","20260419","OKC","PHX"
"Shot Chart Detail","0042500141","601","1631114","Jalen Williams","1610612760","Oklahoma City Thunder","4","7","34","Made Shot","Pullup Jump shot","2PT Field Goal","Mid-Range","Center(C)","16-24 ft.","16","31","163","1","1","20260419","OKC","PHX"
"Shot Chart Detail","0042500141","613","1642853","Rasheer Fleming","1610612756","Phoenix Suns","4","7","14","Made Shot","Jump Shot","3PT Field Goal","Right Corner 3","Right Side(R)","24+ ft.","24","240","15","1","1","20260419","OKC","PHX"
"Shot Chart Detail","0042500141","615","1642272","Jared McCain","1610612760","Oklahoma City Thunder","4","6","55","Made Shot","Pullup Jump shot","2PT Field Goal","In The Paint (Non-RA)","Center(C)","8-16 ft.","12","39","122","1","1","20260419","OKC","PHX"
"Shot Chart Detail","0042500141","617","1631221","Collin Gillespie","1610612756","Phoenix Suns","4","6","36","Made Shot","Step Back Jump shot","2PT Field Goal","Mid-Range","Left Side(L)","8-16 ft.","13","-131","22","1","1","20260419","OKC","PHX"
"Shot Chart Detail","0042500141","618","1629026","Kenrich Williams","1610612760","Oklahoma City Thunder","4","6","26","Missed Shot","Jump Shot","3PT Field Goal","Above the Break 3","Left Side Center(LC)","24+ ft.","27","-153","230","1","0","20260419","OKC","PHX"
"Shot Chart Detail","0042500141","620","1630198","Isaiah Joe","1610612760","Oklahoma City Thunder","4","6","18","Made Shot","Jump Shot","3PT Field Goal","Above the Break 3","Right Side Center(RC)","24+ ft.","25","125","226","1","1","20260419","OKC","PHX"
"Shot Chart Detail","0042500141","622","1631221","Collin Gillespie","1610612756","Phoenix Suns","4","6","2","Missed Shot","Jump Shot","3PT Field Goal","Above the Break 3","Center(C)","24+ ft.","26","-13","266","1","0","20260419","OKC","PHX"
"Shot Chart Detail","0042500141","624","1642853","Rasheer Fleming","1610612756","Phoenix Suns","4","5","55","Made Shot","Jump Shot","3PT Field Goal","Left Corner 3","Left Side(L)","24+ ft.","22","-224","-22","1","1","20260419","OKC","PHX"
"Shot Chart Detail","0042500141","626","1642272","Jared McCain","1610612760","Oklahoma City Thunder","4","5","36","Missed Shot","Cutting Layup Shot","2PT Field Goal","Restricted Area","Center(C)","Less Than 8 ft.","1","11","4","1","0","20260419","OKC","PHX"
"Shot Chart Detail","0042500141","628","1642863","Khaman Maluach","1610612756","Phoenix Suns","4","5","20","Missed Shot","Floating Jump shot","2PT Field Goal","In The Paint (Non-RA)","Center(C)","Less Than 8 ft.","5","2","57","1","0","20260419","OKC","PHX"
"Shot Chart Detail","0042500141","630","1630598","Aaron Wiggins","1610612760","Oklahoma City Thunder","4","5","2","Made Shot","Pullup Jump shot","2PT Field Goal","In The Paint (Non-RA)","Center(C)","8-16 ft.","9","28","86","1","1","20260419","OKC","PHX"
"Shot Chart Detail","0042500141","632","1631123","Jamaree Bouyea","1610612756","Phoenix Suns","4","4","45","Missed Shot","Driving Layup Shot","2PT Field Goal","Restricted Area","Center(C)","Less Than 8 ft.","3","33","6","1","0","20260419","OKC","PHX"
"Shot Chart Detail","0042500141","634","1642863","Khaman Maluach","1610612756","Phoenix Suns","4","4","43","Missed Shot","Tip Layup Shot","2PT Field Goal","Restricted Area","Center(C)","Less Than 8 ft.","0","0","0","1","0","20260419","OKC","PHX"
"Shot Chart Detail","0042500141","636","1630198","Isaiah Joe","1610612760","Oklahoma City Thunder","4","4","25","Made Shot","Step Back Jump shot","3PT Field Goal","Above the Break 3","Left Side Center(LC)","24+ ft.","29","-162","251","1","1","20260419","OKC","PHX"
"Shot Chart Detail","0042500141","646","1642272","Jared McCain","1610612760","Oklahoma City Thunder","4","3","55","Made Shot","Running Jump Shot","3PT Field Goal","Right Corner 3","Right Side(R)","24+ ft.","22","225","33","1","1","20260419","OKC","PHX"
"Shot Chart Detail","0042500141","649","1642272","Jared McCain","1610612760","Oklahoma City Thunder","4","3","14","Missed Shot","Step Back Jump shot","3PT Field Goal","Left Corner 3","Left Side(L)","24+ ft.","22","-229","17","1","0","20260419","OKC","PHX"
"Shot Chart Detail","0042500141","651","1631123","Jamaree Bouyea","1610612756","Phoenix Suns","4","2","57","Made Shot","Driving Finger Roll Layup Shot","2PT Field Goal","Restricted Area","Center(C)","Less Than 8 ft.","2","21","3","1","1","20260419","OKC","PHX"
"Shot Chart Detail","0042500141","652","1629026","Kenrich Williams","1610612760","Oklahoma City Thunder","4","2","42","Missed Shot","Jump Shot","3PT Field Goal","Above the Break 3","Center(C)","24+ ft.","27","-31","272","1","0","20260419","OKC","PHX"
"Shot Chart Detail","0042500141","654","1642853","Rasheer Fleming","1610612756","Phoenix Suns","4","2","22","Made Shot","Jump Shot","3PT Field Goal","Above the Break 3","Right Side Center(RC)","24+ ft.","25","206","148","1","1","20260419","OKC","PHX"
"Shot Chart Detail","0042500141","656","1630598","Aaron Wiggins","1610612760","Oklahoma City Thunder","4","2","8","Missed Shot","Jump Shot","3PT Field Goal","Left Corner 3","Left Side(L)","24+ ft.","23","-233","-8","1","0","20260419","OKC","PHX"
"Shot Chart Detail","0042500141","658","1642272","Jared McCain","1610612760","Oklahoma City Thunder","4","2","3","Missed Shot","Jump Shot","3PT Field Goal","Above the Break 3","Right Side Center(RC)","24+ ft.","24","199","146","1","0","20260419","OKC","PHX"
"Shot Chart Detail","0042500141","662","1642346","Ryan Dunn","1610612756","Phoenix Suns","4","1","34","Missed Shot","Pullup Jump shot","3PT Field Goal","Left Corner 3","Left Side(L)","24+ ft.","23","-232","-22","1","0","20260419","OKC","PHX"
"Shot Chart Detail","0042500141","664","1630198","Isaiah Joe","1610612760","Oklahoma City Thunder","4","1","24","Missed Shot","Jump Shot","3PT Field Goal","Above the Break 3","Right Side Center(RC)","24+ ft.","24","181","169","1","0","20260419","OKC","PHX"
"Shot Chart Detail","0042500141","668","1631123","Jamaree Bouyea","1610612756","Phoenix Suns","4","1","4","Missed Shot","Turnaround Fadeaway shot","2PT Field Goal","In The Paint (Non-RA)","Right Side(R)","8-16 ft.","10","64","83","1","0","20260419","OKC","PHX"
"Shot Chart Detail","0042500141","670","1629026","Kenrich Williams","1610612760","Oklahoma City Thunder","4","0","51","Made Shot","Driving Finger Roll Layup Shot","2PT Field Goal","Restricted Area","Center(C)","Less Than 8 ft.","1","15","12","1","1","20260419","OKC","PHX"
"Shot Chart Detail","0042500151","7","1641705","Victor Wembanyama","1610612759","San Antonio Spurs","1","11","37","Missed Shot","Driving Layup Shot","2PT Field Goal","Restricted Area","Center(C)","Less Than 8 ft.","1","16","11","1","0","20260419","SAS","POR"
"Shot Chart Detail","0042500151","9","1630166","Deni Avdija","1610612757","Portland Trail Blazers","1","11","20","Missed Shot","Driving Finger Roll Layup Shot","2PT Field Goal","In The Paint (Non-RA)","Center(C)","Less Than 8 ft.","5","49","32","1","0","20260419","SAS","POR"
"Shot Chart Detail","0042500151","13","1642264","Stephon Castle","1610612759","San Antonio Spurs","1","11","9","Made Shot","Pullup Jump shot","2PT Field Goal","In The Paint (Non-RA)","Right Side(R)","8-16 ft.","9","75","54","1","1","20260419","SAS","POR"
"Shot Chart Detail","0042500151","14","1630166","Deni Avdija","1610612757","Portland Trail Blazers","1","10","50","Made Shot","Jump Shot","3PT Field Goal","Above the Break 3","Center(C)","24+ ft.","24","-54","242","1","1","20260419","SAS","POR"
"Shot Chart Detail","0042500151","20","1642270","Donovan Clingan","1610612757","Portland Trail Blazers","1","10","30","Made Shot","Cutting Dunk Shot","2PT Field Goal","Restricted Area","Center(C)","Less Than 8 ft.","0","-1","9","1","1","20260419","SAS","POR"
"Shot Chart Detail","0042500151","22","1642264","Stephon Castle","1610612759","San Antonio Spurs","1","10","10","Made Shot","Step Back Jump shot","3PT Field Goal","Above the Break 3","Center(C)","24+ ft.","26","-42","258","1","1","20260419","SAS","POR"
"Shot Chart Detail","0042500151","26","1630170","Devin Vassell","1610612759","San Antonio Spurs","1","9","52","Missed Shot","Jump Shot","3PT Field Goal","Above the Break 3","Left Side Center(LC)","24+ ft.","28","-214","181","1","0","20260419","SAS","POR"
"Shot Chart Detail","0042500151","28","1642264","Stephon Castle","1610612759","San Antonio Spurs","1","9","49","Missed Shot","Pullup Jump shot","2PT Field Goal","In The Paint (Non-RA)","Center(C)","8-16 ft.","8","-22","84","1","0","20260419","SAS","POR"
"Shot Chart Detail","0042500151","30","1642270","Donovan Clingan","1610612757","Portland Trail Blazers","1","9","37","Missed Shot","Pullup Jump shot","3PT Field Goal","Above the Break 3","Center(C)","24+ ft.","25","71","247","1","0","20260419","SAS","POR"
"Shot Chart Detail","0042500151","32","1630166","Deni Avdija","1610612757","Portland Trail Blazers","1","9","33","Missed Shot","Jump Shot","3PT Field Goal","Above the Break 3","Left Side Center(LC)","24+ ft.","25","-112","226","1","0","20260419","SAS","POR"
"Shot Chart Detail","0042500151","34","1630166","Deni Avdija","1610612757","Portland Trail Blazers","1","9","26","Made Shot","Driving Finger Roll Layup Shot","2PT Field Goal","Restricted Area","Center(C)","Less Than 8 ft.","2","27","9","1","1","20260419","SAS","POR"
"Shot Chart Detail","0042500151","36","1628368","De'Aaron Fox","1610612759","San Antonio Spurs","1","9","15","Made Shot","Driving Finger Roll Layup Shot","2PT Field Goal","Restricted Area","Center(C)","Less Than 8 ft.","1","-13","7","1","1","20260419","SAS","POR"
"Shot Chart Detail","0042500151","37","1641739","Toumani Camara","1610612757","Portland Trail Blazers","1","9","4","Missed Shot","Jump Shot","3PT Field Goal","Left Corner 3","Left Side(L)","24+ ft.","23","-234","-5","1","0","20260419","SAS","POR"
"Shot Chart Detail","0042500151","39","1628368","De'Aaron Fox","1610612759","San Antonio Spurs","1","8","55","Missed Shot","Running Pull-Up Jump Shot","3PT Field Goal","Above the Break 3","Right Side Center(RC)","24+ ft.","26","127","237","1","0","20260419","SAS","POR"
"Shot Chart Detail","0042500151","42","1630166","Deni Avdija","1610612757","Portland Trail Blazers","1","8","43","Made Shot","Pullup Jump shot","2PT Field Goal","Mid-Range","Right Side(R)","8-16 ft.","13","129","47","1","1","20260419","SAS","POR"
"Shot Chart Detail","0042500151","44","1642264","Stephon Castle","1610612759","San Antonio Spurs","1","8","16","Missed Shot","Driving Floating Jump Shot","2PT Field Goal","In The Paint (Non-RA)","Center(C)","8-16 ft.","9","2","90","1","0","20260419","SAS","POR"
"Shot Chart Detail","0042500151","46","1630703","Scoot Henderson","1610612757","Portland Trail Blazers","1","8","10","Made Shot","Running Jump Shot","3PT Field Goal","Left Corner 3","Left Side(L)","24+ ft.","23","-230","51","1","1","20260419","SAS","POR"
"Shot Chart Detail","0042500151","50","1641705","Victor Wembanyama","1610612759","San Antonio Spurs","1","7","47","Made Shot","Driving Floating Jump Shot","2PT Field Goal","In The Paint (Non-RA)","Center(C)","Less Than 8 ft.","5","-53","17","1","1","20260419","SAS","POR"
"Shot Chart Detail","0042500151","52","1642270","Donovan Clingan","1610612757","Portland Trail Blazers","1","7","25","Missed Shot","Jump Shot","3PT Field Goal","Above the Break 3","Right Side Center(RC)","24+ ft.","24","91","232","1","0","20260419","SAS","POR"
"Shot Chart Detail","0042500151","54","1630170","Devin Vassell","1610612759","San Antonio Spurs","1","7","15","Missed Shot","Pullup Jump shot","2PT Field Goal","In The Paint (Non-RA)","Center(C)","8-16 ft.","15","64","138","1","0","20260419","SAS","POR"
"Shot Chart Detail","0042500151","56","1630703","Scoot Henderson","1610612757","Portland Trail Blazers","1","7","6","Missed Shot","Running Pull-Up Jump Shot","3PT Field Goal","Above the Break 3","Right Side Center(RC)","24+ ft.","26","88","247","1","0","20260419","SAS","POR"
"Shot Chart Detail","0042500151","58","1630170","Devin Vassell","1610612759","San Antonio Spurs","1","6","59","Made Shot","Running Jump Shot","3PT Field Goal","Right Corner 3","Right Side(R)","24+ ft.","23","238","7","1","1","20260419","SAS","POR"
"Shot Chart Detail","0042500151","60","201950","Jrue Holiday","1610612757","Portland Trail Blazers","1","6","39","Missed Shot","Pullup Jump shot","3PT Field Goal","Above the Break 3","Center(C)","24+ ft.","25","-4","252","1","0","20260419","SAS","POR"
"Shot Chart Detail","0042500151","74","1630170","Devin Vassell","1610612759","San Antonio Spurs","1","6","24","Missed Shot","Pullup Jump shot","3PT Field Goal","Above the Break 3","Left Side Center(LC)","24+ ft.","25","-200","164","1","0","20260419","SAS","POR"
"Shot Chart Detail","0042500151","78","1629057","Robert Williams III","1610612757","Portland Trail Blazers","1","6","2","Missed Shot","Jump Shot","3PT Field Goal","Right Corner 3","Right Side(R)","24+ ft.","23","234","-8","1","0","20260419","SAS","POR"
"Shot Chart Detail","0042500151","84","1630166","Deni Avdija","1610612757","Portland Trail Blazers","1","5","41","Missed Shot","Driving Finger Roll Layup Shot","2PT Field Goal","In The Paint (Non-RA)","Center(C)","Less Than 8 ft.","4","33","35","1","0","20260419","SAS","POR"
"Shot Chart Detail","0042500151","86","1641705","Victor Wembanyama","1610612759","San Antonio Spurs","1","5","30","Made Shot","Driving Dunk Shot","2PT Field Goal","Restricted Area","Center(C)","Less Than 8 ft.","1","-2","17","1","1","20260419","SAS","POR"
"Shot Chart Detail","0042500151","87","1629057","Robert Williams III","1610612757","Portland Trail Blazers","1","5","8","Made Shot","Jump Shot","3PT Field Goal","Left Corner 3","Left Side(L)","24+ ft.","23","-235","4","1","1","20260419","SAS","POR"
"Shot Chart Detail","0042500151","89","1641705","Victor Wembanyama","1610612759","San Antonio Spurs","1","4","52","Made Shot","Pullup Jump shot","3PT Field Goal","Above the Break 3","Right Side Center(RC)","24+ ft.","26","103","247","1","1","20260419","SAS","POR"
"Shot Chart Detail","0042500151","111","1628368","De'Aaron Fox","1610612759","San Antonio Spurs","1","3","56","Missed Shot","Driving Floating Jump Shot","2PT Field Goal","In The Paint (Non-RA)","Center(C)","8-16 ft.","11","11","110","1","0","20260419","SAS","POR"
"Shot Chart Detail","0042500151","113","1642844","Dylan Harper","1610612759","San Antonio Spurs","1","3","51","Missed Shot","Jump Shot","3PT Field Goal","Above the Break 3","Center(C)","24+ ft.","26","-40","259","1","0","20260419","SAS","POR"
"Shot Chart Detail","0042500151","115","203924","Jerami Grant","1610612757","Portland Trail Blazers","1","3","32","Missed Shot","Pullup Jump shot","2PT Field Goal","Mid-Range","Center(C)","8-16 ft.","15","-36","153","1","0","20260419","SAS","POR"
"Shot Chart Detail","0042500151","117","1630170","Devin Vassell","1610612759","San Antonio Spurs","1","3","17","Missed Shot","Fadeaway Jump Shot","2PT Field Goal","In The Paint (Non-RA)","Center(C)","8-16 ft.","8","4","86","1","0","20260419","SAS","POR"
"Shot Chart Detail","0042500151","119","1630166","Deni Avdija","1610612757","Portland Trail Blazers","1","2","59","Missed Shot","Pullup Jump shot","2PT Field Goal","In The Paint (Non-RA)","Right Side(R)","8-16 ft.","10","62","84","1","0","20260419","SAS","POR"
"Shot Chart Detail","0042500151","121","1628368","De'Aaron Fox","1610612759","San Antonio Spurs","1","2","35","Made Shot","Step Back Jump shot","3PT Field Goal","Above the Break 3","Left Side Center(LC)","24+ ft.","25","-115","233","1","1","20260419","SAS","POR"
"Shot Chart Detail","0042500151","123","201950","Jrue Holiday","1610612757","Portland Trail Blazers","1","2","22","Missed Shot","Driving Layup Shot","2PT Field Goal","Restricted Area","Center(C)","Less Than 8 ft.","2","27","10","1","0","20260419","SAS","POR"
"Shot Chart Detail","0042500151","125","1642844","Dylan Harper","1610612759","San Antonio Spurs","1","2","6","Missed Shot","Fadeaway Jump Shot","2PT Field Goal","In The Paint (Non-RA)","Center(C)","Less Than 8 ft.","7","-2","70","1","0","20260419","SAS","POR"
"Shot Chart Detail","0042500151","127","1631101","Shaedon Sharpe","1610612757","Portland Trail Blazers","1","1","49","Made Shot","Step Back Jump shot","2PT Field Goal","Mid-Range","Left Side(L)","16-24 ft.","16","-161","5","1","1","20260419","SAS","POR"
"Shot Chart Detail","0042500151","128","1629640","Keldon Johnson","1610612759","San Antonio Spurs","1","1","35","Missed Shot","Jump Shot","3PT Field Goal","Above the Break 3","Left Side Center(LC)","24+ ft.","26","-153","214","1","0","20260419","SAS","POR"
"Shot Chart Detail","0042500151","138","1631101","Shaedon Sharpe","1610612757","Portland Trail Blazers","1","1","17","Missed Shot","Step Back Jump shot","3PT Field Goal","Left Corner 3","Left Side(L)","24+ ft.","24","-233","74","1","0","20260419","SAS","POR"
"Shot Chart Detail","0042500151","140","1641705","Victor Wembanyama","1610612759","San Antonio Spurs","1","1","5","Missed Shot","Turnaround Bank Hook Shot","2PT Field Goal","In The Paint (Non-RA)","Center(C)","Less Than 8 ft.","4","-44","21","1","0","20260419","SAS","POR"
"Shot Chart Detail","0042500151","143","1630166","Deni Avdija","1610612757","Portland Trail Blazers","1","0","49","Made Shot","Driving Finger Roll Layup Shot","2PT Field Goal","Restricted Area","Center(C)","Less Than 8 ft.","3","38","3","1","1","20260419","SAS","POR"
"Shot Chart Detail","0042500151","145","1641705","Victor Wembanyama","1610612759","San Antonio Spurs","1","0","33","Made Shot","Pullup Jump shot","3PT Field Goal","Above the Break 3","Right Side Center(RC)","24+ ft.","26","98","249","1","1","20260419","SAS","POR"
"Shot Chart Detail","0042500151","147","1631101","Shaedon Sharpe","1610612757","Portland Trail Blazers","1","0","16","Missed Shot","Driving Floating Jump Shot","2PT Field Goal","In The Paint (Non-RA)","Center(C)","Less Than 8 ft.","7","51","48","1","0","20260419","SAS","POR"
"Shot Chart Detail","0042500151","156","1630166","Deni Avdija","1610612757","Portland Trail Blazers","1","0","4","Made Shot","Step Back Jump shot","2PT Field Goal","Mid-Range","Left Side Center(LC)","16-24 ft.","22","-145","176","1","1","20260419","SAS","POR"
"Shot Chart Detail","0042500151","157","1629640","Keldon Johnson","1610612759","San Antonio Spurs","1","0","0","Made Shot","Jump Shot","3PT Field Goal","Above the Break 3","Right Side Center(RC)","24+ ft.","26","130","226","1","1","20260419","SAS","POR"
"Shot Chart Detail","0042500151","166","1631101","Shaedon Sharpe","1610612757","Portland Trail Blazers","2","11","47","Made Shot","Driving Finger Roll Layup Shot","2PT Field Goal","Restricted Area","Center(C)","Less Than 8 ft.","1","-16","8","1","1","20260419","SAS","POR"
"Shot Chart Detail","0042500151","168","1641705","Victor Wembanyama","1610612759","San Antonio Spurs","2","11","29","Made Shot","Alley Oop Dunk Shot","2PT Field Goal","Restricted Area","Center(C)","Less Than 8 ft.","1","5","12","1","1","20260419","SAS","POR"
"Shot Chart Detail","0042500151","170","1641739","Toumani Camara","1610612757","Portland Trail Blazers","2","11","21","Made Shot","Jump Shot","3PT Field Goal","Above the Break 3","Right Side Center(RC)","24+ ft.","25","154","201","1","1","20260419","SAS","POR"
"Shot Chart Detail","0042500151","174","201950","Jrue Holiday","1610612757","Portland Trail Blazers","2","10","54","Missed Shot","Pullup Jump shot","2PT Field Goal","In The Paint (Non-RA)","Center(C)","8-16 ft.","12","16","127","1","0","20260419","SAS","POR"
"Shot Chart Detail","0042500151","176","1642264","Stephon Castle","1610612759","San Antonio Spurs","2","10","44","Missed Shot","Jump Shot","3PT Field Goal","Above the Break 3","Right Side Center(RC)","24+ ft.","25","110","230","1","0","20260419","SAS","POR"
"Shot Chart Detail","0042500151","184","1631101","Shaedon Sharpe","1610612757","Portland Trail Blazers","2","10","18","Missed Shot","Pullup Jump shot","3PT Field Goal","Above the Break 3","Left Side Center(LC)","24+ ft.","25","-108","236","1","0","20260419","SAS","POR"
"Shot Chart Detail","0042500151","189","1631101","Shaedon Sharpe","1610612757","Portland Trail Blazers","2","9","54","Made Shot","Pullup Jump shot","2PT Field Goal","Mid-Range","Right Side Center(RC)","16-24 ft.","16","75","143","1","1","20260419","SAS","POR"
"Shot Chart Detail","0042500151","190","1641705","Victor Wembanyama","1610612759","San Antonio Spurs","2","9","40","Made Shot","Alley Oop Dunk Shot","2PT Field Goal","Restricted Area","Center(C)","Less Than 8 ft.","1","-9","13","1","1","20260419","SAS","POR"
"Shot Chart Detail","0042500151","192","203924","Jerami Grant","1610612757","Portland Trail Blazers","2","9","26","Made Shot","Jump Shot","3PT Field Goal","Left Corner 3","Left Side(L)","24+ ft.","23","-235","4","1","1","20260419","SAS","POR"
"Shot Chart Detail","0042500151","194","1642844","Dylan Harper","1610612759","San Antonio Spurs","2","9","14","Made Shot","Driving Finger Roll Layup Shot","2PT Field Goal","Restricted Area","Center(C)","Less Than 8 ft.","1","-10","11","1","1","20260419","SAS","POR"
"Shot Chart Detail","0042500151","196","201950","Jrue Holiday","1610612757","Portland Trail Blazers","2","9","5","Missed Shot","Jump Shot","3PT Field Goal","Left Corner 3","Left Side(L)","24+ ft.","23","-234","10","1","0","20260419","SAS","POR"
"Shot Chart Detail","0042500151","207","1641739","Toumani Camara","1610612757","Portland Trail Blazers","2","8","26","Missed Shot","Driving Floating Bank Jump Shot","2PT Field Goal","In The Paint (Non-RA)","Center(C)","Less Than 8 ft.","6","58","34","1","0","20260419","SAS","POR"
"Shot Chart Detail","0042500151","210","1628368","De'Aaron Fox","1610612759","San Antonio Spurs","2","8","7","Missed Shot","Jump Shot","3PT Field Goal","Left Corner 3","Left Side(L)","24+ ft.","24","-233","74","1","0","20260419","SAS","POR"
"Shot Chart Detail","0042500151","212","1629057","Robert Williams III","1610612757","Portland Trail Blazers","2","7","49","Missed Shot","Jump Shot","3PT Field Goal","Above the Break 3","Left Side Center(LC)","24+ ft.","25","-172","190","1","0","20260419","SAS","POR"
"Shot Chart Detail","0042500151","224","1642270","Donovan Clingan","1610612757","Portland Trail Blazers","2","7","42","Missed Shot","Jump Shot","3PT Field Goal","Above the Break 3","Left Side Center(LC)","24+ ft.","26","-156","215","1","0","20260419","SAS","POR"
"Shot Chart Detail","0042500151","227","1631101","Shaedon Sharpe","1610612757","Portland Trail Blazers","2","7","31","Missed Shot","Pullup Jump shot","3PT Field Goal","Above the Break 3","Right Side Center(RC)","24+ ft.","25","189","174","1","0","20260419","SAS","POR"
"Shot Chart Detail","0042500151","229","1630170","Devin Vassell","1610612759","San Antonio Spurs","2","7","23","Made Shot","Running Jump Shot","3PT Field Goal","Above the Break 3","Right Side Center(RC)","24+ ft.","26","89","247","1","1","20260419","SAS","POR"
"Shot Chart Detail","0042500151","246","1628368","De'Aaron Fox","1610612759","San Antonio Spurs","2","6","50","Made Shot","Pullup Jump shot","2PT Field Goal","In The Paint (Non-RA)","Right Side(R)","8-16 ft.","11","70","96","1","1","20260419","SAS","POR"
"Shot Chart Detail","0042500151","247","1630166","Deni Avdija","1610612757","Portland Trail Blazers","2","6","39","Made Shot","Driving Layup Shot","2PT Field Goal","Restricted Area","Center(C)","Less Than 8 ft.","2","22","11","1","1","20260419","SAS","POR"
"Shot Chart Detail","0042500151","248","1628436","Luke Kornet","1610612759","San Antonio Spurs","2","6","29","Made Shot","Alley Oop Dunk Shot","2PT Field Goal","Restricted Area","Center(C)","Less Than 8 ft.","0","0","6","1","1","20260419","SAS","POR"
"Shot Chart Detail","0042500151","250","1630166","Deni Avdija","1610612757","Portland Trail Blazers","2","6","10","Missed Shot","Driving Finger Roll Layup Shot","2PT Field Goal","Restricted Area","Center(C)","Less Than 8 ft.","1","13","9","1","0","20260419","SAS","POR"
"Shot Chart Detail","0042500151","252","1628368","De'Aaron Fox","1610612759","San Antonio Spurs","2","6","1","Made Shot","Pullup Jump shot","3PT Field Goal","Above the Break 3","Center(C)","24+ ft.","25","-13","258","1","1","20260419","SAS","POR"
"Shot Chart Detail","0042500151","256","1642844","Dylan Harper","1610612759","San Antonio Spurs","2","5","41","Missed Shot","Running Layup Shot","2PT Field Goal","Restricted Area","Center(C)","Less Than 8 ft.","2","-12","21","1","0","20260419","SAS","POR"
"Shot Chart Detail","0042500151","265","1628436","Luke Kornet","1610612759","San Antonio Spurs","2","5","24","Made Shot","Alley Oop Dunk Shot","2PT Field Goal","In The Paint (Non-RA)","Center(C)","8-16 ft.","10","10","102","1","1","20260419","SAS","POR"
"Shot Chart Detail","0042500151","267","201950","Jrue Holiday","1610612757","Portland Trail Blazers","2","5","10","Made Shot","Driving Layup Shot","2PT Field Goal","Restricted Area","Center(C)","Less Than 8 ft.","1","-10","5","1","1","20260419","SAS","POR"
"Shot Chart Detail","0042500151","275","1629680","Matisse Thybulle","1610612757","Portland Trail Blazers","2","4","33","Missed Shot","Jump Shot","3PT Field Goal","Left Corner 3","Left Side(L)","24+ ft.","23","-232","51","1","0","20260419","SAS","POR"
"Shot Chart Detail","0042500151","277","1631101","Shaedon Sharpe","1610612757","Portland Trail Blazers","2","4","27","Missed Shot","Layup Shot","2PT Field Goal","Restricted Area","Center(C)","Less Than 8 ft.","1","-11","-4","1","0","20260419","SAS","POR"
"Shot Chart Detail","0042500151","279","1629057","Robert Williams III","1610612757","Portland Trail Blazers","2","4","25","Made Shot","Tip Dunk Shot","2PT Field Goal","Restricted Area","Center(C)","Less Than 8 ft.","0","0","0","1","1","20260419","SAS","POR"
"Shot Chart Detail","0042500151","280","1642264","Stephon Castle","1610612759","San Antonio Spurs","2","4","11","Missed Shot","Step Back Jump shot","3PT Field Goal","Above the Break 3","Right Side Center(RC)","24+ ft.","25","86","244","1","0","20260419","SAS","POR"
"Shot Chart Detail","0042500151","282","1628436","Luke Kornet","1610612759","San Antonio Spurs","2","4","7","Made Shot","Putback Layup Shot","2PT Field Goal","Restricted Area","Center(C)","Less Than 8 ft.","0","0","0","1","1","20260419","SAS","POR"
"Shot Chart Detail","0042500151","289","1628436","Luke Kornet","1610612759","San Antonio Spurs","2","3","42","Missed Shot","Floating Jump shot","2PT Field Goal","In The Paint (Non-RA)","Center(C)","8-16 ft.","8","-18","88","1","0","20260419","SAS","POR"
"Shot Chart Detail","0042500151","291","1629057","Robert Williams III","1610612757","Portland Trail Blazers","2","3","33","Made Shot","Alley Oop Dunk Shot","2PT Field Goal","Restricted Area","Center(C)","Less Than 8 ft.","0","2","4","1","1","20260419","SAS","POR"
"Shot Chart Detail","0042500151","298","1642264","Stephon Castle","1610612759","San Antonio Spurs","2","3","20","Made Shot","Cutting Dunk Shot","2PT Field Goal","Restricted Area","Center(C)","Less Than 8 ft.","1","6","10","1","1","20260419","SAS","POR"
"Shot Chart Detail","0042500151","304","1641705","Victor Wembanyama","1610612759","San Antonio Spurs","2","2","46","Missed Shot","Jump Shot","2PT Field Goal","Mid-Range","Left Side Center(LC)","16-24 ft.","18","-134","134","1","0","20260419","SAS","POR"
"Shot Chart Detail","0042500151","306","1630166","Deni Avdija","1610612757","Portland Trail Blazers","2","2","28","Made Shot","Driving Floating Jump Shot","2PT Field Goal","In The Paint (Non-RA)","Center(C)","Less Than 8 ft.","7","-4","73","1","1","20260419","SAS","POR"
"Shot Chart Detail","0042500151","311","1641705","Victor Wembanyama","1610612759","San Antonio Spurs","2","2","12","Made Shot","Driving Finger Roll Layup Shot","2PT Field Goal","In The Paint (Non-RA)","Center(C)","Less Than 8 ft.","4","4","43","1","1","20260419","SAS","POR"
"Shot Chart Detail","0042500151","313","1631101","Shaedon Sharpe","1610612757","Portland Trail Blazers","2","1","56","Missed Shot","Pullup Jump shot","2PT Field Goal","Mid-Range","Center(C)","8-16 ft.","14","-12","141","1","0","20260419","SAS","POR"
"Shot Chart Detail","0042500151","315","1628368","De'Aaron Fox","1610612759","San Antonio Spurs","2","1","46","Missed Shot","Turnaround Jump Shot","2PT Field Goal","In The Paint (Non-RA)","Center(C)","8-16 ft.","12","-50","112","1","0","20260419","SAS","POR"
"Shot Chart Detail","0042500151","317","1641705","Victor Wembanyama","1610612759","San Antonio Spurs","2","1","41","Made Shot","Pullup Jump shot","3PT Field Goal","Left Corner 3","Left Side(L)","24+ ft.","23","-230","-3","1","1","20260419","SAS","POR"
"Shot Chart Detail","0042500151","319","201950","Jrue Holiday","1610612757","Portland Trail Blazers","2","1","30","Missed Shot","Driving Hook Shot","2PT Field Goal","In The Paint (Non-RA)","Center(C)","Less Than 8 ft.","4","-43","3","1","0","20260419","SAS","POR"
"Shot Chart Detail","0042500151","321","1629057","Robert Williams III","1610612757","Portland Trail Blazers","2","1","28","Made Shot","Tip Dunk Shot","2PT Field Goal","Restricted Area","Center(C)","Less Than 8 ft.","0","0","0","1","1","20260419","SAS","POR"
"Shot Chart Detail","0042500151","334","1641739","Toumani Camara","1610612757","Portland Trail Blazers","2","0","46","Missed Shot","Pullup Jump shot","2PT Field Goal","Mid-Range","Left Side(L)","8-16 ft.","15","-135","84","1","0","20260419","SAS","POR"
"Shot Chart Detail","0042500151","338","1641705","Victor Wembanyama","1610612759","San Antonio Spurs","2","0","33","Missed Shot","Jump Shot","3PT Field Goal","Above the Break 3","Center(C)","24+ ft.","27","5","273","1","0","20260419","SAS","POR"
"Shot Chart Detail","0042500151","340","1641705","Victor Wembanyama","1610612759","San Antonio Spurs","2","0","16","Missed Shot","Turnaround Jump Shot","2PT Field Goal","Mid-Range","Center(C)","16-24 ft.","19","21","193","1","0","20260419","SAS","POR"
"Shot Chart Detail","0042500151","342","1630166","Deni Avdija","1610612757","Portland Trail Blazers","2","0","1","Missed Shot","Step Back Jump shot","3PT Field Goal","Above the Break 3","Right Side Center(RC)","24+ ft.","24","92","231","1","0","20260419","SAS","POR"
"Shot Chart Detail","0042500151","352","201950","Jrue Holiday","1610612757","Portland Trail Blazers","3","11","46","Missed Shot","Driving Finger Roll Layup Shot","2PT Field Goal","Restricted Area","Center(C)","Less Than 8 ft.","2","-13","21","1","0","20260419","SAS","POR"
"Shot Chart Detail","0042500151","354","1628368","De'Aaron Fox","1610612759","San Antonio Spurs","3","11","38","Missed Shot","Running Jump Shot","3PT Field Goal","Left Corner 3","Left Side(L)","24+ ft.","23","-232","-12","1","0","20260419","SAS","POR"
"Shot Chart Detail","0042500151","356","1628368","De'Aaron Fox","1610612759","San Antonio Spurs","3","11","35","Missed Shot","Driving Layup Shot","2PT Field Goal","Restricted Area","Center(C)","Less Than 8 ft.","1","-16","-2","1","0","20260419","SAS","POR"
"Shot Chart Detail","0042500151","359","1630703","Scoot Henderson","1610612757","Portland Trail Blazers","3","11","26","Missed Shot","Running Pull-Up Jump Shot","2PT Field Goal","Mid-Range","Right Side Center(RC)","16-24 ft.","22","137","181","1","0","20260419","SAS","POR"
"Shot Chart Detail","0042500151","361","1630170","Devin Vassell","1610612759","San Antonio Spurs","3","11","13","Missed Shot","Step Back Jump shot","2PT Field Goal","Mid-Range","Left Side Center(LC)","16-24 ft.","17","-76","159","1","0","20260419","SAS","POR"
"Shot Chart Detail","0042500151","363","201950","Jrue Holiday","1610612757","Portland Trail Blazers","3","10","59","Made Shot","Jump Shot","3PT Field Goal","Left Corner 3","Left Side(L)","24+ ft.","23","-235","23","1","1","20260419","SAS","POR"
"Shot Chart Detail","0042500151","365","1642264","Stephon Castle","1610612759","San Antonio Spurs","3","10","37","Missed Shot","Driving Layup Shot","2PT Field Goal","Restricted Area","Center(C)","Less Than 8 ft.","3","33","5","1","0","20260419","SAS","POR"
"Shot Chart Detail","0042500151","367","1630703","Scoot Henderson","1610612757","Portland Trail Blazers","3","10","28","Made Shot","Step Back Jump shot","3PT Field Goal","Left Corner 3","Left Side(L)","24+ ft.","23","-235","37","1","1","20260419","SAS","POR"
"Shot Chart Detail","0042500151","369","1641705","Victor Wembanyama","1610612759","San Antonio Spurs","3","10","2","Missed Shot","Jump Shot","2PT Field Goal","Mid-Range","Center(C)","16-24 ft.","16","27","162","1","0","20260419","SAS","POR"
"Shot Chart Detail","0042500151","374","1630703","Scoot Henderson","1610612757","Portland Trail Blazers","3","9","42","Made Shot","Running Layup Shot","2PT Field Goal","Restricted Area","Center(C)","Less Than 8 ft.","1","2","11","1","1","20260419","SAS","POR"
"Shot Chart Detail","0042500151","376","1642264","Stephon Castle","1610612759","San Antonio Spurs","3","9","21","Made Shot","Alley Oop Dunk Shot","2PT Field Goal","Restricted Area","Center(C)","Less Than 8 ft.","1","10","1","1","1","20260419","SAS","POR"
"Shot Chart Detail","0042500151","379","1630703","Scoot Henderson","1610612757","Portland Trail Blazers","3","9","7","Made Shot","Pullup Jump shot","2PT Field Goal","Mid-Range","Right Side(R)","8-16 ft.","14","132","57","1","1","20260419","SAS","POR"
"Shot Chart Detail","0042500151","380","1630170","Devin Vassell","1610612759","San Antonio Spurs","3","8","49","Missed Shot","Jump Shot","3PT Field Goal","Above the Break 3","Left Side Center(LC)","24+ ft.","25","-152","208","1","0","20260419","SAS","POR"
"Shot Chart Detail","0042500151","386","1642264","Stephon Castle","1610612759","San Antonio Spurs","3","8","11","Missed Shot","Jump Shot","3PT Field Goal","Above the Break 3","Right Side Center(RC)","24+ ft.","26","116","235","1","0","20260419","SAS","POR"
"Shot Chart Detail","0042500151","388","1641739","Toumani Camara","1610612757","Portland Trail Blazers","3","7","55","Missed Shot","Jump Shot","3PT Field Goal","Left Corner 3","Left Side(L)","24+ ft.","23","-233","15","1","0","20260419","SAS","POR"
"Shot Chart Detail","0042500151","392","1628368","De'Aaron Fox","1610612759","San Antonio Spurs","3","7","42","Missed Shot","Pullup Jump shot","2PT Field Goal","In The Paint (Non-RA)","Center(C)","Less Than 8 ft.","7","-44","66","1","0","20260419","SAS","POR"
"Shot Chart Detail","0042500151","395","1630577","Julian Champagnie","1610612759","San Antonio Spurs","3","7","24","Missed Shot","Pullup Jump shot","3PT Field Goal","Above the Break 3","Left Side Center(LC)","24+ ft.","25","-150","204","1","0","20260419","SAS","POR"
"Shot Chart Detail","0042500151","399","1630577","Julian Champagnie","1610612759","San Antonio Spurs","3","7","12","Made Shot","Running Jump Shot","3PT Field Goal","Above the Break 3","Right Side Center(RC)","24+ ft.","26","121","236","1","1","20260419","SAS","POR"
"Shot Chart Detail","0042500151","405","1628368","De'Aaron Fox","1610612759","San Antonio Spurs","3","6","34","Made Shot","Pullup Jump shot","2PT Field Goal","In The Paint (Non-RA)","Center(C)","Less Than 8 ft.","6","62","13","1","1","20260419","SAS","POR"
"Shot Chart Detail","0042500151","406","1642270","Donovan Clingan","1610612757","Portland Trail Blazers","3","6","23","Missed Shot","Cutting Layup Shot","2PT Field Goal","In The Paint (Non-RA)","Center(C)","Less Than 8 ft.","5","45","22","1","0","20260419","SAS","POR"
"Shot Chart Detail","0042500151","409","1642270","Donovan Clingan","1610612757","Portland Trail Blazers","3","6","21","Missed Shot","Floating Jump shot","2PT Field Goal","Restricted Area","Center(C)","Less Than 8 ft.","3","12","34","1","0","20260419","SAS","POR"
"Shot Chart Detail","0042500151","420","201950","Jrue Holiday","1610612757","Portland Trail Blazers","3","6","4","Missed Shot","Running Layup Shot","2PT Field Goal","Restricted Area","Center(C)","Less Than 8 ft.","2","-12","23","1","0","20260419","SAS","POR"
"Shot Chart Detail","0042500151","427","1630170","Devin Vassell","1610612759","San Antonio Spurs","3","5","54","Made Shot","Jump Shot","3PT Field Goal","Above the Break 3","Left Side Center(LC)","24+ ft.","25","-145","214","1","1","20260419","SAS","POR"
"Shot Chart Detail","0042500151","429","203924","Jerami Grant","1610612757","Portland Trail Blazers","3","5","39","Missed Shot","Jump Shot","3PT Field Goal","Right Corner 3","Right Side(R)","24+ ft.","22","229","18","1","0","20260419","SAS","POR"
"Shot Chart Detail","0042500151","433","1641739","Toumani Camara","1610612757","Portland Trail Blazers","3","5","16","Missed Shot","Running Pull-Up Jump Shot","3PT Field Goal","Above the Break 3","Right Side Center(RC)","24+ ft.","26","179","197","1","0","20260419","SAS","POR"
"Shot Chart Detail","0042500151","435","1630170","Devin Vassell","1610612759","San Antonio Spurs","3","5","9","Made Shot","Running Jump Shot","3PT Field Goal","Above the Break 3","Left Side Center(LC)","24+ ft.","25","-172","193","1","1","20260419","SAS","POR"
"Shot Chart Detail","0042500151","446","1630166","Deni Avdija","1610612757","Portland Trail Blazers","3","4","55","Made Shot","Pullup Jump shot","2PT Field Goal","Mid-Range","Right Side(R)","8-16 ft.","9","86","50","1","1","20260419","SAS","POR"
"Shot Chart Detail","0042500151","447","1630170","Devin Vassell","1610612759","San Antonio Spurs","3","4","37","Made Shot","Pullup Jump shot","2PT Field Goal","In The Paint (Non-RA)","Left Side(L)","8-16 ft.","9","-76","53","1","1","20260419","SAS","POR"
"Shot Chart Detail","0042500151","451","1631101","Shaedon Sharpe","1610612757","Portland Trail Blazers","3","4","12","Missed Shot","Step Back Jump shot","3PT Field Goal","Above the Break 3","Center(C)","24+ ft.","26","10","260","1","0","20260419","SAS","POR"
"Shot Chart Detail","0042500151","453","1629640","Keldon Johnson","1610612759","San Antonio Spurs","3","4","1","Missed Shot","Driving Floating Jump Shot","2PT Field Goal","In The Paint (Non-RA)","Center(C)","Less Than 8 ft.","4","29","29","1","0","20260419","SAS","POR"
"Shot Chart Detail","0042500151","456","1630166","Deni Avdija","1610612757","Portland Trail Blazers","3","3","41","Made Shot","Pullup Jump shot","3PT Field Goal","Above the Break 3","Left Side Center(LC)","24+ ft.","25","-145","215","1","1","20260419","SAS","POR"
"Shot Chart Detail","0042500151","457","1628436","Luke Kornet","1610612759","San Antonio Spurs","3","3","23","Made Shot","Alley Oop Dunk Shot","2PT Field Goal","Restricted Area","Center(C)","Less Than 8 ft.","1","5","9","1","1","20260419","SAS","POR"
"Shot Chart Detail","0042500151","472","1630703","Scoot Henderson","1610612757","Portland Trail Blazers","3","2","46","Made Shot","Pullup Jump shot","2PT Field Goal","In The Paint (Non-RA)","Center(C)","8-16 ft.","14","-67","131","1","1","20260419","SAS","POR"
"Shot Chart Detail","0042500151","473","1629640","Keldon Johnson","1610612759","San Antonio Spurs","3","2","29","Missed Shot","Driving Bank Hook Shot","2PT Field Goal","Restricted Area","Center(C)","Less Than 8 ft.","2","20","11","1","0","20260419","SAS","POR"
"Shot Chart Detail","0042500151","475","1628436","Luke Kornet","1610612759","San Antonio Spurs","3","2","27","Made Shot","Tip Dunk Shot","2PT Field Goal","Restricted Area","Center(C)","Less Than 8 ft.","0","0","0","1","1","20260419","SAS","POR"
"Shot Chart Detail","0042500151","476","201950","Jrue Holiday","1610612757","Portland Trail Blazers","3","2","14","Missed Shot","Step Back Jump shot","3PT Field Goal","Left Corner 3","Left Side(L)","24+ ft.","24","-241","-6","1","0","20260419","SAS","POR"
"Shot Chart Detail","0042500151","484","1629057","Robert Williams III","1610612757","Portland Trail Blazers","3","1","52","Made Shot","Alley Oop Dunk Shot","2PT Field Goal","Restricted Area","Center(C)","Less Than 8 ft.","1","7","10","1","1","20260419","SAS","POR"
"Shot Chart Detail","0042500151","497","1628368","De'Aaron Fox","1610612759","San Antonio Spurs","3","1","11","Missed Shot","Driving Finger Roll Layup Shot","2PT Field Goal","Restricted Area","Center(C)","Less Than 8 ft.","2","18","11","1","0","20260419","SAS","POR"
"Shot Chart Detail","0042500151","501","203924","Jerami Grant","1610612757","Portland Trail Blazers","3","1","3","Missed Shot","Running Jump Shot","3PT Field Goal","Above the Break 3","Center(C)","24+ ft.","26","49","256","1","0","20260419","SAS","POR"
"Shot Chart Detail","0042500151","503","1630577","Julian Champagnie","1610612759","San Antonio Spurs","3","0","53","Made Shot","Jump Shot","3PT Field Goal","Above the Break 3","Right Side Center(RC)","24+ ft.","24","103","226","1","1","20260419","SAS","POR"
"Shot Chart Detail","0042500151","505","201950","Jrue Holiday","1610612757","Portland Trail Blazers","3","0","32","Missed Shot","Step Back Jump shot","3PT Field Goal","Above the Break 3","Left Side Center(LC)","24+ ft.","26","-154","220","1","0","20260419","SAS","POR"
"Shot Chart Detail","0042500151","507","1641705","Victor Wembanyama","1610612759","San Antonio Spurs","3","0","8","Missed Shot","Dunk Shot","2PT Field Goal","Restricted Area","Center(C)","Less Than 8 ft.","2","18","14","1","0","20260419","SAS","POR"
"Shot Chart Detail","0042500151","510","203924","Jerami Grant","1610612757","Portland Trail Blazers","3","0","4","Made Shot","Running Dunk Shot","2PT Field Goal","Restricted Area","Center(C)","Less Than 8 ft.","0","0","8","1","1","20260419","SAS","POR"
"Shot Chart Detail","0042500151","511","1642844","Dylan Harper","1610612759","San Antonio Spurs","3","0","0","Missed Shot","Pullup Jump shot","3PT Field Goal","Above the Break 3","Right Side Center(RC)","24+ ft.","35","161","312","1","0","20260419","SAS","POR"
"Shot Chart Detail","0042500151","528","1630166","Deni Avdija","1610612757","Portland Trail Blazers","4","11","27","Missed Shot","Jump Shot","3PT Field Goal","Above the Break 3","Right Side Center(RC)","24+ ft.","26","123","231","1","0","20260419","SAS","POR"
"Shot Chart Detail","0042500151","532","1642844","Dylan Harper","1610612759","San Antonio Spurs","4","11","15","Made Shot","Driving Finger Roll Layup Shot","2PT Field Goal","Restricted Area","Center(C)","Less Than 8 ft.","1","-11","0","1","1","20260419","SAS","POR"
"Shot Chart Detail","0042500151","533","203924","Jerami Grant","1610612757","Portland Trail Blazers","4","10","53","Missed Shot","Driving Layup Shot","2PT Field Goal","Restricted Area","Center(C)","Less Than 8 ft.","1","9","16","1","0","20260419","SAS","POR"
"Shot Chart Detail","0042500151","536","1642844","Dylan Harper","1610612759","San Antonio Spurs","4","10","47","Made Shot","Running Layup Shot","2PT Field Goal","Restricted Area","Center(C)","Less Than 8 ft.","1","12","4","1","1","20260419","SAS","POR"
"Shot Chart Detail","0042500151","543","1641739","Toumani Camara","1610612757","Portland Trail Blazers","4","10","32","Made Shot","Jump Shot","3PT Field Goal","Left Corner 3","Left Side(L)","24+ ft.","24","-238","33","1","1","20260419","SAS","POR"
"Shot Chart Detail","0042500151","545","1641705","Victor Wembanyama","1610612759","San Antonio Spurs","4","10","7","Made Shot","Turnaround Hook Shot","2PT Field Goal","Restricted Area","Center(C)","Less Than 8 ft.","1","7","15","1","1","20260419","SAS","POR"
"Shot Chart Detail","0042500151","550","201950","Jrue Holiday","1610612757","Portland Trail Blazers","4","9","51","Made Shot","Driving Layup Shot","2PT Field Goal","Restricted Area","Center(C)","Less Than 8 ft.","2","-22","13","1","1","20260419","SAS","POR"
"Shot Chart Detail","0042500151","551","1641705","Victor Wembanyama","1610612759","San Antonio Spurs","4","9","35","Made Shot","Jump Shot","3PT Field Goal","Above the Break 3","Left Side Center(LC)","24+ ft.","25","-115","230","1","1","20260419","SAS","POR"
"Shot Chart Detail","0042500151","553","1642270","Donovan Clingan","1610612757","Portland Trail Blazers","4","9","26","Made Shot","Cutting Dunk Shot","2PT Field Goal","Restricted Area","Center(C)","Less Than 8 ft.","1","7","11","1","1","20260419","SAS","POR"
"Shot Chart Detail","0042500151","555","1641705","Victor Wembanyama","1610612759","San Antonio Spurs","4","9","1","Made Shot","Turnaround Bank shot","2PT Field Goal","Mid-Range","Left Side(L)","8-16 ft.","12","-124","29","1","1","20260419","SAS","POR"
"Shot Chart Detail","0042500151","556","1631101","Shaedon Sharpe","1610612757","Portland Trail Blazers","4","8","47","Made Shot","Pullup Jump shot","2PT Field Goal","Mid-Range","Left Side Center(LC)","16-24 ft.","19","-62","186","1","1","20260419","SAS","POR"
"Shot Chart Detail","0042500151","568","201950","Jrue Holiday","1610612757","Portland Trail Blazers","4","8","11","Made Shot","Driving Floating Jump Shot","2PT Field Goal","Restricted Area","Center(C)","Less Than 8 ft.","1","-10","16","1","1","20260419","SAS","POR"
"Shot Chart Detail","0042500151","569","1642264","Stephon Castle","1610612759","San Antonio Spurs","4","7","44","Missed Shot","Pullup Jump shot","3PT Field Goal","Above the Break 3","Center(C)","24+ ft.","25","48","247","1","0","20260419","SAS","POR"
"Shot Chart Detail","0042500151","571","201950","Jrue Holiday","1610612757","Portland Trail Blazers","4","7","31","Missed Shot","Pullup Jump shot","3PT Field Goal","Above the Break 3","Left Side Center(LC)","24+ ft.","26","-185","184","1","0","20260419","SAS","POR"
"Shot Chart Detail","0042500151","573","203084","Harrison Barnes","1610612759","San Antonio Spurs","4","7","11","Missed Shot","Driving Floating Jump Shot","2PT Field Goal","Mid-Range","Left Side(L)","8-16 ft.","12","-120","-4","1","0","20260419","SAS","POR"
"Shot Chart Detail","0042500151","575","1631101","Shaedon Sharpe","1610612757","Portland Trail Blazers","4","7","5","Missed Shot","Running Pull-Up Jump Shot","2PT Field Goal","In The Paint (Non-RA)","Center(C)","Less Than 8 ft.","5","-50","1","1","0","20260419","SAS","POR"
"Shot Chart Detail","0042500151","587","1642264","Stephon Castle","1610612759","San Antonio Spurs","4","6","52","Missed Shot","Pullup Jump shot","2PT Field Goal","Mid-Range","Right Side(R)","8-16 ft.","10","83","59","1","0","20260419","SAS","POR"
"Shot Chart Detail","0042500151","589","1630703","Scoot Henderson","1610612757","Portland Trail Blazers","4","6","38","Made Shot","Pullup Jump shot","2PT Field Goal","Mid-Range","Right Side Center(RC)","16-24 ft.","16","129","100","1","1","20260419","SAS","POR"
"Shot Chart Detail","0042500151","590","203084","Harrison Barnes","1610612759","San Antonio Spurs","4","6","18","Missed Shot","Jump Shot","3PT Field Goal","Right Corner 3","Right Side(R)","24+ ft.","23","237","1","1","0","20260419","SAS","POR"
"Shot Chart Detail","0042500151","599","1630166","Deni Avdija","1610612757","Portland Trail Blazers","4","6","2","Missed Shot","Driving Finger Roll Layup Shot","2PT Field Goal","Restricted Area","Center(C)","Less Than 8 ft.","2","21","15","1","0","20260419","SAS","POR"
"Shot Chart Detail","0042500151","601","1629680","Matisse Thybulle","1610612757","Portland Trail Blazers","4","5","58","Made Shot","Jump Shot","3PT Field Goal","Above the Break 3","Left Side Center(LC)","24+ ft.","26","-200","179","1","1","20260419","SAS","POR"
"Shot Chart Detail","0042500151","606","1641705","Victor Wembanyama","1610612759","San Antonio Spurs","4","5","34","Made Shot","Pullup Jump shot","3PT Field Goal","Above the Break 3","Right Side Center(RC)","24+ ft.","26","162","206","1","1","20260419","SAS","POR"
"Shot Chart Detail","0042500151","609","1630703","Scoot Henderson","1610612757","Portland Trail Blazers","4","5","8","Made Shot","Pullup Jump shot","2PT Field Goal","In The Paint (Non-RA)","Center(C)","8-16 ft.","12","-28","123","1","1","20260419","SAS","POR"
"Shot Chart Detail","0042500151","611","1642264","Stephon Castle","1610612759","San Antonio Spurs","4","4","49","Missed Shot","Driving Layup Shot","2PT Field Goal","Restricted Area","Center(C)","Less Than 8 ft.","1","12","10","1","0","20260419","SAS","POR"
"Shot Chart Detail","0042500151","613","1631101","Shaedon Sharpe","1610612757","Portland Trail Blazers","4","4","41","Missed Shot","Running Layup Shot","2PT Field Goal","Restricted Area","Center(C)","Less Than 8 ft.","1","16","10","1","0","20260419","SAS","POR"
"Shot Chart Detail","0042500151","617","1630166","Deni Avdija","1610612757","Portland Trail Blazers","4","4","27","Made Shot","Running Dunk Shot","2PT Field Goal","Restricted Area","Center(C)","Less Than 8 ft.","1","-12","12","1","1","20260419","SAS","POR"
"Shot Chart Detail","0042500151","619","1630170","Devin Vassell","1610612759","San Antonio Spurs","4","4","9","Missed Shot","Jump Shot","3PT Field Goal","Above the Break 3","Right Side Center(RC)","24+ ft.","25","175","188","1","0","20260419","SAS","POR"
"Shot Chart Detail","0042500151","624","1630703","Scoot Henderson","1610612757","Portland Trail Blazers","4","3","55","Missed Shot","Driving Floating Jump Shot","2PT Field Goal","In The Paint (Non-RA)","Center(C)","8-16 ft.","10","53","92","1","0","20260419","SAS","POR"
"Shot Chart Detail","0042500151","629","1641705","Victor Wembanyama","1610612759","San Antonio Spurs","4","3","41","Made Shot","Alley Oop Dunk Shot","2PT Field Goal","Restricted Area","Center(C)","Less Than 8 ft.","0","1","1","1","1","20260419","SAS","POR"
"Shot Chart Detail","0042500151","635","1630166","Deni Avdija","1610612757","Portland Trail Blazers","4","3","26","Missed Shot","Pullup Jump shot","2PT Field Goal","In The Paint (Non-RA)","Center(C)","8-16 ft.","11","-31","113","1","0","20260419","SAS","POR"
"Shot Chart Detail","0042500151","641","1629680","Matisse Thybulle","1610612757","Portland Trail Blazers","4","3","16","Missed Shot","Step Back Jump shot","3PT Field Goal","Above the Break 3","Left Side Center(LC)","24+ ft.","26","-188","181","1","0","20260419","SAS","POR"
"Shot Chart Detail","0042500151","650","1630166","Deni Avdija","1610612757","Portland Trail Blazers","4","2","34","Made Shot","Fadeaway Jump Shot","2PT Field Goal","In The Paint (Non-RA)","Center(C)","8-16 ft.","10","13","107","1","1","20260419","SAS","POR"
"Shot Chart Detail","0042500151","651","1641705","Victor Wembanyama","1610612759","San Antonio Spurs","4","2","14","Missed Shot","Alley Oop Dunk Shot","2PT Field Goal","Restricted Area","Center(C)","Less Than 8 ft.","1","17","4","1","0","20260419","SAS","POR"
"Shot Chart Detail","0042500151","653","1628368","De'Aaron Fox","1610612759","San Antonio Spurs","4","2","11","Made Shot","Putback Layup Shot","2PT Field Goal","In The Paint (Non-RA)","Center(C)","Less Than 8 ft.","6","50","36","1","1","20260419","SAS","POR"
"Shot Chart Detail","0042500151","661","201950","Jrue Holiday","1610612757","Portland Trail Blazers","4","1","40","Missed Shot","Jump Shot","3PT Field Goal","Above the Break 3","Left Side Center(LC)","24+ ft.","25","-113","230","1","0","20260419","SAS","POR"
"Shot Chart Detail","0042500151","663","1628368","De'Aaron Fox","1610612759","San Antonio Spurs","4","1","29","Made Shot","Layup Shot","2PT Field Goal","Restricted Area","Center(C)","Less Than 8 ft.","1","-11","-5","1","1","20260419","SAS","POR"
"Shot Chart Detail","0042500151","664","1630703","Scoot Henderson","1610612757","Portland Trail Blazers","4","1","23","Missed Shot","Jump Shot","3PT Field Goal","Above the Break 3","Right Side Center(RC)","24+ ft.","26","216","147","1","0","20260419","SAS","POR"
"Shot Chart Detail","0042500151","666","1630170","Devin Vassell","1610612759","San Antonio Spurs","4","1","7","Missed Shot","Jump Shot","3PT Field Goal","Left Corner 3","Left Side(L)","24+ ft.","23","-237","-15","1","0","20260419","SAS","POR"
"Shot Chart Detail","0042500151","668","1630166","Deni Avdija","1610612757","Portland Trail Blazers","4","0","57","Made Shot","Turnaround Jump Shot","2PT Field Goal","In The Paint (Non-RA)","Center(C)","8-16 ft.","11","-55","97","1","1","20260419","SAS","POR"
"Shot Chart Detail","0042500151","693","1631321","Sidy Cissoko","1610612757","Portland Trail Blazers","4","0","38","Missed Shot","Jump Shot","3PT Field Goal","Above the Break 3","Right Side Center(RC)","24+ ft.","25","146","215","1","0","20260419","SAS","POR"
"Shot Chart Detail","0042500152","7","1642264","Stephon Castle","1610612759","San Antonio Spurs","1","11","35","Made Shot","Pullup Jump shot","2PT Field Goal","Mid-Range","Left Side(L)","8-16 ft.","10","-100","21","1","1","20260421","SAS","POR"
"Shot Chart Detail","0042500152","10","1630170","Devin Vassell","1610612759","San Antonio Spurs","1","11","22","Missed Shot","Running Layup Shot","2PT Field Goal","Restricted Area","Center(C)","Less Than 8 ft.","0","6","7","1","0","20260421","SAS","POR"
"Shot Chart Detail","0042500152","12","1642264","Stephon Castle","1610612759","San Antonio Spurs","1","11","18","Missed Shot","Tip Layup Shot","2PT Field Goal","Restricted Area","Center(C)","Less Than 8 ft.","0","0","0","1","0","20260421","SAS","POR"
"Shot Chart Detail","0042500152","14","1630703","Scoot Henderson","1610612757","Portland Trail Blazers","1","11","15","Made Shot","Running Pull-Up Jump Shot","2PT Field Goal","Mid-Range","Left Side(L)","8-16 ft.","15","-124","95","1","1","20260421","SAS","POR"
"Shot Chart Detail","0042500152","19","1641739","Toumani Camara","1610612757","Portland Trail Blazers","1","10","43","Missed Shot","Jump Shot","3PT Field Goal","Above the Break 3","Left Side Center(LC)","24+ ft.","24","-213","126","1","0","20260421","SAS","POR"
"Shot Chart Detail","0042500152","21","1630170","Devin Vassell","1610612759","San Antonio Spurs","1","10","35","Missed Shot","Running Jump Shot","3PT Field Goal","Above the Break 3","Left Side Center(LC)","24+ ft.","25","-197","157","1","0","20260421","SAS","POR"
"Shot Chart Detail","0042500152","24","1641705","Victor Wembanyama","1610612759","San Antonio Spurs","1","10","16","Made Shot","Fadeaway Jump Shot","2PT Field Goal","Mid-Range","Left Side(L)","16-24 ft.","18","-186","18","1","1","20260421","SAS","POR"
"Shot Chart Detail","0042500152","26","1630166","Deni Avdija","1610612757","Portland Trail Blazers","1","9","54","Made Shot","Driving Layup Shot","2PT Field Goal","Restricted Area","Center(C)","Less Than 8 ft.","0","-1","9","1","1","20260421","SAS","POR"
"Shot Chart Detail","0042500152","28","1642264","Stephon Castle","1610612759","San Antonio Spurs","1","9","43","Missed Shot","Jump Shot","3PT Field Goal","Right Corner 3","Right Side(R)","24+ ft.","23","229","29","1","0","20260421","SAS","POR"
"Shot Chart Detail","0042500152","30","1630166","Deni Avdija","1610612757","Portland Trail Blazers","1","9","28","Made Shot","Jump Shot","3PT Field Goal","Above the Break 3","Right Side Center(RC)","24+ ft.","25","99","239","1","1","20260421","SAS","POR"
"Shot Chart Detail","0042500152","34","1630577","Julian Champagnie","1610612759","San Antonio Spurs","1","9","13","Missed Shot","Jump Shot","3PT Field Goal","Above the Break 3","Center(C)","24+ ft.","25","-36","253","1","0","20260421","SAS","POR"
"Shot Chart Detail","0042500152","36","201950","Jrue Holiday","1610612757","Portland Trail Blazers","1","8","59","Missed Shot","Jump Shot","3PT Field Goal","Right Corner 3","Right Side(R)","24+ ft.","23","230","9","1","0","20260421","SAS","POR"
"Shot Chart Detail","0042500152","40","1642270","Donovan Clingan","1610612757","Portland Trail Blazers","1","8","51","Made Shot","Jump Shot","3PT Field Goal","Above the Break 3","Center(C)","24+ ft.","25","11","255","1","1","20260421","SAS","POR"
"Shot Chart Detail","0042500152","43","1630703","Scoot Henderson","1610612757","Portland Trail Blazers","1","8","33","Made Shot","Step Back Jump shot","3PT Field Goal","Above the Break 3","Left Side Center(LC)","24+ ft.","24","-196","147","1","1","20260421","SAS","POR"
"Shot Chart Detail","0042500152","59","1628368","De'Aaron Fox","1610612759","San Antonio Spurs","1","7","37","Made Shot","Pullup Jump shot","3PT Field Goal","Above the Break 3","Left Side Center(LC)","24+ ft.","27","-103","251","1","1","20260421","SAS","POR"
"Shot Chart Detail","0042500152","60","1642270","Donovan Clingan","1610612757","Portland Trail Blazers","1","7","22","Missed Shot","Jump Shot","3PT Field Goal","Right Corner 3","Right Side(R)","24+ ft.","23","228","69","1","0","20260421","SAS","POR"
"Shot Chart Detail","0042500152","62","1628368","De'Aaron Fox","1610612759","San Antonio Spurs","1","7","11","Made Shot","Pullup Jump shot","2PT Field Goal","In The Paint (Non-RA)","Center(C)","Less Than 8 ft.","7","40","62","1","1","20260421","SAS","POR"
"Shot Chart Detail","0042500152","71","1642264","Stephon Castle","1610612759","San Antonio Spurs","1","6","37","Missed Shot","Driving Layup Shot","2PT Field Goal","Restricted Area","Center(C)","Less Than 8 ft.","2","1","20","1","0","20260421","SAS","POR"
"Shot Chart Detail","0042500152","77","1630166","Deni Avdija","1610612757","Portland Trail Blazers","1","6","18","Missed Shot","Driving Reverse Layup Shot","2PT Field Goal","Restricted Area","Center(C)","Less Than 8 ft.","1","6","9","1","0","20260421","SAS","POR"
"Shot Chart Detail","0042500152","79","1642270","Donovan Clingan","1610612757","Portland Trail Blazers","1","6","18","Made Shot","Tip Layup Shot","2PT Field Goal","Restricted Area","Center(C)","Less Than 8 ft.","0","0","0","1","1","20260421","SAS","POR"
"Shot Chart Detail","0042500152","81","1642844","Dylan Harper","1610612759","San Antonio Spurs","1","6","1","Missed Shot","Driving Layup Shot","2PT Field Goal","Restricted Area","Center(C)","Less Than 8 ft.","2","1","27","1","0","20260421","SAS","POR"
"Shot Chart Detail","0042500152","87","1630166","Deni Avdija","1610612757","Portland Trail Blazers","1","5","45","Missed Shot","Pullup Jump shot","2PT Field Goal","In The Paint (Non-RA)","Center(C)","8-16 ft.","8","2","88","1","0","20260421","SAS","POR"
"Shot Chart Detail","0042500152","89","1630166","Deni Avdija","1610612757","Portland Trail Blazers","1","5","39","Missed Shot","Driving Floating Jump Shot","2PT Field Goal","In The Paint (Non-RA)","Center(C)","Less Than 8 ft.","5","-1","50","1","0","20260421","SAS","POR"
"Shot Chart Detail","0042500152","91","1642270","Donovan Clingan","1610612757","Portland Trail Blazers","1","5","33","Missed Shot","Putback Layup Shot","2PT Field Goal","Restricted Area","Center(C)","Less Than 8 ft.","0","0","0","1","0","20260421","SAS","POR"
"Shot Chart Detail","0042500152","93","1630703","Scoot Henderson","1610612757","Portland Trail Blazers","1","5","27","Made Shot","Pullup Jump shot","3PT Field Goal","Above the Break 3","Left Side Center(LC)","24+ ft.","24","-136","201","1","1","20260421","SAS","POR"
"Shot Chart Detail","0042500152","94","1628436","Luke Kornet","1610612759","San Antonio Spurs","1","5","11","Made Shot","Cutting Dunk Shot","2PT Field Goal","Restricted Area","Center(C)","Less Than 8 ft.","1","-1","13","1","1","20260421","SAS","POR"
"Shot Chart Detail","0042500152","96","1642270","Donovan Clingan","1610612757","Portland Trail Blazers","1","5","2","Missed Shot","Jump Shot","3PT Field Goal","Above the Break 3","Right Side Center(RC)","24+ ft.","27","189","193","1","0","20260421","SAS","POR"
"Shot Chart Detail","0042500152","98","1629640","Keldon Johnson","1610612759","San Antonio Spurs","1","4","51","Missed Shot","Running Layup Shot","2PT Field Goal","Restricted Area","Center(C)","Less Than 8 ft.","0","-2","5","1","0","20260421","SAS","POR"
"Shot Chart Detail","0042500152","100","1630166","Deni Avdija","1610612757","Portland Trail Blazers","1","4","36","Missed Shot","Driving Floating Jump Shot","2PT Field Goal","In The Paint (Non-RA)","Right Side(R)","8-16 ft.","8","43","73","1","0","20260421","SAS","POR"
"Shot Chart Detail","0042500152","102","1630170","Devin Vassell","1610612759","San Antonio Spurs","1","4","21","Made Shot","Pullup Jump shot","2PT Field Goal","Mid-Range","Left Side(L)","8-16 ft.","15","-152","38","1","1","20260421","SAS","POR"
"Shot Chart Detail","0042500152","115","1630703","Scoot Henderson","1610612757","Portland Trail Blazers","1","3","40","Made Shot","Pullup Jump shot","3PT Field Goal","Above the Break 3","Right Side Center(RC)","24+ ft.","25","143","215","1","1","20260421","SAS","POR"
"Shot Chart Detail","0042500152","117","1642264","Stephon Castle","1610612759","San Antonio Spurs","1","3","18","Made Shot","Step Back Jump shot","3PT Field Goal","Above the Break 3","Center(C)","24+ ft.","25","76","244","1","1","20260421","SAS","POR"
"Shot Chart Detail","0042500152","119","203924","Jerami Grant","1610612757","Portland Trail Blazers","1","2","57","Missed Shot","Driving Hook Shot","2PT Field Goal","In The Paint (Non-RA)","Center(C)","Less Than 8 ft.","5","0","51","1","0","20260421","SAS","POR"
"Shot Chart Detail","0042500152","121","1642264","Stephon Castle","1610612759","San Antonio Spurs","1","2","45","Made Shot","Driving Floating Bank Jump Shot","2PT Field Goal","In The Paint (Non-RA)","Left Side(L)","8-16 ft.","8","-78","42","1","1","20260421","SAS","POR"
"Shot Chart Detail","0042500152","131","203924","Jerami Grant","1610612757","Portland Trail Blazers","1","2","23","Missed Shot","Driving Layup Shot","2PT Field Goal","Restricted Area","Center(C)","Less Than 8 ft.","2","5","21","1","0","20260421","SAS","POR"
"Shot Chart Detail","0042500152","134","1629640","Keldon Johnson","1610612759","San Antonio Spurs","1","2","18","Missed Shot","Pullup Jump shot","3PT Field Goal","Right Corner 3","Right Side(R)","24+ ft.","22","228","16","1","0","20260421","SAS","POR"
"Shot Chart Detail","0042500152","138","1642264","Stephon Castle","1610612759","San Antonio Spurs","1","2","6","Made Shot","Jump Shot","3PT Field Goal","Right Corner 3","Right Side(R)","24+ ft.","22","228","15","1","1","20260421","SAS","POR"
"Shot Chart Detail","0042500152","141","1630703","Scoot Henderson","1610612757","Portland Trail Blazers","1","1","49","Missed Shot","Pullup Jump shot","2PT Field Goal","In The Paint (Non-RA)","Center(C)","8-16 ft.","13","-2","134","1","0","20260421","SAS","POR"
"Shot Chart Detail","0042500152","143","1642264","Stephon Castle","1610612759","San Antonio Spurs","1","1","41","Missed Shot","Running Layup Shot","2PT Field Goal","In The Paint (Non-RA)","Center(C)","Less Than 8 ft.","4","17","46","1","0","20260421","SAS","POR"
"Shot Chart Detail","0042500152","153","201950","Jrue Holiday","1610612757","Portland Trail Blazers","1","1","24","Missed Shot","Pullup Jump shot","2PT Field Goal","In The Paint (Non-RA)","Left Side(L)","8-16 ft.","11","-65","99","1","0","20260421","SAS","POR"
"Shot Chart Detail","0042500152","157","1642844","Dylan Harper","1610612759","San Antonio Spurs","1","1","3","Missed Shot","Driving Layup Shot","2PT Field Goal","Restricted Area","Center(C)","Less Than 8 ft.","1","9","13","1","0","20260421","SAS","POR"
"Shot Chart Detail","0042500152","159","1629057","Robert Williams III","1610612757","Portland Trail Blazers","1","0","51","Made Shot","Alley Oop Dunk Shot","2PT Field Goal","Restricted Area","Center(C)","Less Than 8 ft.","1","9","17","1","1","20260421","SAS","POR"
"Shot Chart Detail","0042500152","161","1628368","De'Aaron Fox","1610612759","San Antonio Spurs","1","0","33","Missed Shot","Driving Layup Shot","2PT Field Goal","Restricted Area","Center(C)","Less Than 8 ft.","1","-2","12","1","0","20260421","SAS","POR"
"Shot Chart Detail","0042500152","174","1630170","Devin Vassell","1610612759","San Antonio Spurs","1","0","29","Made Shot","Jump Shot","2PT Field Goal","Mid-Range","Right Side(R)","8-16 ft.","15","154","25","1","1","20260421","SAS","POR"
"Shot Chart Detail","0042500152","198","1631101","Shaedon Sharpe","1610612757","Portland Trail Blazers","2","11","46","Made Shot","Driving Layup Shot","2PT Field Goal","In The Paint (Non-RA)","Left Side(L)","8-16 ft.","8","-80","25","1","1","20260421","SAS","POR"
"Shot Chart Detail","0042500152","200","1641705","Victor Wembanyama","1610612759","San Antonio Spurs","2","11","25","Missed Shot","Turnaround Jump Shot","2PT Field Goal","In The Paint (Non-RA)","Center(C)","8-16 ft.","12","15","126","1","0","20260421","SAS","POR"
"Shot Chart Detail","0042500152","202","1631101","Shaedon Sharpe","1610612757","Portland Trail Blazers","2","11","14","Missed Shot","Step Back Jump shot","3PT Field Goal","Above the Break 3","Left Side Center(LC)","24+ ft.","25","-185","180","1","0","20260421","SAS","POR"
"Shot Chart Detail","0042500152","208","201950","Jrue Holiday","1610612757","Portland Trail Blazers","2","10","30","Made Shot","Step Back Jump shot","2PT Field Goal","Mid-Range","Left Side(L)","8-16 ft.","15","-130","82","1","1","20260421","SAS","POR"
"Shot Chart Detail","0042500152","209","1628368","De'Aaron Fox","1610612759","San Antonio Spurs","2","10","15","Made Shot","Pullup Jump shot","2PT Field Goal","Mid-Range","Left Side(L)","8-16 ft.","8","-87","22","1","1","20260421","SAS","POR"
"Shot Chart Detail","0042500152","210","203924","Jerami Grant","1610612757","Portland Trail Blazers","2","9","58","Missed Shot","Pullup Jump shot","2PT Field Goal","Mid-Range","Center(C)","16-24 ft.","17","-9","171","1","0","20260421","SAS","POR"
"Shot Chart Detail","0042500152","212","1642868","Carter Bryant","1610612759","San Antonio Spurs","2","9","53","Made Shot","Running Dunk Shot","2PT Field Goal","Restricted Area","Center(C)","Less Than 8 ft.","1","-6","17","1","1","20260421","SAS","POR"
"Shot Chart Detail","0042500152","214","201950","Jrue Holiday","1610612757","Portland Trail Blazers","2","9","24","Missed Shot","Turnaround Jump Shot","2PT Field Goal","In The Paint (Non-RA)","Center(C)","8-16 ft.","8","-25","77","1","0","20260421","SAS","POR"
"Shot Chart Detail","0042500152","217","1641705","Victor Wembanyama","1610612759","San Antonio Spurs","2","9","14","Missed Shot","Fadeaway Jump Shot","3PT Field Goal","Right Corner 3","Right Side(R)","24+ ft.","22","227","18","1","0","20260421","SAS","POR"
"Shot Chart Detail","0042500152","219","1631101","Shaedon Sharpe","1610612757","Portland Trail Blazers","2","9","9","Made Shot","Running Jump Shot","3PT Field Goal","Above the Break 3","Left Side Center(LC)","24+ ft.","24","-200","145","1","1","20260421","SAS","POR"
"Shot Chart Detail","0042500152","228","1628368","De'Aaron Fox","1610612759","San Antonio Spurs","2","8","44","Missed Shot","Driving Floating Jump Shot","2PT Field Goal","In The Paint (Non-RA)","Center(C)","Less Than 8 ft.","6","-6","60","1","0","20260421","SAS","POR"
"Shot Chart Detail","0042500152","230","203924","Jerami Grant","1610612757","Portland Trail Blazers","2","8","32","Missed Shot","Driving Reverse Layup Shot","2PT Field Goal","Restricted Area","Center(C)","Less Than 8 ft.","0","0","5","1","0","20260421","SAS","POR"
"Shot Chart Detail","0042500152","232","201950","Jrue Holiday","1610612757","Portland Trail Blazers","2","8","27","Missed Shot","Step Back Jump shot","3PT Field Goal","Above the Break 3","Left Side Center(LC)","24+ ft.","25","-109","227","1","0","20260421","SAS","POR"
"Shot Chart Detail","0042500152","234","1629057","Robert Williams III","1610612757","Portland Trail Blazers","2","8","19","Made Shot","Jump Shot","3PT Field Goal","Left Corner 3","Left Side(L)","24+ ft.","23","-232","-17","1","1","20260421","SAS","POR"
"Shot Chart Detail","0042500152","245","1629640","Keldon Johnson","1610612759","San Antonio Spurs","2","7","39","Made Shot","Driving Floating Jump Shot","2PT Field Goal","In The Paint (Non-RA)","Right Side(R)","8-16 ft.","8","53","68","1","1","20260421","SAS","POR"
"Shot Chart Detail","0042500152","246","1631101","Shaedon Sharpe","1610612757","Portland Trail Blazers","2","7","22","Made Shot","Pullup Jump shot","2PT Field Goal","Mid-Range","Center(C)","16-24 ft.","16","-48","155","1","1","20260421","SAS","POR"
"Shot Chart Detail","0042500152","247","1642264","Stephon Castle","1610612759","San Antonio Spurs","2","7","12","Missed Shot","Jump Shot","3PT Field Goal","Above the Break 3","Left Side Center(LC)","24+ ft.","27","-110","252","1","0","20260421","SAS","POR"
"Shot Chart Detail","0042500152","250","203924","Jerami Grant","1610612757","Portland Trail Blazers","2","6","59","Missed Shot","Driving Layup Shot","2PT Field Goal","Restricted Area","Center(C)","Less Than 8 ft.","1","6","11","1","0","20260421","SAS","POR"
"Shot Chart Detail","0042500152","254","1629640","Keldon Johnson","1610612759","San Antonio Spurs","2","6","49","Missed Shot","Running Jump Shot","3PT Field Goal","Above the Break 3","Left Side Center(LC)","24+ ft.","25","-163","196","1","0","20260421","SAS","POR"
"Shot Chart Detail","0042500152","267","1642264","Stephon Castle","1610612759","San Antonio Spurs","2","6","33","Missed Shot","Driving Dunk Shot","2PT Field Goal","Restricted Area","Center(C)","Less Than 8 ft.","1","-7","17","1","0","20260421","SAS","POR"
"Shot Chart Detail","0042500152","270","1631200","Kris Murray","1610612757","Portland Trail Blazers","2","6","23","Missed Shot","Jump Shot","3PT Field Goal","Above the Break 3","Right Side Center(RC)","24+ ft.","25","195","158","1","0","20260421","SAS","POR"
"Shot Chart Detail","0042500152","284","1642270","Donovan Clingan","1610612757","Portland Trail Blazers","2","5","52","Missed Shot","Jump Shot","3PT Field Goal","Above the Break 3","Left Side Center(LC)","24+ ft.","24","-159","190","1","0","20260421","SAS","POR"
"Shot Chart Detail","0042500152","286","1629640","Keldon Johnson","1610612759","San Antonio Spurs","2","5","45","Made Shot","Running Layup Shot","2PT Field Goal","Restricted Area","Center(C)","Less Than 8 ft.","1","1","12","1","1","20260421","SAS","POR"
"Shot Chart Detail","0042500152","287","1631101","Shaedon Sharpe","1610612757","Portland Trail Blazers","2","5","37","Missed Shot","Pullup Jump shot","3PT Field Goal","Left Corner 3","Left Side(L)","24+ ft.","23","-228","57","1","0","20260421","SAS","POR"
"Shot Chart Detail","0042500152","294","1630166","Deni Avdija","1610612757","Portland Trail Blazers","2","5","17","Made Shot","Pullup Jump shot","2PT Field Goal","In The Paint (Non-RA)","Center(C)","Less Than 8 ft.","6","29","57","1","1","20260421","SAS","POR"
"Shot Chart Detail","0042500152","297","1630170","Devin Vassell","1610612759","San Antonio Spurs","2","5","2","Missed Shot","Pullup Jump shot","2PT Field Goal","In The Paint (Non-RA)","Center(C)","8-16 ft.","11","-10","118","1","0","20260421","SAS","POR"
"Shot Chart Detail","0042500152","299","1628436","Luke Kornet","1610612759","San Antonio Spurs","2","4","57","Made Shot","Tip Layup Shot","2PT Field Goal","Restricted Area","Center(C)","Less Than 8 ft.","0","0","0","1","1","20260421","SAS","POR"
"Shot Chart Detail","0042500152","302","1630170","Devin Vassell","1610612759","San Antonio Spurs","2","4","38","Missed Shot","Running Layup Shot","2PT Field Goal","Restricted Area","Center(C)","Less Than 8 ft.","1","2","10","1","0","20260421","SAS","POR"
"Shot Chart Detail","0042500152","304","1642264","Stephon Castle","1610612759","San Antonio Spurs","2","4","37","Made Shot","Tip Dunk Shot","2PT Field Goal","Restricted Area","Center(C)","Less Than 8 ft.","0","0","0","1","1","20260421","SAS","POR"
"Shot Chart Detail","0042500152","308","1630166","Deni Avdija","1610612757","Portland Trail Blazers","2","4","24","Missed Shot","Pullup Jump shot","2PT Field Goal","In The Paint (Non-RA)","Center(C)","Less Than 8 ft.","7","66","45","1","0","20260421","SAS","POR"
"Shot Chart Detail","0042500152","310","1642844","Dylan Harper","1610612759","San Antonio Spurs","2","4","17","Made Shot","Running Layup Shot","2PT Field Goal","Restricted Area","Center(C)","Less Than 8 ft.","1","4","12","1","1","20260421","SAS","POR"
"Shot Chart Detail","0042500152","313","1630577","Julian Champagnie","1610612759","San Antonio Spurs","2","3","58","Made Shot","Running Jump Shot","3PT Field Goal","Above the Break 3","Left Side Center(LC)","24+ ft.","25","-197","164","1","1","20260421","SAS","POR"
"Shot Chart Detail","0042500152","315","1630703","Scoot Henderson","1610612757","Portland Trail Blazers","2","3","41","Made Shot","Turnaround Jump Shot","2PT Field Goal","In The Paint (Non-RA)","Center(C)","Less Than 8 ft.","7","11","72","1","1","20260421","SAS","POR"
"Shot Chart Detail","0042500152","316","1628436","Luke Kornet","1610612759","San Antonio Spurs","2","3","25","Made Shot","Dunk Shot","2PT Field Goal","Restricted Area","Center(C)","Less Than 8 ft.","1","5","10","1","1","20260421","SAS","POR"
"Shot Chart Detail","0042500152","318","201950","Jrue Holiday","1610612757","Portland Trail Blazers","2","3","14","Made Shot","Driving Hook Shot","2PT Field Goal","Restricted Area","Center(C)","Less Than 8 ft.","3","2","32","1","1","20260421","SAS","POR"
"Shot Chart Detail","0042500152","319","1642264","Stephon Castle","1610612759","San Antonio Spurs","2","3","0","Missed Shot","Driving Floating Jump Shot","2PT Field Goal","Mid-Range","Right Side(R)","8-16 ft.","11","103","52","1","0","20260421","SAS","POR"
"Shot Chart Detail","0042500152","322","1630703","Scoot Henderson","1610612757","Portland Trail Blazers","2","2","53","Made Shot","Running Layup Shot","2PT Field Goal","Restricted Area","Center(C)","Less Than 8 ft.","0","2","6","1","1","20260421","SAS","POR"
"Shot Chart Detail","0042500152","323","1630170","Devin Vassell","1610612759","San Antonio Spurs","2","2","34","Made Shot","Pullup Jump shot","2PT Field Goal","Mid-Range","Right Side Center(RC)","16-24 ft.","18","109","154","1","1","20260421","SAS","POR"
"Shot Chart Detail","0042500152","325","1641739","Toumani Camara","1610612757","Portland Trail Blazers","2","2","24","Missed Shot","Jump Shot","3PT Field Goal","Above the Break 3","Right Side Center(RC)","24+ ft.","24","174","178","1","0","20260421","SAS","POR"
"Shot Chart Detail","0042500152","327","1630577","Julian Champagnie","1610612759","San Antonio Spurs","2","2","13","Made Shot","Jump Shot","3PT Field Goal","Above the Break 3","Left Side Center(LC)","24+ ft.","25","-91","242","1","1","20260421","SAS","POR"
"Shot Chart Detail","0042500152","329","1642270","Donovan Clingan","1610612757","Portland Trail Blazers","2","1","52","Made Shot","Driving Layup Shot","2PT Field Goal","In The Paint (Non-RA)","Center(C)","Less Than 8 ft.","4","48","3","1","1","20260421","SAS","POR"
"Shot Chart Detail","0042500152","330","1642264","Stephon Castle","1610612759","San Antonio Spurs","2","1","36","Missed Shot","Driving Layup Shot","2PT Field Goal","In The Paint (Non-RA)","Center(C)","Less Than 8 ft.","4","42","17","1","0","20260421","SAS","POR"
"Shot Chart Detail","0042500152","340","1630703","Scoot Henderson","1610612757","Portland Trail Blazers","2","1","19","Missed Shot","Pullup Jump shot","2PT Field Goal","In The Paint (Non-RA)","Left Side(L)","8-16 ft.","10","-70","84","1","0","20260421","SAS","POR"
"Shot Chart Detail","0042500152","342","1642270","Donovan Clingan","1610612757","Portland Trail Blazers","2","1","16","Missed Shot","Turnaround Hook Shot","2PT Field Goal","Restricted Area","Center(C)","Less Than 8 ft.","1","2","16","1","0","20260421","SAS","POR"
"Shot Chart Detail","0042500152","350","1642868","Carter Bryant","1610612759","San Antonio Spurs","2","0","55","Made Shot","Jump Shot","3PT Field Goal","Above the Break 3","Right Side Center(RC)","24+ ft.","25","126","220","1","1","20260421","SAS","POR"
"Shot Chart Detail","0042500152","352","1630166","Deni Avdija","1610612757","Portland Trail Blazers","2","0","47","Made Shot","Driving Layup Shot","2PT Field Goal","Restricted Area","Center(C)","Less Than 8 ft.","2","2","22","1","1","20260421","SAS","POR"
"Shot Chart Detail","0042500152","358","1628368","De'Aaron Fox","1610612759","San Antonio Spurs","2","0","32","Missed Shot","Pullup Jump shot","2PT Field Goal","Mid-Range","Right Side Center(RC)","16-24 ft.","16","105","133","1","0","20260421","SAS","POR"
"Shot Chart Detail","0042500152","375","1630170","Devin Vassell","1610612759","San Antonio Spurs","2","0","0","Missed Shot","Jump Shot","3PT Field Goal","Above the Break 3","Left Side Center(LC)","24+ ft.","27","-94","260","1","0","20260421","SAS","POR"
"Shot Chart Detail","0042500152","388","201950","Jrue Holiday","1610612757","Portland Trail Blazers","3","11","37","Missed Shot","Driving Layup Shot","2PT Field Goal","Restricted Area","Center(C)","Less Than 8 ft.","1","-5","17","1","0","20260421","SAS","POR"
"Shot Chart Detail","0042500152","390","1628368","De'Aaron Fox","1610612759","San Antonio Spurs","3","11","23","Made Shot","Pullup Jump shot","2PT Field Goal","In The Paint (Non-RA)","Right Side(R)","8-16 ft.","10","77","77","1","1","20260421","SAS","POR"
"Shot Chart Detail","0042500152","404","1641739","Toumani Camara","1610612757","Portland Trail Blazers","3","10","42","Missed Shot","Driving Layup Shot","2PT Field Goal","In The Paint (Non-RA)","Center(C)","Less Than 8 ft.","7","-61","42","1","0","20260421","SAS","POR"
"Shot Chart Detail","0042500152","410","1641739","Toumani Camara","1610612757","Portland Trail Blazers","3","10","26","Missed Shot","Jump Shot","3PT Field Goal","Above the Break 3","Left Side Center(LC)","24+ ft.","25","-233","91","1","0","20260421","SAS","POR"
"Shot Chart Detail","0042500152","412","1628368","De'Aaron Fox","1610612759","San Antonio Spurs","3","10","14","Made Shot","Pullup Jump shot","2PT Field Goal","Mid-Range","Right Side(R)","8-16 ft.","13","125","47","1","1","20260421","SAS","POR"
"Shot Chart Detail","0042500152","420","1642264","Stephon Castle","1610612759","San Antonio Spurs","3","9","45","Missed Shot","Pullup Jump shot","2PT Field Goal","Mid-Range","Right Side(R)","8-16 ft.","15","97","121","1","0","20260421","SAS","POR"
"Shot Chart Detail","0042500152","423","1628368","De'Aaron Fox","1610612759","San Antonio Spurs","3","9","32","Missed Shot","Step Back Jump shot","3PT Field Goal","Above the Break 3","Center(C)","24+ ft.","26","-17","262","1","0","20260421","SAS","POR"
"Shot Chart Detail","0042500152","425","201950","Jrue Holiday","1610612757","Portland Trail Blazers","3","9","23","Missed Shot","Pullup Jump shot","2PT Field Goal","In The Paint (Non-RA)","Center(C)","8-16 ft.","11","-34","112","1","0","20260421","SAS","POR"
"Shot Chart Detail","0042500152","429","1642270","Donovan Clingan","1610612757","Portland Trail Blazers","3","9","14","Made Shot","Dunk Shot","2PT Field Goal","Restricted Area","Center(C)","Less Than 8 ft.","1","-5","12","1","1","20260421","SAS","POR"
"Shot Chart Detail","0042500152","438","1630703","Scoot Henderson","1610612757","Portland Trail Blazers","3","8","57","Missed Shot","Step Back Jump shot","3PT Field Goal","Above the Break 3","Left Side Center(LC)","24+ ft.","25","-216","141","1","0","20260421","SAS","POR"
"Shot Chart Detail","0042500152","444","1642270","Donovan Clingan","1610612757","Portland Trail Blazers","3","8","38","Missed Shot","Jump Shot","3PT Field Goal","Above the Break 3","Right Side Center(RC)","24+ ft.","27","146","233","1","0","20260421","SAS","POR"
"Shot Chart Detail","0042500152","446","203084","Harrison Barnes","1610612759","San Antonio Spurs","3","8","24","Missed Shot","Jump Shot","3PT Field Goal","Right Corner 3","Right Side(R)","24+ ft.","23","233","19","1","0","20260421","SAS","POR"
"Shot Chart Detail","0042500152","448","203084","Harrison Barnes","1610612759","San Antonio Spurs","3","8","9","Made Shot","Driving Floating Jump Shot","2PT Field Goal","In The Paint (Non-RA)","Center(C)","Less Than 8 ft.","4","28","30","1","1","20260421","SAS","POR"
"Shot Chart Detail","0042500152","454","203924","Jerami Grant","1610612757","Portland Trail Blazers","3","7","29","Missed Shot","Jump Shot","3PT Field Goal","Above the Break 3","Left Side Center(LC)","24+ ft.","25","-132","220","1","0","20260421","SAS","POR"
"Shot Chart Detail","0042500152","457","201950","Jrue Holiday","1610612757","Portland Trail Blazers","3","7","24","Made Shot","Jump Shot","3PT Field Goal","Above the Break 3","Left Side Center(LC)","24+ ft.","25","-203","158","1","1","20260421","SAS","POR"
"Shot Chart Detail","0042500152","458","1628436","Luke Kornet","1610612759","San Antonio Spurs","3","7","11","Missed Shot","Alley Oop Dunk Shot","2PT Field Goal","Restricted Area","Center(C)","Less Than 8 ft.","1","-6","9","1","0","20260421","SAS","POR"
"Shot Chart Detail","0042500152","461","1642270","Donovan Clingan","1610612757","Portland Trail Blazers","3","6","57","Missed Shot","Dunk Shot","2PT Field Goal","Restricted Area","Center(C)","Less Than 8 ft.","1","-13","10","1","0","20260421","SAS","POR"
"Shot Chart Detail","0042500152","473","1630703","Scoot Henderson","1610612757","Portland Trail Blazers","3","6","35","Made Shot","Pullup Jump shot","2PT Field Goal","In The Paint (Non-RA)","Center(C)","8-16 ft.","12","-6","128","1","1","20260421","SAS","POR"
"Shot Chart Detail","0042500152","485","1642868","Carter Bryant","1610612759","San Antonio Spurs","3","6","11","Made Shot","Pullup Jump shot","2PT Field Goal","In The Paint (Non-RA)","Center(C)","Less Than 8 ft.","7","-2","72","1","1","20260421","SAS","POR"
"Shot Chart Detail","0042500152","487","1629057","Robert Williams III","1610612757","Portland Trail Blazers","3","6","2","Made Shot","Dunk Shot","2PT Field Goal","Restricted Area","Center(C)","Less Than 8 ft.","1","1","11","1","1","20260421","SAS","POR"
"Shot Chart Detail","0042500152","490","201950","Jrue Holiday","1610612757","Portland Trail Blazers","3","5","36","Missed Shot","Step Back Jump shot","3PT Field Goal","Above the Break 3","Center(C)","24+ ft.","25","6","253","1","0","20260421","SAS","POR"
"Shot Chart Detail","0042500152","492","1629680","Matisse Thybulle","1610612757","Portland Trail Blazers","3","5","28","Missed Shot","Jump Shot","3PT Field Goal","Right Corner 3","Right Side(R)","24+ ft.","23","232","22","1","0","20260421","SAS","POR"
"Shot Chart Detail","0042500152","494","1642844","Dylan Harper","1610612759","San Antonio Spurs","3","5","12","Made Shot","Pullup Jump shot","2PT Field Goal","Mid-Range","Right Side(R)","8-16 ft.","14","87","120","1","1","20260421","SAS","POR"
"Shot Chart Detail","0042500152","495","201950","Jrue Holiday","1610612757","Portland Trail Blazers","3","4","59","Missed Shot","Driving Layup Shot","2PT Field Goal","In The Paint (Non-RA)","Center(C)","Less Than 8 ft.","5","54","23","1","0","20260421","SAS","POR"
"Shot Chart Detail","0042500152","498","1641739","Toumani Camara","1610612757","Portland Trail Blazers","3","4","53","Made Shot","Driving Reverse Layup Shot","2PT Field Goal","Restricted Area","Center(C)","Less Than 8 ft.","1","4","16","1","1","20260421","SAS","POR"
"Shot Chart Detail","0042500152","500","1642264","Stephon Castle","1610612759","San Antonio Spurs","3","4","38","Made Shot","Driving Layup Shot","2PT Field Goal","Restricted Area","Center(C)","Less Than 8 ft.","0","1","0","1","1","20260421","SAS","POR"
"Shot Chart Detail","0042500152","510","1630703","Scoot Henderson","1610612757","Portland Trail Blazers","3","4","12","Missed Shot","Jump Shot","3PT Field Goal","Above the Break 3","Right Side Center(RC)","24+ ft.","26","175","201","1","0","20260421","SAS","POR"
"Shot Chart Detail","0042500152","517","1630577","Julian Champagnie","1610612759","San Antonio Spurs","3","3","57","Made Shot","Driving Floating Bank Jump Shot","2PT Field Goal","Mid-Range","Right Side(R)","8-16 ft.","9","98","9","1","1","20260421","SAS","POR"
"Shot Chart Detail","0042500152","543","1629640","Keldon Johnson","1610612759","San Antonio Spurs","3","3","9","Missed Shot","Driving Floating Jump Shot","2PT Field Goal","Restricted Area","Center(C)","Less Than 8 ft.","0","1","6","1","0","20260421","SAS","POR"
"Shot Chart Detail","0042500152","545","1630166","Deni Avdija","1610612757","Portland Trail Blazers","3","2","55","Made Shot","Driving Layup Shot","2PT Field Goal","Restricted Area","Center(C)","Less Than 8 ft.","1","4","18","1","1","20260421","SAS","POR"
"Shot Chart Detail","0042500152","546","1642868","Carter Bryant","1610612759","San Antonio Spurs","3","2","36","Missed Shot","Driving Layup Shot","2PT Field Goal","Restricted Area","Center(C)","Less Than 8 ft.","0","2","4","1","0","20260421","SAS","POR"
"Shot Chart Detail","0042500152","549","1630703","Scoot Henderson","1610612757","Portland Trail Blazers","3","2","21","Made Shot","Pullup Jump shot","2PT Field Goal","Mid-Range","Left Side(L)","8-16 ft.","15","-153","21","1","1","20260421","SAS","POR"
"Shot Chart Detail","0042500152","550","1642844","Dylan Harper","1610612759","San Antonio Spurs","3","2","9","Made Shot","Pullup Jump shot","2PT Field Goal","In The Paint (Non-RA)","Center(C)","8-16 ft.","8","0","87","1","1","20260421","SAS","POR"
"Shot Chart Detail","0042500152","558","1630166","Deni Avdija","1610612757","Portland Trail Blazers","3","1","43","Missed Shot","Pullup Jump shot","3PT Field Goal","Above the Break 3","Back Court(BC)","Back Court Shot","40","81","399","1","0","20260421","SAS","POR"
"Shot Chart Detail","0042500152","560","1628368","De'Aaron Fox","1610612759","San Antonio Spurs","3","1","30","Missed Shot","Pullup Jump shot","2PT Field Goal","In The Paint (Non-RA)","Center(C)","Less Than 8 ft.","5","-28","48","1","0","20260421","SAS","POR"
"Shot Chart Detail","0042500152","572","1630703","Scoot Henderson","1610612757","Portland Trail Blazers","3","1","0","Missed Shot","Pullup Jump shot","3PT Field Goal","Above the Break 3","Center(C)","24+ ft.","25","37","254","1","0","20260421","SAS","POR"
"Shot Chart Detail","0042500152","574","1642264","Stephon Castle","1610612759","San Antonio Spurs","3","0","36","Missed Shot","Pullup Jump shot","2PT Field Goal","In The Paint (Non-RA)","Center(C)","8-16 ft.","10","36","96","1","0","20260421","SAS","POR"
"Shot Chart Detail","0042500152","577","1630703","Scoot Henderson","1610612757","Portland Trail Blazers","3","0","31","Made Shot","Running Jump Shot","3PT Field Goal","Above the Break 3","Left Side Center(LC)","24+ ft.","25","-208","142","1","1","20260421","SAS","POR"
"Shot Chart Detail","0042500152","579","1642844","Dylan Harper","1610612759","San Antonio Spurs","3","0","11","Made Shot","Pullup Jump shot","2PT Field Goal","In The Paint (Non-RA)","Center(C)","8-16 ft.","12","56","117","1","1","20260421","SAS","POR"
"Shot Chart Detail","0042500152","580","1630166","Deni Avdija","1610612757","Portland Trail Blazers","3","0","0","Missed Shot","Pullup Jump shot","2PT Field Goal","In The Paint (Non-RA)","Center(C)","8-16 ft.","12","56","116","1","0","20260421","SAS","POR"
"Shot Chart Detail","0042500152","595","203084","Harrison Barnes","1610612759","San Antonio Spurs","4","11","35","Missed Shot","Pullup Jump shot","2PT Field Goal","Mid-Range","Left Side(L)","8-16 ft.","12","-120","14","1","0","20260421","SAS","POR"
"Shot Chart Detail","0042500152","597","1629680","Matisse Thybulle","1610612757","Portland Trail Blazers","4","11","11","Missed Shot","Jump Shot","3PT Field Goal","Left Corner 3","Left Side(L)","24+ ft.","22","-229","-4","1","0","20260421","SAS","POR"
"Shot Chart Detail","0042500152","599","203924","Jerami Grant","1610612757","Portland Trail Blazers","4","11","5","Missed Shot","Jump Shot","3PT Field Goal","Above the Break 3","Left Side Center(LC)","24+ ft.","26","-123","237","1","0","20260421","SAS","POR"
"Shot Chart Detail","0042500152","601","1630170","Devin Vassell","1610612759","San Antonio Spurs","4","10","55","Missed Shot","Running Jump Shot","3PT Field Goal","Above the Break 3","Center(C)","24+ ft.","25","61","252","1","0","20260421","SAS","POR"
"Shot Chart Detail","0042500152","607","201950","Jrue Holiday","1610612757","Portland Trail Blazers","4","10","19","Missed Shot","Pullup Jump shot","2PT Field Goal","Mid-Range","Right Side(R)","8-16 ft.","15","140","59","1","0","20260421","SAS","POR"
"Shot Chart Detail","0042500152","609","1642264","Stephon Castle","1610612759","San Antonio Spurs","4","10","8","Missed Shot","Jump Shot","3PT Field Goal","Above the Break 3","Center(C)","24+ ft.","25","-13","256","1","0","20260421","SAS","POR"
"Shot Chart Detail","0042500152","618","1629680","Matisse Thybulle","1610612757","Portland Trail Blazers","4","9","54","Missed Shot","Driving Layup Shot","2PT Field Goal","Restricted Area","Center(C)","Less Than 8 ft.","1","1","13","1","0","20260421","SAS","POR"
"Shot Chart Detail","0042500152","620","1630170","Devin Vassell","1610612759","San Antonio Spurs","4","9","46","Made Shot","Pullup Jump shot","2PT Field Goal","Mid-Range","Center(C)","16-24 ft.","16","47","161","1","1","20260421","SAS","POR"
"Shot Chart Detail","0042500152","625","1628368","De'Aaron Fox","1610612759","San Antonio Spurs","4","9","33","Made Shot","Putback Layup Shot","2PT Field Goal","Restricted Area","Center(C)","Less Than 8 ft.","0","0","0","1","1","20260421","SAS","POR"
"Shot Chart Detail","0042500152","623","1630170","Devin Vassell","1610612759","San Antonio Spurs","4","9","33","Missed Shot","Running Layup Shot","2PT Field Goal","Restricted Area","Center(C)","Less Than 8 ft.","0","1","3","1","0","20260421","SAS","POR"
"Shot Chart Detail","0042500152","634","1642270","Donovan Clingan","1610612757","Portland Trail Blazers","4","9","19","Missed Shot","Jump Shot","3PT Field Goal","Above the Break 3","Center(C)","24+ ft.","26","-76","257","1","0","20260421","SAS","POR"
"Shot Chart Detail","0042500152","636","1642264","Stephon Castle","1610612759","San Antonio Spurs","4","9","1","Made Shot","Driving Finger Roll Layup Shot","2PT Field Goal","Restricted Area","Center(C)","Less Than 8 ft.","0","-1","3","1","1","20260421","SAS","POR"
"Shot Chart Detail","0042500152","639","1628436","Luke Kornet","1610612759","San Antonio Spurs","4","8","33","Made Shot","Reverse Dunk Shot","2PT Field Goal","Restricted Area","Center(C)","Less Than 8 ft.","0","1","4","1","1","20260421","SAS","POR"
"Shot Chart Detail","0042500152","652","1630703","Scoot Henderson","1610612757","Portland Trail Blazers","4","8","26","Missed Shot","Pullup Jump shot","3PT Field Goal","Above the Break 3","Left Side Center(LC)","24+ ft.","24","-158","190","1","0","20260421","SAS","POR"
"Shot Chart Detail","0042500152","659","203924","Jerami Grant","1610612757","Portland Trail Blazers","4","8","18","Made Shot","Driving Layup Shot","2PT Field Goal","Restricted Area","Center(C)","Less Than 8 ft.","0","4","7","1","1","20260421","SAS","POR"
"Shot Chart Detail","0042500152","666","1630170","Devin Vassell","1610612759","San Antonio Spurs","4","7","56","Made Shot","Pullup Jump shot","2PT Field Goal","Mid-Range","Right Side Center(RC)","16-24 ft.","18","118","145","1","1","20260421","SAS","POR"
"Shot Chart Detail","0042500152","667","201950","Jrue Holiday","1610612757","Portland Trail Blazers","4","7","44","Made Shot","Driving Layup Shot","2PT Field Goal","Restricted Area","Center(C)","Less Than 8 ft.","1","-2","11","1","1","20260421","SAS","POR"
"Shot Chart Detail","0042500152","670","1641739","Toumani Camara","1610612757","Portland Trail Blazers","4","7","29","Made Shot","Running Jump Shot","3PT Field Goal","Above the Break 3","Left Side Center(LC)","24+ ft.","26","-222","147","1","1","20260421","SAS","POR"
"Shot Chart Detail","0042500152","679","1628368","De'Aaron Fox","1610612759","San Antonio Spurs","4","7","12","Missed Shot","Driving Layup Shot","2PT Field Goal","Restricted Area","Center(C)","Less Than 8 ft.","0","-6","3","1","0","20260421","SAS","POR"
"Shot Chart Detail","0042500152","681","201950","Jrue Holiday","1610612757","Portland Trail Blazers","4","7","5","Made Shot","Jump Shot","3PT Field Goal","Above the Break 3","Center(C)","24+ ft.","26","-10","262","1","1","20260421","SAS","POR"
"Shot Chart Detail","0042500152","683","1629640","Keldon Johnson","1610612759","San Antonio Spurs","4","6","41","Made Shot","Jump Shot","3PT Field Goal","Right Corner 3","Right Side(R)","24+ ft.","22","225","9","1","1","20260421","SAS","POR"
"Shot Chart Detail","0042500152","687","201950","Jrue Holiday","1610612757","Portland Trail Blazers","4","6","18","Missed Shot","Step Back Jump shot","3PT Field Goal","Above the Break 3","Right Side Center(RC)","24+ ft.","25","118","226","1","0","20260421","SAS","POR"
"Shot Chart Detail","0042500152","689","1642868","Carter Bryant","1610612759","San Antonio Spurs","4","6","4","Missed Shot","Jump Shot","3PT Field Goal","Right Corner 3","Right Side(R)","24+ ft.","22","229","14","1","0","20260421","SAS","POR"
"Shot Chart Detail","0042500152","696","1642844","Dylan Harper","1610612759","San Antonio Spurs","4","5","29","Missed Shot","Pullup Jump shot","2PT Field Goal","Mid-Range","Right Side Center(RC)","16-24 ft.","17","71","163","1","0","20260421","SAS","POR"
"Shot Chart Detail","0042500152","698","1630166","Deni Avdija","1610612757","Portland Trail Blazers","4","5","16","Missed Shot","Pullup Jump shot","2PT Field Goal","In The Paint (Non-RA)","Center(C)","8-16 ft.","10","-15","99","1","0","20260421","SAS","POR"
"Shot Chart Detail","0042500152","710","1630703","Scoot Henderson","1610612757","Portland Trail Blazers","4","4","53","Made Shot","Driving Finger Roll Layup Shot","2PT Field Goal","Restricted Area","Center(C)","Less Than 8 ft.","1","4","11","1","1","20260421","SAS","POR"
"Shot Chart Detail","0042500152","711","1628368","De'Aaron Fox","1610612759","San Antonio Spurs","4","4","36","Missed Shot","Pullup Jump shot","2PT Field Goal","Mid-Range","Right Side(R)","8-16 ft.","11","113","26","1","0","20260421","SAS","POR"
"Shot Chart Detail","0042500152","717","1628368","De'Aaron Fox","1610612759","San Antonio Spurs","4","4","17","Missed Shot","Pullup Jump shot","2PT Field Goal","Mid-Range","Right Side(R)","16-24 ft.","17","152","77","1","0","20260421","SAS","POR"
"Shot Chart Detail","0042500152","720","1641739","Toumani Camara","1610612757","Portland Trail Blazers","4","4","3","Made Shot","Jump Shot","3PT Field Goal","Above the Break 3","Right Side Center(RC)","24+ ft.","24","190","149","1","1","20260421","SAS","POR"
"Shot Chart Detail","0042500152","722","1630170","Devin Vassell","1610612759","San Antonio Spurs","4","3","37","Made Shot","Fadeaway Jump Shot","2PT Field Goal","Mid-Range","Right Side(R)","8-16 ft.","15","88","122","1","1","20260421","SAS","POR"
"Shot Chart Detail","0042500152","723","1629057","Robert Williams III","1610612757","Portland Trail Blazers","4","3","26","Made Shot","Floating Jump shot","2PT Field Goal","In The Paint (Non-RA)","Center(C)","8-16 ft.","8","-2","80","1","1","20260421","SAS","POR"
"Shot Chart Detail","0042500152","728","1630170","Devin Vassell","1610612759","San Antonio Spurs","4","3","5","Missed Shot","Turnaround Fadeaway shot","2PT Field Goal","Mid-Range","Center(C)","8-16 ft.","14","16","143","1","0","20260421","SAS","POR"
"Shot Chart Detail","0042500152","739","1630703","Scoot Henderson","1610612757","Portland Trail Blazers","4","2","43","Made Shot","Pullup Jump shot","3PT Field Goal","Above the Break 3","Left Side Center(LC)","24+ ft.","25","-99","238","1","1","20260421","SAS","POR"
"Shot Chart Detail","0042500152","740","1642264","Stephon Castle","1610612759","San Antonio Spurs","4","2","23","Missed Shot","Jump Shot","3PT Field Goal","Left Corner 3","Left Side(L)","24+ ft.","22","-225","-10","1","0","20260421","SAS","POR"
"Shot Chart Detail","0042500152","743","1629057","Robert Williams III","1610612757","Portland Trail Blazers","4","2","9","Missed Shot","Jump Shot","3PT Field Goal","Right Corner 3","Right Side(R)","24+ ft.","22","222","8","1","0","20260421","SAS","POR"
"Shot Chart Detail","0042500152","745","201950","Jrue Holiday","1610612757","Portland Trail Blazers","4","2","2","Made Shot","Putback Layup Shot","2PT Field Goal","Restricted Area","Center(C)","Less Than 8 ft.","0","0","0","1","1","20260421","SAS","POR"
"Shot Chart Detail","0042500152","746","1628368","De'Aaron Fox","1610612759","San Antonio Spurs","4","1","38","Missed Shot","Step Back Jump shot","3PT Field Goal","Above the Break 3","Center(C)","24+ ft.","24","-43","246","1","0","20260421","SAS","POR"
"Shot Chart Detail","0042500152","749","1628368","De'Aaron Fox","1610612759","San Antonio Spurs","4","1","20","Missed Shot","Driving Floating Jump Shot","2PT Field Goal","In The Paint (Non-RA)","Center(C)","Less Than 8 ft.","7","-42","67","1","0","20260421","SAS","POR"
"Shot Chart Detail","0042500152","751","1642264","Stephon Castle","1610612759","San Antonio Spurs","4","1","6","Missed Shot","Pullup Jump shot","2PT Field Goal","Mid-Range","Right Side(R)","8-16 ft.","14","136","61","1","0","20260421","SAS","POR"
"Shot Chart Detail","0042500152","754","201950","Jrue Holiday","1610612757","Portland Trail Blazers","4","0","42","Missed Shot","Driving Layup Shot","2PT Field Goal","In The Paint (Non-RA)","Center(C)","Less Than 8 ft.","6","-32","59","1","0","20260421","SAS","POR"
"Shot Chart Detail","0042500152","756","1630170","Devin Vassell","1610612759","San Antonio Spurs","4","0","31","Missed Shot","Jump Shot","3PT Field Goal","Above the Break 3","Left Side Center(LC)","24+ ft.","24","-137","200","1","0","20260421","SAS","POR"
"Shot Chart Detail","0042500152","761","1629057","Robert Williams III","1610612757","Portland Trail Blazers","4","0","12","Made Shot","Alley Oop Dunk Shot","2PT Field Goal","Restricted Area","Center(C)","Less Than 8 ft.","0","0","0","1","1","20260421","SAS","POR"
"Shot Chart Detail","0042500152","811","1630170","Devin Vassell","1610612759","San Antonio Spurs","4","0","2","Missed Shot","Jump Shot","3PT Field Goal","Left Corner 3","Left Side(L)","24+ ft.","22","-227","1","1","0","20260421","SAS","POR"
"Shot Chart Detail","0042500161","7","1630183","Jaden McDaniels","1610612750","Minnesota Timberwolves","1","11","37","Missed Shot","Pullup Jump shot","3PT Field Goal","Above the Break 3","Right Side Center(RC)","24+ ft.","26","127","235","1","0","20260418","DEN","MIN"
"Shot Chart Detail","0042500161","9","203932","Aaron Gordon","1610612743","Denver Nuggets","1","11","26","Missed Shot","Driving Layup Shot","2PT Field Goal","In The Paint (Non-RA)","Center(C)","Less Than 8 ft.","6","56","27","1","0","20260418","DEN","MIN"
"Shot Chart Detail","0042500161","15","1628978","Donte DiVincenzo","1610612750","Minnesota Timberwolves","1","11","13","Made Shot","Pullup Jump shot","3PT Field Goal","Above the Break 3","Right Side Center(RC)","24+ ft.","26","178","191","1","1","20260418","DEN","MIN"
"Shot Chart Detail","0042500161","19","1629661","Cameron Johnson","1610612743","Denver Nuggets","1","10","51","Missed Shot","Jump Shot","3PT Field Goal","Right Corner 3","Right Side(R)","24+ ft.","23","225","62","1","0","20260418","DEN","MIN"
"Shot Chart Detail","0042500161","24","1629661","Cameron Johnson","1610612743","Denver Nuggets","1","10","44","Made Shot","Driving Layup Shot","2PT Field Goal","Restricted Area","Center(C)","Less Than 8 ft.","2","7","21","1","1","20260418","DEN","MIN"
"Shot Chart Detail","0042500161","26","1628978","Donte DiVincenzo","1610612750","Minnesota Timberwolves","1","10","33","Made Shot","Jump Shot","3PT Field Goal","Above the Break 3","Left Side Center(LC)","24+ ft.","27","-222","162","1","1","20260418","DEN","MIN"
"Shot Chart Detail","0042500161","28","1629661","Cameron Johnson","1610612743","Denver Nuggets","1","10","24","Missed Shot","Jump Shot","3PT Field Goal","Above the Break 3","Left Side Center(LC)","24+ ft.","26","-146","222","1","0","20260418","DEN","MIN"
"Shot Chart Detail","0042500161","30","1630162","Anthony Edwards","1610612750","Minnesota Timberwolves","1","10","12","Missed Shot","Step Back Jump shot","2PT Field Goal","Mid-Range","Center(C)","16-24 ft.","23","-21","235","1","0","20260418","DEN","MIN"
"Shot Chart Detail","0042500161","32","1631128","Christian Braun","1610612743","Denver Nuggets","1","10","6","Missed Shot","Running Pull-Up Jump Shot","2PT Field Goal","In The Paint (Non-RA)","Center(C)","Less Than 8 ft.","4","5","46","1","0","20260418","DEN","MIN"
"Shot Chart Detail","0042500161","38","203932","Aaron Gordon","1610612743","Denver Nuggets","1","9","41","Missed Shot","Pullup Jump shot","3PT Field Goal","Above the Break 3","Left Side Center(LC)","24+ ft.","25","-142","206","1","0","20260418","DEN","MIN"
"Shot Chart Detail","0042500161","40","1630183","Jaden McDaniels","1610612750","Minnesota Timberwolves","1","9","26","Made Shot","Driving Layup Shot","2PT Field Goal","Restricted Area","Center(C)","Less Than 8 ft.","3","33","13","1","1","20260418","DEN","MIN"
"Shot Chart Detail","0042500161","50","203944","Julius Randle","1610612750","Minnesota Timberwolves","1","8","54","Made Shot","Fadeaway Jump Shot","2PT Field Goal","Mid-Range","Left Side(L)","8-16 ft.","15","-110","111","1","1","20260418","DEN","MIN"
"Shot Chart Detail","0042500161","51","1629661","Cameron Johnson","1610612743","Denver Nuggets","1","8","39","Made Shot","Jump Shot","3PT Field Goal","Above the Break 3","Right Side Center(RC)","24+ ft.","26","104","243","1","1","20260418","DEN","MIN"
"Shot Chart Detail","0042500161","62","203999","Nikola Jokić","1610612743","Denver Nuggets","1","8","6","Missed Shot","Jump Shot","3PT Field Goal","Above the Break 3","Right Side Center(RC)","24+ ft.","26","85","253","1","0","20260418","DEN","MIN"
"Shot Chart Detail","0042500161","64","203944","Julius Randle","1610612750","Minnesota Timberwolves","1","7","56","Missed Shot","Fadeaway Jump Shot","2PT Field Goal","Mid-Range","Right Side(R)","8-16 ft.","13","137","10","1","0","20260418","DEN","MIN"
"Shot Chart Detail","0042500161","66","203932","Aaron Gordon","1610612743","Denver Nuggets","1","7","47","Missed Shot","Jump Shot","3PT Field Goal","Right Corner 3","Right Side(R)","24+ ft.","23","233","35","1","0","20260418","DEN","MIN"
"Shot Chart Detail","0042500161","68","1630162","Anthony Edwards","1610612750","Minnesota Timberwolves","1","7","29","Missed Shot","Step Back Jump shot","2PT Field Goal","Mid-Range","Right Side Center(RC)","16-24 ft.","19","110","164","1","0","20260418","DEN","MIN"
"Shot Chart Detail","0042500161","76","1630183","Jaden McDaniels","1610612750","Minnesota Timberwolves","1","7","7","Made Shot","Pullup Jump shot","2PT Field Goal","Mid-Range","Right Side Center(RC)","16-24 ft.","19","116","152","1","1","20260418","DEN","MIN"
"Shot Chart Detail","0042500161","79","1630183","Jaden McDaniels","1610612750","Minnesota Timberwolves","1","6","55","Made Shot","Running Dunk Shot","2PT Field Goal","Restricted Area","Center(C)","Less Than 8 ft.","1","10","5","1","1","20260418","DEN","MIN"
"Shot Chart Detail","0042500161","80","1629661","Cameron Johnson","1610612743","Denver Nuggets","1","6","46","Missed Shot","Jump Shot","3PT Field Goal","Left Corner 3","Left Side(L)","24+ ft.","23","-235","36","1","0","20260418","DEN","MIN"
"Shot Chart Detail","0042500161","83","1630162","Anthony Edwards","1610612750","Minnesota Timberwolves","1","6","28","Made Shot","Step Back Jump shot","3PT Field Goal","Above the Break 3","Left Side Center(LC)","24+ ft.","27","-184","200","1","1","20260418","DEN","MIN"
"Shot Chart Detail","0042500161","90","1627750","Jamal Murray","1610612743","Denver Nuggets","1","6","6","Missed Shot","Pullup Jump shot","3PT Field Goal","Above the Break 3","Left Side Center(LC)","24+ ft.","25","-141","218","1","0","20260418","DEN","MIN"
"Shot Chart Detail","0042500161","92","1629675","Naz Reid","1610612750","Minnesota Timberwolves","1","5","53","Missed Shot","Driving Floating Jump Shot","2PT Field Goal","In The Paint (Non-RA)","Center(C)","8-16 ft.","10","15","104","1","0","20260418","DEN","MIN"
"Shot Chart Detail","0042500161","94","1630162","Anthony Edwards","1610612750","Minnesota Timberwolves","1","5","40","Made Shot","Driving Finger Roll Layup Shot","2PT Field Goal","Restricted Area","Center(C)","Less Than 8 ft.","3","-13","28","1","1","20260418","DEN","MIN"
"Shot Chart Detail","0042500161","101","1627750","Jamal Murray","1610612743","Denver Nuggets","1","5","25","Missed Shot","Pullup Jump shot","2PT Field Goal","Mid-Range","Left Side Center(LC)","16-24 ft.","20","-92","183","1","0","20260418","DEN","MIN"
"Shot Chart Detail","0042500161","105","203999","Nikola Jokić","1610612743","Denver Nuggets","1","5","1","Made Shot","Jump Shot","3PT Field Goal","Above the Break 3","Center(C)","24+ ft.","24","11","246","1","1","20260418","DEN","MIN"
"Shot Chart Detail","0042500161","107","203497","Rudy Gobert","1610612750","Minnesota Timberwolves","1","4","45","Made Shot","Cutting Dunk Shot","2PT Field Goal","Restricted Area","Center(C)","Less Than 8 ft.","0","5","8","1","1","20260418","DEN","MIN"
"Shot Chart Detail","0042500161","111","1629675","Naz Reid","1610612750","Minnesota Timberwolves","1","4","26","Made Shot","Running Dunk Shot","2PT Field Goal","Restricted Area","Center(C)","Less Than 8 ft.","2","12","16","1","1","20260418","DEN","MIN"
"Shot Chart Detail","0042500161","114","1631128","Christian Braun","1610612743","Denver Nuggets","1","4","5","Made Shot","Jump Shot","3PT Field Goal","Left Corner 3","Left Side(L)","24+ ft.","23","-233","52","1","1","20260418","DEN","MIN"
"Shot Chart Detail","0042500161","116","1630245","Ayo Dosunmu","1610612750","Minnesota Timberwolves","1","3","50","Missed Shot","Jump Shot","3PT Field Goal","Above the Break 3","Center(C)","24+ ft.","30","5","302","1","0","20260418","DEN","MIN"
"Shot Chart Detail","0042500161","118","1631128","Christian Braun","1610612743","Denver Nuggets","1","3","41","Made Shot","Alley Oop Layup shot","2PT Field Goal","Restricted Area","Center(C)","Less Than 8 ft.","2","23","9","1","1","20260418","DEN","MIN"
"Shot Chart Detail","0042500161","120","1629675","Naz Reid","1610612750","Minnesota Timberwolves","1","3","24","Missed Shot","Driving Floating Bank Jump Shot","2PT Field Goal","In The Paint (Non-RA)","Center(C)","Less Than 8 ft.","5","-37","41","1","0","20260418","DEN","MIN"
"Shot Chart Detail","0042500161","156","1631128","Christian Braun","1610612743","Denver Nuggets","1","3","21","Missed Shot","Running Layup Shot","2PT Field Goal","Restricted Area","Center(C)","Less Than 8 ft.","1","15","11","1","0","20260418","DEN","MIN"
"Shot Chart Detail","0042500161","122","203501","Tim Hardaway Jr.","1610612743","Denver Nuggets","1","3","17","Missed Shot","Jump Shot","2PT Field Goal","Mid-Range","Right Side Center(RC)","16-24 ft.","18","144","118","1","0","20260418","DEN","MIN"
"Shot Chart Detail","0042500161","124","1630183","Jaden McDaniels","1610612750","Minnesota Timberwolves","1","3","8","Missed Shot","Fadeaway Jump Shot","2PT Field Goal","Mid-Range","Right Side(R)","8-16 ft.","13","125","43","1","0","20260418","DEN","MIN"
"Shot Chart Detail","0042500161","126","203501","Tim Hardaway Jr.","1610612743","Denver Nuggets","1","3","0","Made Shot","Running Alley Oop Dunk Shot","2PT Field Goal","Restricted Area","Center(C)","Less Than 8 ft.","0","0","8","1","1","20260418","DEN","MIN"
"Shot Chart Detail","0042500161","128","1630245","Ayo Dosunmu","1610612750","Minnesota Timberwolves","1","2","39","Made Shot","Jump Shot","3PT Field Goal","Left Corner 3","Left Side(L)","24+ ft.","24","-239","36","1","1","20260418","DEN","MIN"
"Shot Chart Detail","0042500161","130","1631128","Christian Braun","1610612743","Denver Nuggets","1","2","29","Missed Shot","Jump Shot","2PT Field Goal","Mid-Range","Left Side(L)","16-24 ft.","20","-204","36","1","0","20260418","DEN","MIN"
"Shot Chart Detail","0042500161","134","203501","Tim Hardaway Jr.","1610612743","Denver Nuggets","1","2","4","Missed Shot","Running Layup Shot","2PT Field Goal","In The Paint (Non-RA)","Center(C)","Less Than 8 ft.","5","28","45","1","0","20260418","DEN","MIN"
"Shot Chart Detail","0042500161","152","1630245","Ayo Dosunmu","1610612750","Minnesota Timberwolves","1","1","44","Missed Shot","Pullup Jump shot","3PT Field Goal","Above the Break 3","Left Side Center(LC)","24+ ft.","28","-142","242","1","0","20260418","DEN","MIN"
"Shot Chart Detail","0042500161","167","1630538","Bones Hyland","1610612750","Minnesota Timberwolves","1","1","8","Missed Shot","Step Back Jump shot","3PT Field Goal","Above the Break 3","Left Side Center(LC)","24+ ft.","29","-158","246","1","0","20260418","DEN","MIN"
"Shot Chart Detail","0042500161","171","1630245","Ayo Dosunmu","1610612750","Minnesota Timberwolves","1","0","53","Made Shot","Running Layup Shot","2PT Field Goal","Restricted Area","Center(C)","Less Than 8 ft.","2","4","20","1","1","20260418","DEN","MIN"
"Shot Chart Detail","0042500161","174","203501","Tim Hardaway Jr.","1610612743","Denver Nuggets","1","0","42","Missed Shot","Jump Shot","3PT Field Goal","Above the Break 3","Left Side Center(LC)","24+ ft.","27","-172","210","1","0","20260418","DEN","MIN"
"Shot Chart Detail","0042500161","176","1629675","Naz Reid","1610612750","Minnesota Timberwolves","1","0","19","Missed Shot","Turnaround Bank Hook Shot","2PT Field Goal","In The Paint (Non-RA)","Center(C)","Less Than 8 ft.","7","-69","21","1","0","20260418","DEN","MIN"
"Shot Chart Detail","0042500161","178","1628971","Bruce Brown","1610612743","Denver Nuggets","1","0","2","Missed Shot","Turnaround Bank Hook Shot","2PT Field Goal","In The Paint (Non-RA)","Right Side(R)","8-16 ft.","8","67","56","1","0","20260418","DEN","MIN"
"Shot Chart Detail","0042500161","188","1628971","Bruce Brown","1610612743","Denver Nuggets","2","11","45","Made Shot","Jump Shot","3PT Field Goal","Above the Break 3","Center(C)","24+ ft.","25","-2","251","1","1","20260418","DEN","MIN"
"Shot Chart Detail","0042500161","191","1630538","Bones Hyland","1610612750","Minnesota Timberwolves","2","11","17","Missed Shot","Driving Layup Shot","2PT Field Goal","Restricted Area","Center(C)","Less Than 8 ft.","2","17","23","1","0","20260418","DEN","MIN"
"Shot Chart Detail","0042500161","194","1629675","Naz Reid","1610612750","Minnesota Timberwolves","2","10","56","Made Shot","Step Back Jump shot","3PT Field Goal","Above the Break 3","Center(C)","24+ ft.","27","-45","275","1","1","20260418","DEN","MIN"
"Shot Chart Detail","0042500161","198","203501","Tim Hardaway Jr.","1610612743","Denver Nuggets","2","10","34","Made Shot","Jump Shot","3PT Field Goal","Right Corner 3","Right Side(R)","24+ ft.","23","233","14","1","1","20260418","DEN","MIN"
"Shot Chart Detail","0042500161","203","1628971","Bruce Brown","1610612743","Denver Nuggets","2","10","10","Missed Shot","Pullup Jump shot","2PT Field Goal","Mid-Range","Center(C)","16-24 ft.","16","35","165","1","0","20260418","DEN","MIN"
"Shot Chart Detail","0042500161","207","1630538","Bones Hyland","1610612750","Minnesota Timberwolves","2","9","46","Missed Shot","Driving Layup Shot","2PT Field Goal","Restricted Area","Center(C)","Less Than 8 ft.","3","28","13","1","0","20260418","DEN","MIN"
"Shot Chart Detail","0042500161","209","203497","Rudy Gobert","1610612750","Minnesota Timberwolves","2","9","44","Made Shot","Tip Layup Shot","2PT Field Goal","Restricted Area","Center(C)","Less Than 8 ft.","0","0","0","1","1","20260418","DEN","MIN"
"Shot Chart Detail","0042500161","210","1627750","Jamal Murray","1610612743","Denver Nuggets","2","9","24","Made Shot","Fadeaway Jump Shot","2PT Field Goal","Mid-Range","Left Side(L)","8-16 ft.","13","-92","105","1","1","20260418","DEN","MIN"
"Shot Chart Detail","0042500161","211","203497","Rudy Gobert","1610612750","Minnesota Timberwolves","2","9","3","Missed Shot","Floating Jump shot","2PT Field Goal","In The Paint (Non-RA)","Center(C)","8-16 ft.","12","9","128","1","0","20260418","DEN","MIN"
"Shot Chart Detail","0042500161","213","1627750","Jamal Murray","1610612743","Denver Nuggets","2","8","44","Missed Shot","Step Back Jump shot","3PT Field Goal","Above the Break 3","Center(C)","24+ ft.","25","-56","252","1","0","20260418","DEN","MIN"
"Shot Chart Detail","0042500161","215","1628971","Bruce Brown","1610612743","Denver Nuggets","2","8","42","Made Shot","Putback Layup Shot","2PT Field Goal","Restricted Area","Center(C)","Less Than 8 ft.","3","-10","29","1","1","20260418","DEN","MIN"
"Shot Chart Detail","0042500161","223","203497","Rudy Gobert","1610612750","Minnesota Timberwolves","2","8","29","Made Shot","Cutting Layup Shot","2PT Field Goal","Restricted Area","Center(C)","Less Than 8 ft.","2","21","10","1","1","20260418","DEN","MIN"
"Shot Chart Detail","0042500161","229","1627750","Jamal Murray","1610612743","Denver Nuggets","2","8","16","Made Shot","Step Back Jump shot","2PT Field Goal","Mid-Range","Right Side Center(RC)","16-24 ft.","16","82","143","1","1","20260418","DEN","MIN"
"Shot Chart Detail","0042500161","230","1630245","Ayo Dosunmu","1610612750","Minnesota Timberwolves","2","8","1","Made Shot","Pullup Jump shot","3PT Field Goal","Above the Break 3","Left Side Center(LC)","24+ ft.","27","-127","249","1","1","20260418","DEN","MIN"
"Shot Chart Detail","0042500161","241","203944","Julius Randle","1610612750","Minnesota Timberwolves","2","7","26","Missed Shot","Pullup Jump shot","2PT Field Goal","Mid-Range","Left Side(L)","16-24 ft.","17","-148","86","1","0","20260418","DEN","MIN"
"Shot Chart Detail","0042500161","253","1630162","Anthony Edwards","1610612750","Minnesota Timberwolves","2","6","55","Missed Shot","Pullup Jump shot","3PT Field Goal","Above the Break 3","Center(C)","24+ ft.","27","34","268","1","0","20260418","DEN","MIN"
"Shot Chart Detail","0042500161","257","1627750","Jamal Murray","1610612743","Denver Nuggets","2","6","41","Missed Shot","Jump Shot","3PT Field Goal","Above the Break 3","Right Side Center(RC)","24+ ft.","25","230","115","1","0","20260418","DEN","MIN"
"Shot Chart Detail","0042500161","259","1630162","Anthony Edwards","1610612750","Minnesota Timberwolves","2","6","27","Made Shot","Driving Layup Shot","2PT Field Goal","Restricted Area","Center(C)","Less Than 8 ft.","3","-34","16","1","1","20260418","DEN","MIN"
"Shot Chart Detail","0042500161","260","1628971","Bruce Brown","1610612743","Denver Nuggets","2","6","14","Missed Shot","Driving Layup Shot","2PT Field Goal","Restricted Area","Center(C)","Less Than 8 ft.","3","27","17","1","0","20260418","DEN","MIN"
"Shot Chart Detail","0042500161","269","1629661","Cameron Johnson","1610612743","Denver Nuggets","2","5","53","Made Shot","Driving Layup Shot","2PT Field Goal","Restricted Area","Center(C)","Less Than 8 ft.","3","-32","5","1","1","20260418","DEN","MIN"
"Shot Chart Detail","0042500161","270","203944","Julius Randle","1610612750","Minnesota Timberwolves","2","5","33","Missed Shot","Step Back Jump shot","3PT Field Goal","Above the Break 3","Left Side Center(LC)","24+ ft.","26","-121","233","1","0","20260418","DEN","MIN"
"Shot Chart Detail","0042500161","272","1629661","Cameron Johnson","1610612743","Denver Nuggets","2","5","23","Made Shot","Pullup Jump shot","3PT Field Goal","Above the Break 3","Center(C)","24+ ft.","25","-21","255","1","1","20260418","DEN","MIN"
"Shot Chart Detail","0042500161","274","203944","Julius Randle","1610612750","Minnesota Timberwolves","2","4","58","Missed Shot","Step Back Jump shot","3PT Field Goal","Above the Break 3","Right Side Center(RC)","24+ ft.","27","178","212","1","0","20260418","DEN","MIN"
"Shot Chart Detail","0042500161","292","203999","Nikola Jokić","1610612743","Denver Nuggets","2","4","13","Made Shot","Jump Shot","3PT Field Goal","Above the Break 3","Right Side Center(RC)","24+ ft.","26","119","234","1","1","20260418","DEN","MIN"
"Shot Chart Detail","0042500161","294","1630162","Anthony Edwards","1610612750","Minnesota Timberwolves","2","3","59","Made Shot","Driving Layup Shot","2PT Field Goal","Restricted Area","Center(C)","Less Than 8 ft.","3","-33","7","1","1","20260418","DEN","MIN"
"Shot Chart Detail","0042500161","297","1630162","Anthony Edwards","1610612750","Minnesota Timberwolves","2","3","17","Missed Shot","Step Back Jump shot","3PT Field Goal","Above the Break 3","Left Side Center(LC)","24+ ft.","26","-199","178","1","0","20260418","DEN","MIN"
"Shot Chart Detail","0042500161","303","203944","Julius Randle","1610612750","Minnesota Timberwolves","2","2","37","Made Shot","Turnaround Hook Shot","2PT Field Goal","In The Paint (Non-RA)","Center(C)","Less Than 8 ft.","6","-17","60","1","1","20260418","DEN","MIN"
"Shot Chart Detail","0042500161","304","1642461","Spencer Jones","1610612743","Denver Nuggets","2","2","17","Made Shot","Jump Shot","3PT Field Goal","Above the Break 3","Left Side Center(LC)","24+ ft.","24","-168","185","1","1","20260418","DEN","MIN"
"Shot Chart Detail","0042500161","306","203944","Julius Randle","1610612750","Minnesota Timberwolves","2","2","4","Missed Shot","Step Back Jump shot","3PT Field Goal","Above the Break 3","Right Side Center(RC)","24+ ft.","24","156","191","1","0","20260418","DEN","MIN"
"Shot Chart Detail","0042500161","314","203497","Rudy Gobert","1610612750","Minnesota Timberwolves","2","1","44","Made Shot","Cutting Layup Shot","2PT Field Goal","In The Paint (Non-RA)","Center(C)","Less Than 8 ft.","4","4","48","1","1","20260418","DEN","MIN"
"Shot Chart Detail","0042500161","316","1627750","Jamal Murray","1610612743","Denver Nuggets","2","1","32","Made Shot","Pullup Jump shot","2PT Field Goal","Mid-Range","Right Side Center(RC)","16-24 ft.","19","136","142","1","1","20260418","DEN","MIN"
"Shot Chart Detail","0042500161","317","1630183","Jaden McDaniels","1610612750","Minnesota Timberwolves","2","1","10","Made Shot","Driving Reverse Layup Shot","2PT Field Goal","Restricted Area","Center(C)","Less Than 8 ft.","3","37","11","1","1","20260418","DEN","MIN"
"Shot Chart Detail","0042500161","323","1628978","Donte DiVincenzo","1610612750","Minnesota Timberwolves","2","0","34","Made Shot","Step Back Jump shot","3PT Field Goal","Right Corner 3","Right Side(R)","24+ ft.","24","233","76","1","1","20260418","DEN","MIN"
"Shot Chart Detail","0042500161","325","1631128","Christian Braun","1610612743","Denver Nuggets","2","0","21","Made Shot","Jump Shot","3PT Field Goal","Left Corner 3","Left Side(L)","24+ ft.","24","-240","-16","1","1","20260418","DEN","MIN"
"Shot Chart Detail","0042500161","327","203497","Rudy Gobert","1610612750","Minnesota Timberwolves","2","0","5","Made Shot","Driving Layup Shot","2PT Field Goal","In The Paint (Non-RA)","Center(C)","Less Than 8 ft.","4","-12","44","1","1","20260418","DEN","MIN"
"Shot Chart Detail","0042500161","329","203999","Nikola Jokić","1610612743","Denver Nuggets","2","0","1","Missed Shot","Pullup Jump shot","2PT Field Goal","Mid-Range","Left Side Center(LC)","16-24 ft.","18","-98","157","1","0","20260418","DEN","MIN"
"Shot Chart Detail","0042500161","341","203999","Nikola Jokić","1610612743","Denver Nuggets","3","11","46","Missed Shot","Driving Floating Jump Shot","2PT Field Goal","In The Paint (Non-RA)","Center(C)","8-16 ft.","8","2","83","1","0","20260418","DEN","MIN"
"Shot Chart Detail","0042500161","343","203999","Nikola Jokić","1610612743","Denver Nuggets","3","11","42","Made Shot","Layup Shot","2PT Field Goal","In The Paint (Non-RA)","Center(C)","Less Than 8 ft.","4","45","10","1","1","20260418","DEN","MIN"
"Shot Chart Detail","0042500161","345","1630162","Anthony Edwards","1610612750","Minnesota Timberwolves","3","11","20","Missed Shot","Pullup Jump shot","3PT Field Goal","Above the Break 3","Right Side Center(RC)","24+ ft.","27","108","255","1","0","20260418","DEN","MIN"
"Shot Chart Detail","0042500161","347","1627750","Jamal Murray","1610612743","Denver Nuggets","3","11","16","Missed Shot","Running Pull-Up Jump Shot","3PT Field Goal","Above the Break 3","Center(C)","24+ ft.","26","-59","259","1","0","20260418","DEN","MIN"
"Shot Chart Detail","0042500161","349","203944","Julius Randle","1610612750","Minnesota Timberwolves","3","11","3","Missed Shot","Driving Finger Roll Layup Shot","2PT Field Goal","In The Paint (Non-RA)","Center(C)","Less Than 8 ft.","5","48","29","1","0","20260418","DEN","MIN"
"Shot Chart Detail","0042500161","353","1628978","Donte DiVincenzo","1610612750","Minnesota Timberwolves","3","10","48","Missed Shot","Pullup Jump shot","2PT Field Goal","In The Paint (Non-RA)","Center(C)","8-16 ft.","11","-28","114","1","0","20260418","DEN","MIN"
"Shot Chart Detail","0042500161","355","1627750","Jamal Murray","1610612743","Denver Nuggets","3","10","38","Made Shot","Driving Finger Roll Layup Shot","2PT Field Goal","Restricted Area","Center(C)","Less Than 8 ft.","3","32","0","1","1","20260418","DEN","MIN"
"Shot Chart Detail","0042500161","359","203999","Nikola Jokić","1610612743","Denver Nuggets","3","10","4","Made Shot","Driving Dunk Shot","2PT Field Goal","Restricted Area","Center(C)","Less Than 8 ft.","2","0","21","1","1","20260418","DEN","MIN"
"Shot Chart Detail","0042500161","366","203999","Nikola Jokić","1610612743","Denver Nuggets","3","9","42","Missed Shot","Jump Shot","3PT Field Goal","Above the Break 3","Center(C)","24+ ft.","25","2","256","1","0","20260418","DEN","MIN"
"Shot Chart Detail","0042500161","368","1630162","Anthony Edwards","1610612750","Minnesota Timberwolves","3","9","31","Missed Shot","Step Back Jump shot","3PT Field Goal","Above the Break 3","Right Side Center(RC)","24+ ft.","25","83","243","1","0","20260418","DEN","MIN"
"Shot Chart Detail","0042500161","370","1627750","Jamal Murray","1610612743","Denver Nuggets","3","9","20","Missed Shot","Step Back Jump shot","3PT Field Goal","Above the Break 3","Center(C)","24+ ft.","25","-53","246","1","0","20260418","DEN","MIN"
"Shot Chart Detail","0042500161","372","203944","Julius Randle","1610612750","Minnesota Timberwolves","3","9","2","Missed Shot","Driving Floating Jump Shot","2PT Field Goal","Restricted Area","Center(C)","Less Than 8 ft.","3","-7","37","1","0","20260418","DEN","MIN"
"Shot Chart Detail","0042500161","375","1630183","Jaden McDaniels","1610612750","Minnesota Timberwolves","3","8","54","Missed Shot","Pullup Jump shot","3PT Field Goal","Above the Break 3","Center(C)","24+ ft.","27","66","268","1","0","20260418","DEN","MIN"
"Shot Chart Detail","0042500161","379","1630162","Anthony Edwards","1610612750","Minnesota Timberwolves","3","8","36","Missed Shot","Running Layup Shot","2PT Field Goal","Restricted Area","Center(C)","Less Than 8 ft.","3","-31","8","1","0","20260418","DEN","MIN"
"Shot Chart Detail","0042500161","381","203944","Julius Randle","1610612750","Minnesota Timberwolves","3","8","35","Made Shot","Tip Layup Shot","2PT Field Goal","Restricted Area","Center(C)","Less Than 8 ft.","0","0","0","1","1","20260418","DEN","MIN"
"Shot Chart Detail","0042500161","382","1627750","Jamal Murray","1610612743","Denver Nuggets","3","8","25","Missed Shot","Step Back Jump shot","2PT Field Goal","Mid-Range","Center(C)","16-24 ft.","19","36","190","1","0","20260418","DEN","MIN"
"Shot Chart Detail","0042500161","384","1628978","Donte DiVincenzo","1610612750","Minnesota Timberwolves","3","8","15","Made Shot","Running Pull-Up Jump Shot","3PT Field Goal","Above the Break 3","Right Side Center(RC)","24+ ft.","26","138","230","1","1","20260418","DEN","MIN"
"Shot Chart Detail","0042500161","385","203999","Nikola Jokić","1610612743","Denver Nuggets","3","7","53","Missed Shot","Jump Shot","3PT Field Goal","Above the Break 3","Center(C)","24+ ft.","26","13","263","1","0","20260418","DEN","MIN"
"Shot Chart Detail","0042500161","387","1630162","Anthony Edwards","1610612750","Minnesota Timberwolves","3","7","37","Missed Shot","Pullup Jump shot","2PT Field Goal","Mid-Range","Left Side Center(LC)","16-24 ft.","18","-107","155","1","0","20260418","DEN","MIN"
"Shot Chart Detail","0042500161","389","203932","Aaron Gordon","1610612743","Denver Nuggets","3","7","32","Made Shot","Running Dunk Shot","2PT Field Goal","Restricted Area","Center(C)","Less Than 8 ft.","0","4","6","1","1","20260418","DEN","MIN"
"Shot Chart Detail","0042500161","391","1628978","Donte DiVincenzo","1610612750","Minnesota Timberwolves","3","7","23","Missed Shot","Pullup Jump shot","3PT Field Goal","Above the Break 3","Right Side Center(RC)","24+ ft.","27","191","197","1","0","20260418","DEN","MIN"
"Shot Chart Detail","0042500161","393","203999","Nikola Jokić","1610612743","Denver Nuggets","3","7","7","Made Shot","Driving Floating Jump Shot","2PT Field Goal","In The Paint (Non-RA)","Center(C)","Less Than 8 ft.","5","6","54","1","1","20260418","DEN","MIN"
"Shot Chart Detail","0042500161","396","203944","Julius Randle","1610612750","Minnesota Timberwolves","3","6","57","Missed Shot","Driving Layup Shot","2PT Field Goal","In The Paint (Non-RA)","Center(C)","Less Than 8 ft.","5","-49","14","1","0","20260418","DEN","MIN"
"Shot Chart Detail","0042500161","398","203932","Aaron Gordon","1610612743","Denver Nuggets","3","6","48","Made Shot","Running Jump Shot","3PT Field Goal","Right Corner 3","Right Side(R)","24+ ft.","23","234","41","1","1","20260418","DEN","MIN"
"Shot Chart Detail","0042500161","408","1630183","Jaden McDaniels","1610612750","Minnesota Timberwolves","3","6","33","Missed Shot","Driving Floating Jump Shot","2PT Field Goal","In The Paint (Non-RA)","Center(C)","8-16 ft.","9","-10","96","1","0","20260418","DEN","MIN"
"Shot Chart Detail","0042500161","415","1628978","Donte DiVincenzo","1610612750","Minnesota Timberwolves","3","6","3","Missed Shot","Driving Floating Jump Shot","2PT Field Goal","In The Paint (Non-RA)","Center(C)","Less Than 8 ft.","7","-48","61","1","0","20260418","DEN","MIN"
"Shot Chart Detail","0042500161","417","203501","Tim Hardaway Jr.","1610612743","Denver Nuggets","3","5","41","Missed Shot","Jump Shot","3PT Field Goal","Left Corner 3","Left Side(L)","24+ ft.","23","-227","62","1","0","20260418","DEN","MIN"
"Shot Chart Detail","0042500161","423","1627750","Jamal Murray","1610612743","Denver Nuggets","3","5","34","Missed Shot","Jump Shot","3PT Field Goal","Above the Break 3","Center(C)","24+ ft.","26","75","258","1","0","20260418","DEN","MIN"
"Shot Chart Detail","0042500161","425","1630183","Jaden McDaniels","1610612750","Minnesota Timberwolves","3","5","15","Missed Shot","Turnaround Jump Shot","2PT Field Goal","In The Paint (Non-RA)","Center(C)","Less Than 8 ft.","5","1","53","1","0","20260418","DEN","MIN"
"Shot Chart Detail","0042500161","427","1631128","Christian Braun","1610612743","Denver Nuggets","3","5","7","Missed Shot","Driving Layup Shot","2PT Field Goal","Restricted Area","Center(C)","Less Than 8 ft.","3","5","33","1","0","20260418","DEN","MIN"
"Shot Chart Detail","0042500161","437","1627750","Jamal Murray","1610612743","Denver Nuggets","3","4","44","Made Shot","Driving Floating Bank Jump Shot","2PT Field Goal","Mid-Range","Right Side(R)","8-16 ft.","11","93","59","1","1","20260418","DEN","MIN"
"Shot Chart Detail","0042500161","444","1630183","Jaden McDaniels","1610612750","Minnesota Timberwolves","3","4","32","Missed Shot","Pullup Jump shot","3PT Field Goal","Above the Break 3","Right Side Center(RC)","24+ ft.","26","105","246","1","0","20260418","DEN","MIN"
"Shot Chart Detail","0042500161","446","1627750","Jamal Murray","1610612743","Denver Nuggets","3","4","16","Missed Shot","Driving Finger Roll Layup Shot","2PT Field Goal","In The Paint (Non-RA)","Center(C)","Less Than 8 ft.","6","32","58","1","0","20260418","DEN","MIN"
"Shot Chart Detail","0042500161","448","203932","Aaron Gordon","1610612743","Denver Nuggets","3","4","15","Made Shot","Tip Dunk Shot","2PT Field Goal","Restricted Area","Center(C)","Less Than 8 ft.","0","0","0","1","1","20260418","DEN","MIN"
"Shot Chart Detail","0042500161","449","1629675","Naz Reid","1610612750","Minnesota Timberwolves","3","4","8","Missed Shot","Pullup Jump shot","3PT Field Goal","Above the Break 3","Right Side Center(RC)","24+ ft.","26","146","224","1","0","20260418","DEN","MIN"
"Shot Chart Detail","0042500161","451","1630183","Jaden McDaniels","1610612750","Minnesota Timberwolves","3","3","58","Missed Shot","Layup Shot","2PT Field Goal","In The Paint (Non-RA)","Center(C)","Less Than 8 ft.","5","-45","26","1","0","20260418","DEN","MIN"
"Shot Chart Detail","0042500161","454","1630183","Jaden McDaniels","1610612750","Minnesota Timberwolves","3","3","56","Made Shot","Turnaround Jump Shot","2PT Field Goal","In The Paint (Non-RA)","Center(C)","Less Than 8 ft.","5","9","53","1","1","20260418","DEN","MIN"
"Shot Chart Detail","0042500161","461","1627750","Jamal Murray","1610612743","Denver Nuggets","3","3","35","Made Shot","Turnaround Fadeaway shot","2PT Field Goal","Mid-Range","Center(C)","16-24 ft.","17","36","169","1","1","20260418","DEN","MIN"
"Shot Chart Detail","0042500161","462","1630183","Jaden McDaniels","1610612750","Minnesota Timberwolves","3","3","15","Made Shot","Driving Layup Shot","2PT Field Goal","Restricted Area","Center(C)","Less Than 8 ft.","2","-18","22","1","1","20260418","DEN","MIN"
"Shot Chart Detail","0042500161","463","203932","Aaron Gordon","1610612743","Denver Nuggets","3","3","3","Missed Shot","Jump Shot","3PT Field Goal","Above the Break 3","Right Side Center(RC)","24+ ft.","26","159","218","1","0","20260418","DEN","MIN"
"Shot Chart Detail","0042500161","481","203999","Nikola Jokić","1610612743","Denver Nuggets","3","2","24","Missed Shot","Turnaround Jump Shot","2PT Field Goal","In The Paint (Non-RA)","Center(C)","8-16 ft.","14","-62","127","1","0","20260418","DEN","MIN"
"Shot Chart Detail","0042500161","489","203999","Nikola Jokić","1610612743","Denver Nuggets","3","1","58","Made Shot","Driving Layup Shot","2PT Field Goal","Restricted Area","Center(C)","Less Than 8 ft.","3","-26","18","1","1","20260418","DEN","MIN"
"Shot Chart Detail","0042500161","493","1629661","Cameron Johnson","1610612743","Denver Nuggets","3","1","43","Missed Shot","Running Layup Shot","2PT Field Goal","Restricted Area","Center(C)","Less Than 8 ft.","1","17","0","1","0","20260418","DEN","MIN"
"Shot Chart Detail","0042500161","496","203999","Nikola Jokić","1610612743","Denver Nuggets","3","1","38","Made Shot","Pullup Jump shot","2PT Field Goal","In The Paint (Non-RA)","Center(C)","8-16 ft.","13","-56","126","1","1","20260418","DEN","MIN"
"Shot Chart Detail","0042500161","497","1630162","Anthony Edwards","1610612750","Minnesota Timberwolves","3","1","16","Made Shot","Driving Layup Shot","2PT Field Goal","In The Paint (Non-RA)","Center(C)","Less Than 8 ft.","4","40","10","1","1","20260418","DEN","MIN"
"Shot Chart Detail","0042500161","498","1631128","Christian Braun","1610612743","Denver Nuggets","3","0","51","Missed Shot","Driving Layup Shot","2PT Field Goal","In The Paint (Non-RA)","Center(C)","Less Than 8 ft.","4","32","28","1","0","20260418","DEN","MIN"
"Shot Chart Detail","0042500161","500","201144","Mike Conley","1610612750","Minnesota Timberwolves","3","0","42","Made Shot","Jump Shot","3PT Field Goal","Left Corner 3","Left Side(L)","24+ ft.","23","-235","0","1","1","20260418","DEN","MIN"
"Shot Chart Detail","0042500161","504","1630245","Ayo Dosunmu","1610612750","Minnesota Timberwolves","3","0","26","Missed Shot","Running Jump Shot","3PT Field Goal","Above the Break 3","Right Side Center(RC)","24+ ft.","26","150","220","1","0","20260418","DEN","MIN"
"Shot Chart Detail","0042500161","512","203999","Nikola Jokić","1610612743","Denver Nuggets","3","0","3","Made Shot","Floating Jump shot","2PT Field Goal","In The Paint (Non-RA)","Center(C)","8-16 ft.","11","-6","110","1","1","20260418","DEN","MIN"
"Shot Chart Detail","0042500161","524","1630162","Anthony Edwards","1610612750","Minnesota Timberwolves","4","11","44","Missed Shot","Jump Shot","3PT Field Goal","Left Corner 3","Left Side(L)","24+ ft.","24","-229","73","1","0","20260418","DEN","MIN"
"Shot Chart Detail","0042500161","529","203944","Julius Randle","1610612750","Minnesota Timberwolves","4","11","31","Made Shot","Driving Layup Shot","2PT Field Goal","Restricted Area","Center(C)","Less Than 8 ft.","2","-21","5","1","1","20260418","DEN","MIN"
"Shot Chart Detail","0042500161","530","1629661","Cameron Johnson","1610612743","Denver Nuggets","4","11","18","Missed Shot","Driving Layup Shot","2PT Field Goal","In The Paint (Non-RA)","Center(C)","Less Than 8 ft.","4","23","33","1","0","20260418","DEN","MIN"
"Shot Chart Detail","0042500161","534","203497","Rudy Gobert","1610612750","Minnesota Timberwolves","4","10","58","Made Shot","Cutting Dunk Shot","2PT Field Goal","Restricted Area","Center(C)","Less Than 8 ft.","0","-1","-4","1","1","20260418","DEN","MIN"
"Shot Chart Detail","0042500161","536","1627750","Jamal Murray","1610612743","Denver Nuggets","4","10","40","Made Shot","Step Back Jump shot","2PT Field Goal","Mid-Range","Center(C)","8-16 ft.","15","-11","157","1","1","20260418","DEN","MIN"
"Shot Chart Detail","0042500161","537","1630245","Ayo Dosunmu","1610612750","Minnesota Timberwolves","4","10","28","Missed Shot","Pullup Jump shot","3PT Field Goal","Above the Break 3","Right Side Center(RC)","24+ ft.","26","208","171","1","0","20260418","DEN","MIN"
"Shot Chart Detail","0042500161","539","1629661","Cameron Johnson","1610612743","Denver Nuggets","4","10","14","Missed Shot","Jump Shot","3PT Field Goal","Right Corner 3","Right Side(R)","24+ ft.","24","240","1","1","0","20260418","DEN","MIN"
"Shot Chart Detail","0042500161","542","1629661","Cameron Johnson","1610612743","Denver Nuggets","4","10","10","Missed Shot","Jump Shot","3PT Field Goal","Above the Break 3","Left Side Center(LC)","24+ ft.","25","-214","131","1","0","20260418","DEN","MIN"
"Shot Chart Detail","0042500161","544","203944","Julius Randle","1610612750","Minnesota Timberwolves","4","9","58","Missed Shot","Driving Layup Shot","2PT Field Goal","In The Paint (Non-RA)","Center(C)","Less Than 8 ft.","5","1","52","1","0","20260418","DEN","MIN"
"Shot Chart Detail","0042500161","550","1631128","Christian Braun","1610612743","Denver Nuggets","4","9","39","Missed Shot","Pullup Jump shot","3PT Field Goal","Above the Break 3","Left Side Center(LC)","24+ ft.","26","-151","215","1","0","20260418","DEN","MIN"
"Shot Chart Detail","0042500161","552","1628978","Donte DiVincenzo","1610612750","Minnesota Timberwolves","4","9","29","Missed Shot","Jump Shot","3PT Field Goal","Above the Break 3","Left Side Center(LC)","24+ ft.","24","-205","140","1","0","20260418","DEN","MIN"
"Shot Chart Detail","0042500161","554","1627750","Jamal Murray","1610612743","Denver Nuggets","4","9","5","Missed Shot","Turnaround Jump Shot","2PT Field Goal","Mid-Range","Left Side(L)","16-24 ft.","18","-161","91","1","0","20260418","DEN","MIN"
"Shot Chart Detail","0042500161","556","1630245","Ayo Dosunmu","1610612750","Minnesota Timberwolves","4","8","58","Made Shot","Running Jump Shot","3PT Field Goal","Above the Break 3","Right Side Center(RC)","24+ ft.","25","221","127","1","1","20260418","DEN","MIN"
"Shot Chart Detail","0042500161","563","1627750","Jamal Murray","1610612743","Denver Nuggets","4","8","45","Missed Shot","Driving Layup Shot","2PT Field Goal","Restricted Area","Center(C)","Less Than 8 ft.","3","-27","21","1","0","20260418","DEN","MIN"
"Shot Chart Detail","0042500161","565","1630162","Anthony Edwards","1610612750","Minnesota Timberwolves","4","8","32","Made Shot","Pullup Jump shot","3PT Field Goal","Above the Break 3","Left Side Center(LC)","24+ ft.","25","-170","193","1","1","20260418","DEN","MIN"
"Shot Chart Detail","0042500161","566","203932","Aaron Gordon","1610612743","Denver Nuggets","4","8","15","Made Shot","Driving Layup Shot","2PT Field Goal","In The Paint (Non-RA)","Center(C)","Less Than 8 ft.","5","-31","41","1","1","20260418","DEN","MIN"
"Shot Chart Detail","0042500161","570","203497","Rudy Gobert","1610612750","Minnesota Timberwolves","4","7","46","Made Shot","Driving Layup Shot","2PT Field Goal","Restricted Area","Center(C)","Less Than 8 ft.","2","-26","3","1","1","20260418","DEN","MIN"
"Shot Chart Detail","0042500161","572","1631128","Christian Braun","1610612743","Denver Nuggets","4","7","30","Made Shot","Jump Shot","2PT Field Goal","Mid-Range","Left Side(L)","16-24 ft.","21","-212","14","1","1","20260418","DEN","MIN"
"Shot Chart Detail","0042500161","574","1628978","Donte DiVincenzo","1610612750","Minnesota Timberwolves","4","7","8","Missed Shot","Jump Shot","3PT Field Goal","Above the Break 3","Left Side Center(LC)","24+ ft.","25","-228","124","1","0","20260418","DEN","MIN"
"Shot Chart Detail","0042500161","576","203497","Rudy Gobert","1610612750","Minnesota Timberwolves","4","7","6","Made Shot","Putback Dunk Shot","2PT Field Goal","Restricted Area","Center(C)","Less Than 8 ft.","1","1","11","1","1","20260418","DEN","MIN"
"Shot Chart Detail","0042500161","577","203999","Nikola Jokić","1610612743","Denver Nuggets","4","6","42","Missed Shot","Jump Shot","3PT Field Goal","Above the Break 3","Right Side Center(RC)","24+ ft.","25","120","227","1","0","20260418","DEN","MIN"
"Shot Chart Detail","0042500161","579","1630245","Ayo Dosunmu","1610612750","Minnesota Timberwolves","4","6","23","Made Shot","Driving Layup Shot","2PT Field Goal","Restricted Area","Center(C)","Less Than 8 ft.","3","27","20","1","1","20260418","DEN","MIN"
"Shot Chart Detail","0042500161","581","203999","Nikola Jokić","1610612743","Denver Nuggets","4","6","9","Made Shot","Driving Floating Jump Shot","2PT Field Goal","In The Paint (Non-RA)","Center(C)","8-16 ft.","9","-43","86","1","1","20260418","DEN","MIN"
"Shot Chart Detail","0042500161","591","1627750","Jamal Murray","1610612743","Denver Nuggets","4","5","48","Missed Shot","Running Jump Shot","3PT Field Goal","Left Corner 3","Left Side(L)","24+ ft.","23","-232","59","1","0","20260418","DEN","MIN"
"Shot Chart Detail","0042500161","593","203999","Nikola Jokić","1610612743","Denver Nuggets","4","5","45","Made Shot","Tip Layup Shot","2PT Field Goal","Restricted Area","Center(C)","Less Than 8 ft.","0","0","0","1","1","20260418","DEN","MIN"
"Shot Chart Detail","0042500161","597","1630162","Anthony Edwards","1610612750","Minnesota Timberwolves","4","5","32","Missed Shot","Step Back Jump shot","2PT Field Goal","Mid-Range","Left Side(L)","16-24 ft.","19","-175","74","1","0","20260418","DEN","MIN"
"Shot Chart Detail","0042500161","599","203999","Nikola Jokić","1610612743","Denver Nuggets","4","5","15","Missed Shot","Jump Shot","3PT Field Goal","Right Corner 3","Right Side(R)","24+ ft.","23","227","39","1","0","20260418","DEN","MIN"
"Shot Chart Detail","0042500161","607","203944","Julius Randle","1610612750","Minnesota Timberwolves","4","4","55","Made Shot","Fadeaway Jump Shot","2PT Field Goal","In The Paint (Non-RA)","Center(C)","8-16 ft.","9","1","99","1","1","20260418","DEN","MIN"
"Shot Chart Detail","0042500161","608","1627750","Jamal Murray","1610612743","Denver Nuggets","4","4","25","Missed Shot","Pullup Jump shot","2PT Field Goal","Mid-Range","Left Side Center(LC)","16-24 ft.","22","-126","183","1","0","20260418","DEN","MIN"
"Shot Chart Detail","0042500161","612","1628971","Bruce Brown","1610612743","Denver Nuggets","4","4","10","Made Shot","Running Dunk Shot","2PT Field Goal","Restricted Area","Center(C)","Less Than 8 ft.","2","-11","21","1","1","20260418","DEN","MIN"
"Shot Chart Detail","0042500161","625","1627750","Jamal Murray","1610612743","Denver Nuggets","4","3","43","Missed Shot","Driving Finger Roll Layup Shot","2PT Field Goal","In The Paint (Non-RA)","Center(C)","8-16 ft.","10","47","96","1","0","20260418","DEN","MIN"
"Shot Chart Detail","0042500161","627","1630245","Ayo Dosunmu","1610612750","Minnesota Timberwolves","4","3","22","Missed Shot","Driving Floating Jump Shot","2PT Field Goal","In The Paint (Non-RA)","Center(C)","Less Than 8 ft.","4","-6","47","1","0","20260418","DEN","MIN"
"Shot Chart Detail","0042500161","629","1628971","Bruce Brown","1610612743","Denver Nuggets","4","3","14","Missed Shot","Running Jump Shot","3PT Field Goal","Right Corner 3","Right Side(R)","24+ ft.","23","235","26","1","0","20260418","DEN","MIN"
"Shot Chart Detail","0042500161","631","203944","Julius Randle","1610612750","Minnesota Timberwolves","4","3","5","Made Shot","Layup Shot","2PT Field Goal","In The Paint (Non-RA)","Center(C)","Less Than 8 ft.","4","-39","13","1","1","20260418","DEN","MIN"
"Shot Chart Detail","0042500161","632","203932","Aaron Gordon","1610612743","Denver Nuggets","4","2","40","Missed Shot","Jump Shot","3PT Field Goal","Above the Break 3","Right Side Center(RC)","24+ ft.","26","175","197","1","0","20260418","DEN","MIN"
"Shot Chart Detail","0042500161","636","1630162","Anthony Edwards","1610612750","Minnesota Timberwolves","4","2","25","Missed Shot","Pullup Jump shot","3PT Field Goal","Above the Break 3","Right Side Center(RC)","24+ ft.","30","188","243","1","0","20260418","DEN","MIN"
"Shot Chart Detail","0042500161","638","1627750","Jamal Murray","1610612743","Denver Nuggets","4","1","58","Missed Shot","Jump Shot","3PT Field Goal","Backcourt","Back Court(BC)","Back Court Shot","43","9","438","1","0","20260418","DEN","MIN"
"Shot Chart Detail","0042500161","640","203932","Aaron Gordon","1610612743","Denver Nuggets","4","1","50","Made Shot","Dunk Shot","2PT Field Goal","Restricted Area","Center(C)","Less Than 8 ft.","1","-7","15","1","1","20260418","DEN","MIN"
"Shot Chart Detail","0042500161","661","1630183","Jaden McDaniels","1610612750","Minnesota Timberwolves","4","1","16","Missed Shot","Jump Shot","3PT Field Goal","Right Corner 3","Right Side(R)","24+ ft.","22","229","11","1","0","20260418","DEN","MIN"
"Shot Chart Detail","0042500161","663","1629661","Cameron Johnson","1610612743","Denver Nuggets","4","0","53","Made Shot","Pullup Jump shot","2PT Field Goal","In The Paint (Non-RA)","Center(C)","8-16 ft.","12","55","110","1","1","20260418","DEN","MIN"
"Shot Chart Detail","0042500161","670","1630162","Anthony Edwards","1610612750","Minnesota Timberwolves","4","0","49","Missed Shot","Step Back Jump shot","3PT Field Goal","Above the Break 3","Left Side Center(LC)","24+ ft.","25","-222","117","1","0","20260418","DEN","MIN"
"Shot Chart Detail","0042500161","672","203999","Nikola Jokić","1610612743","Denver Nuggets","4","0","43","Made Shot","Running Finger Roll Layup Shot","2PT Field Goal","Restricted Area","Center(C)","Less Than 8 ft.","1","9","8","1","1","20260418","DEN","MIN"
"Shot Chart Detail","0042500161","674","1630162","Anthony Edwards","1610612750","Minnesota Timberwolves","4","0","38","Made Shot","Driving Finger Roll Layup Shot","2PT Field Goal","Restricted Area","Center(C)","Less Than 8 ft.","1","-5","15","1","1","20260418","DEN","MIN"
"Shot Chart Detail","0042500161","690","203944","Julius Randle","1610612750","Minnesota Timberwolves","4","0","30","Made Shot","Driving Dunk Shot","2PT Field Goal","Restricted Area","Center(C)","Less Than 8 ft.","1","-13","-7","1","1","20260418","DEN","MIN"
"Shot Chart Detail","0042500162","7","203944","Julius Randle","1610612750","Minnesota Timberwolves","1","11","47","Missed Shot","Step Back Jump shot","2PT Field Goal","Mid-Range","Right Side Center(RC)","16-24 ft.","19","123","148","1","0","20260420","DEN","MIN"
"Shot Chart Detail","0042500162","9","1627750","Jamal Murray","1610612743","Denver Nuggets","1","11","36","Made Shot","Jump Shot","3PT Field Goal","Above the Break 3","Center(C)","24+ ft.","25","-33","250","1","1","20260420","DEN","MIN"
"Shot Chart Detail","0042500162","11","1630162","Anthony Edwards","1610612750","Minnesota Timberwolves","1","11","22","Made Shot","Step Back Jump shot","3PT Field Goal","Above the Break 3","Center(C)","24+ ft.","24","2","249","1","1","20260420","DEN","MIN"
"Shot Chart Detail","0042500162","12","1629661","Cameron Johnson","1610612743","Denver Nuggets","1","11","8","Missed Shot","Jump Shot","3PT Field Goal","Above the Break 3","Center(C)","24+ ft.","25","67","248","1","0","20260420","DEN","MIN"
"Shot Chart Detail","0042500162","14","203944","Julius Randle","1610612750","Minnesota Timberwolves","1","10","50","Made Shot","Driving Finger Roll Layup Shot","2PT Field Goal","Restricted Area","Center(C)","Less Than 8 ft.","1","-16","8","1","1","20260420","DEN","MIN"
"Shot Chart Detail","0042500162","16","1631128","Christian Braun","1610612743","Denver Nuggets","1","10","34","Made Shot","Cutting Layup Shot","2PT Field Goal","Restricted Area","Center(C)","Less Than 8 ft.","3","26","21","1","1","20260420","DEN","MIN"
"Shot Chart Detail","0042500162","18","1628978","Donte DiVincenzo","1610612750","Minnesota Timberwolves","1","10","18","Missed Shot","Jump Shot","3PT Field Goal","Above the Break 3","Left Side Center(LC)","24+ ft.","26","-178","195","1","0","20260420","DEN","MIN"
"Shot Chart Detail","0042500162","20","1627750","Jamal Murray","1610612743","Denver Nuggets","1","10","4","Missed Shot","Driving Finger Roll Layup Shot","2PT Field Goal","Restricted Area","Center(C)","Less Than 8 ft.","1","-5","14","1","0","20260420","DEN","MIN"
"Shot Chart Detail","0042500162","22","1630162","Anthony Edwards","1610612750","Minnesota Timberwolves","1","9","55","Missed Shot","Step Back Jump shot","3PT Field Goal","Above the Break 3","Center(C)","24+ ft.","25","-17","256","1","0","20260420","DEN","MIN"
"Shot Chart Detail","0042500162","26","203944","Julius Randle","1610612750","Minnesota Timberwolves","1","9","41","Made Shot","Jump Shot","3PT Field Goal","Left Corner 3","Left Side(L)","24+ ft.","23","-229","62","1","1","20260420","DEN","MIN"
"Shot Chart Detail","0042500162","30","1630183","Jaden McDaniels","1610612750","Minnesota Timberwolves","1","8","53","Missed Shot","Pullup Jump shot","2PT Field Goal","Mid-Range","Right Side Center(RC)","16-24 ft.","16","116","120","1","0","20260420","DEN","MIN"
"Shot Chart Detail","0042500162","32","203932","Aaron Gordon","1610612743","Denver Nuggets","1","8","50","Made Shot","Running Dunk Shot","2PT Field Goal","Restricted Area","Center(C)","Less Than 8 ft.","2","-4","22","1","1","20260420","DEN","MIN"
"Shot Chart Detail","0042500162","34","203944","Julius Randle","1610612750","Minnesota Timberwolves","1","8","30","Made Shot","Jump Shot","3PT Field Goal","Above the Break 3","Right Side Center(RC)","24+ ft.","25","102","230","1","1","20260420","DEN","MIN"
"Shot Chart Detail","0042500162","43","203944","Julius Randle","1610612750","Minnesota Timberwolves","1","7","43","Missed Shot","Pullup Jump shot","2PT Field Goal","In The Paint (Non-RA)","Center(C)","8-16 ft.","10","-32","100","1","0","20260420","DEN","MIN"
"Shot Chart Detail","0042500162","45","1631128","Christian Braun","1610612743","Denver Nuggets","1","7","31","Made Shot","Jump Shot","3PT Field Goal","Left Corner 3","Left Side(L)","24+ ft.","22","-223","-6","1","1","20260420","DEN","MIN"
"Shot Chart Detail","0042500162","47","1630162","Anthony Edwards","1610612750","Minnesota Timberwolves","1","7","12","Missed Shot","Pullup Jump shot","3PT Field Goal","Above the Break 3","Left Side Center(LC)","24+ ft.","25","-179","188","1","0","20260420","DEN","MIN"
"Shot Chart Detail","0042500162","51","1629661","Cameron Johnson","1610612743","Denver Nuggets","1","6","55","Made Shot","Jump Shot","3PT Field Goal","Above the Break 3","Right Side Center(RC)","24+ ft.","26","203","172","1","1","20260420","DEN","MIN"
"Shot Chart Detail","0042500162","53","203497","Rudy Gobert","1610612750","Minnesota Timberwolves","1","6","37","Missed Shot","Floating Jump shot","2PT Field Goal","Mid-Range","Right Side(R)","8-16 ft.","10","104","20","1","0","20260420","DEN","MIN"
"Shot Chart Detail","0042500162","55","1631128","Christian Braun","1610612743","Denver Nuggets","1","6","32","Made Shot","Running Layup Shot","2PT Field Goal","Restricted Area","Center(C)","Less Than 8 ft.","2","23","13","1","1","20260420","DEN","MIN"
"Shot Chart Detail","0042500162","72","1627750","Jamal Murray","1610612743","Denver Nuggets","1","6","5","Missed Shot","Jump Shot","3PT Field Goal","Above the Break 3","Left Side Center(LC)","24+ ft.","25","-152","206","1","0","20260420","DEN","MIN"
"Shot Chart Detail","0042500162","74","1630183","Jaden McDaniels","1610612750","Minnesota Timberwolves","1","5","50","Missed Shot","Jump Shot","3PT Field Goal","Left Corner 3","Left Side(L)","24+ ft.","23","-235","23","1","0","20260420","DEN","MIN"
"Shot Chart Detail","0042500162","76","203501","Tim Hardaway Jr.","1610612743","Denver Nuggets","1","5","37","Made Shot","Turnaround Fadeaway shot","2PT Field Goal","Mid-Range","Right Side(R)","8-16 ft.","10","109","8","1","1","20260420","DEN","MIN"
"Shot Chart Detail","0042500162","80","1630245","Ayo Dosunmu","1610612750","Minnesota Timberwolves","1","5","20","Missed Shot","Driving Floating Jump Shot","2PT Field Goal","Mid-Range","Left Side(L)","8-16 ft.","12","-129","12","1","0","20260420","DEN","MIN"
"Shot Chart Detail","0042500162","82","203932","Aaron Gordon","1610612743","Denver Nuggets","1","5","4","Missed Shot","Step Back Jump shot","2PT Field Goal","In The Paint (Non-RA)","Center(C)","8-16 ft.","12","42","114","1","0","20260420","DEN","MIN"
"Shot Chart Detail","0042500162","84","1630162","Anthony Edwards","1610612750","Minnesota Timberwolves","1","4","53","Missed Shot","Pullup Jump shot","2PT Field Goal","Mid-Range","Center(C)","16-24 ft.","19","0","193","1","0","20260420","DEN","MIN"
"Shot Chart Detail","0042500162","90","1627750","Jamal Murray","1610612743","Denver Nuggets","1","4","32","Made Shot","Jump Shot","3PT Field Goal","Above the Break 3","Right Side Center(RC)","24+ ft.","24","184","161","1","1","20260420","DEN","MIN"
"Shot Chart Detail","0042500162","99","203944","Julius Randle","1610612750","Minnesota Timberwolves","1","4","20","Missed Shot","Driving Layup Shot","2PT Field Goal","Restricted Area","Center(C)","Less Than 8 ft.","2","-28","8","1","0","20260420","DEN","MIN"
"Shot Chart Detail","0042500162","105","1627750","Jamal Murray","1610612743","Denver Nuggets","1","3","57","Made Shot","Jump Shot","3PT Field Goal","Above the Break 3","Right Side Center(RC)","24+ ft.","26","103","242","1","1","20260420","DEN","MIN"
"Shot Chart Detail","0042500162","110","1630538","Bones Hyland","1610612750","Minnesota Timberwolves","1","3","42","Made Shot","Pullup Jump shot","3PT Field Goal","Left Corner 3","Left Side(L)","24+ ft.","24","-246","21","1","1","20260420","DEN","MIN"
"Shot Chart Detail","0042500162","112","203999","Nikola Jokić","1610612743","Denver Nuggets","1","3","22","Missed Shot","Jump Shot","3PT Field Goal","Above the Break 3","Center(C)","24+ ft.","25","-31","251","1","0","20260420","DEN","MIN"
"Shot Chart Detail","0042500162","117","1630162","Anthony Edwards","1610612750","Minnesota Timberwolves","1","3","11","Made Shot","Driving Finger Roll Layup Shot","2PT Field Goal","Restricted Area","Center(C)","Less Than 8 ft.","1","0","16","1","1","20260420","DEN","MIN"
"Shot Chart Detail","0042500162","119","203501","Tim Hardaway Jr.","1610612743","Denver Nuggets","1","2","53","Made Shot","Pullup Jump shot","3PT Field Goal","Above the Break 3","Center(C)","24+ ft.","25","75","245","1","1","20260420","DEN","MIN"
"Shot Chart Detail","0042500162","125","1629675","Naz Reid","1610612750","Minnesota Timberwolves","1","2","44","Missed Shot","Jump Shot","3PT Field Goal","Above the Break 3","Left Side Center(LC)","24+ ft.","25","-214","138","1","0","20260420","DEN","MIN"
"Shot Chart Detail","0042500162","127","203501","Tim Hardaway Jr.","1610612743","Denver Nuggets","1","2","22","Missed Shot","Pullup Jump shot","2PT Field Goal","Mid-Range","Center(C)","16-24 ft.","21","27","218","1","0","20260420","DEN","MIN"
"Shot Chart Detail","0042500162","129","1630162","Anthony Edwards","1610612750","Minnesota Timberwolves","1","2","13","Missed Shot","Step Back Jump shot","3PT Field Goal","Above the Break 3","Center(C)","24+ ft.","25","15","257","1","0","20260420","DEN","MIN"
"Shot Chart Detail","0042500162","141","1630245","Ayo Dosunmu","1610612750","Minnesota Timberwolves","1","1","40","Missed Shot","Jump Shot","3PT Field Goal","Above the Break 3","Left Side Center(LC)","24+ ft.","25","-212","138","1","0","20260420","DEN","MIN"
"Shot Chart Detail","0042500162","145","1630538","Bones Hyland","1610612750","Minnesota Timberwolves","1","1","30","Made Shot","Jump Shot","3PT Field Goal","Above the Break 3","Left Side Center(LC)","24+ ft.","26","-208","172","1","1","20260420","DEN","MIN"
"Shot Chart Detail","0042500162","147","203999","Nikola Jokić","1610612743","Denver Nuggets","1","1","14","Made Shot","Cutting Finger Roll Layup Shot","2PT Field Goal","In The Paint (Non-RA)","Center(C)","Less Than 8 ft.","6","43","45","1","1","20260420","DEN","MIN"
"Shot Chart Detail","0042500162","149","203944","Julius Randle","1610612750","Minnesota Timberwolves","1","1","4","Missed Shot","Driving Floating Jump Shot","2PT Field Goal","Restricted Area","Center(C)","Less Than 8 ft.","3","33","16","1","0","20260420","DEN","MIN"
"Shot Chart Detail","0042500162","152","203944","Julius Randle","1610612750","Minnesota Timberwolves","1","0","57","Missed Shot","Jump Shot","3PT Field Goal","Above the Break 3","Left Side Center(LC)","24+ ft.","25","-179","185","1","0","20260420","DEN","MIN"
"Shot Chart Detail","0042500162","177","203932","Aaron Gordon","1610612743","Denver Nuggets","1","0","6","Made Shot","Cutting Dunk Shot","2PT Field Goal","Restricted Area","Center(C)","Less Than 8 ft.","0","6","5","1","1","20260420","DEN","MIN"
"Shot Chart Detail","0042500162","179","1630183","Jaden McDaniels","1610612750","Minnesota Timberwolves","1","0","0","Made Shot","Reverse Layup Shot","2PT Field Goal","Restricted Area","Center(C)","Less Than 8 ft.","3","-28","12","1","1","20260420","DEN","MIN"
"Shot Chart Detail","0042500162","197","203501","Tim Hardaway Jr.","1610612743","Denver Nuggets","2","11","49","Made Shot","Jump Shot","3PT Field Goal","Above the Break 3","Right Side Center(RC)","24+ ft.","25","121","230","1","1","20260420","DEN","MIN"
"Shot Chart Detail","0042500162","199","1630162","Anthony Edwards","1610612750","Minnesota Timberwolves","2","11","32","Missed Shot","Pullup Jump shot","2PT Field Goal","Mid-Range","Left Side(L)","16-24 ft.","17","-156","83","1","0","20260420","DEN","MIN"
"Shot Chart Detail","0042500162","201","1627750","Jamal Murray","1610612743","Denver Nuggets","2","11","19","Made Shot","Driving Floating Jump Shot","2PT Field Goal","In The Paint (Non-RA)","Center(C)","Less Than 8 ft.","6","39","53","1","1","20260420","DEN","MIN"
"Shot Chart Detail","0042500162","202","1630162","Anthony Edwards","1610612750","Minnesota Timberwolves","2","11","3","Made Shot","Step Back Jump shot","3PT Field Goal","Left Corner 3","Left Side(L)","24+ ft.","23","-235","41","1","1","20260420","DEN","MIN"
"Shot Chart Detail","0042500162","204","1627750","Jamal Murray","1610612743","Denver Nuggets","2","10","42","Missed Shot","Pullup Jump shot","2PT Field Goal","Mid-Range","Left Side Center(LC)","16-24 ft.","19","-60","182","1","0","20260420","DEN","MIN"
"Shot Chart Detail","0042500162","210","1629661","Cameron Johnson","1610612743","Denver Nuggets","2","10","21","Missed Shot","Pullup Jump shot","3PT Field Goal","Above the Break 3","Center(C)","24+ ft.","24","1","246","1","0","20260420","DEN","MIN"
"Shot Chart Detail","0042500162","214","1627750","Jamal Murray","1610612743","Denver Nuggets","2","10","12","Missed Shot","Driving Finger Roll Layup Shot","2PT Field Goal","In The Paint (Non-RA)","Center(C)","Less Than 8 ft.","5","26","47","1","0","20260420","DEN","MIN"
"Shot Chart Detail","0042500162","216","1629661","Cameron Johnson","1610612743","Denver Nuggets","2","10","9","Missed Shot","Jump Shot","3PT Field Goal","Above the Break 3","Left Side Center(LC)","24+ ft.","24","-163","188","1","0","20260420","DEN","MIN"
"Shot Chart Detail","0042500162","218","1630162","Anthony Edwards","1610612750","Minnesota Timberwolves","2","9","52","Made Shot","Driving Finger Roll Layup Shot","2PT Field Goal","Restricted Area","Center(C)","Less Than 8 ft.","2","25","12","1","1","20260420","DEN","MIN"
"Shot Chart Detail","0042500162","220","203501","Tim Hardaway Jr.","1610612743","Denver Nuggets","2","9","27","Missed Shot","Pullup Jump shot","2PT Field Goal","Mid-Range","Center(C)","8-16 ft.","14","-22","148","1","0","20260420","DEN","MIN"
"Shot Chart Detail","0042500162","225","1629675","Naz Reid","1610612750","Minnesota Timberwolves","2","9","10","Made Shot","Driving Finger Roll Layup Shot","2PT Field Goal","Restricted Area","Center(C)","Less Than 8 ft.","2","-26","10","1","1","20260420","DEN","MIN"
"Shot Chart Detail","0042500162","250","203944","Julius Randle","1610612750","Minnesota Timberwolves","2","8","31","Made Shot","Layup Shot","2PT Field Goal","Restricted Area","Center(C)","Less Than 8 ft.","0","2","1","1","1","20260420","DEN","MIN"
"Shot Chart Detail","0042500162","257","1627750","Jamal Murray","1610612743","Denver Nuggets","2","8","12","Made Shot","Step Back Jump shot","2PT Field Goal","Mid-Range","Left Side Center(LC)","16-24 ft.","17","-97","150","1","1","20260420","DEN","MIN"
"Shot Chart Detail","0042500162","258","203944","Julius Randle","1610612750","Minnesota Timberwolves","2","7","55","Made Shot","Cutting Finger Roll Layup Shot","2PT Field Goal","Restricted Area","Center(C)","Less Than 8 ft.","2","-17","12","1","1","20260420","DEN","MIN"
"Shot Chart Detail","0042500162","260","1627750","Jamal Murray","1610612743","Denver Nuggets","2","7","42","Made Shot","Driving Floating Jump Shot","2PT Field Goal","Mid-Range","Right Side(R)","8-16 ft.","15","107","116","1","1","20260420","DEN","MIN"
"Shot Chart Detail","0042500162","261","1628978","Donte DiVincenzo","1610612750","Minnesota Timberwolves","2","7","24","Made Shot","Jump Shot","3PT Field Goal","Right Corner 3","Right Side(R)","24+ ft.","23","227","75","1","1","20260420","DEN","MIN"
"Shot Chart Detail","0042500162","263","1631128","Christian Braun","1610612743","Denver Nuggets","2","7","13","Missed Shot","Driving Finger Roll Layup Shot","2PT Field Goal","Restricted Area","Center(C)","Less Than 8 ft.","1","-12","6","1","0","20260420","DEN","MIN"
"Shot Chart Detail","0042500162","265","1630162","Anthony Edwards","1610612750","Minnesota Timberwolves","2","7","4","Missed Shot","Driving Finger Roll Layup Shot","2PT Field Goal","Restricted Area","Center(C)","Less Than 8 ft.","2","18","15","1","0","20260420","DEN","MIN"
"Shot Chart Detail","0042500162","267","1627750","Jamal Murray","1610612743","Denver Nuggets","2","7","0","Missed Shot","Running Pull-Up Jump Shot","3PT Field Goal","Above the Break 3","Right Side Center(RC)","24+ ft.","25","162","197","1","0","20260420","DEN","MIN"
"Shot Chart Detail","0042500162","269","1630183","Jaden McDaniels","1610612750","Minnesota Timberwolves","2","6","48","Made Shot","Driving Floating Jump Shot","2PT Field Goal","Restricted Area","Center(C)","Less Than 8 ft.","2","-21","4","1","1","20260420","DEN","MIN"
"Shot Chart Detail","0042500162","279","1627750","Jamal Murray","1610612743","Denver Nuggets","2","6","38","Missed Shot","Driving Layup Shot","2PT Field Goal","Restricted Area","Center(C)","Less Than 8 ft.","2","-11","21","1","0","20260420","DEN","MIN"
"Shot Chart Detail","0042500162","285","1630245","Ayo Dosunmu","1610612750","Minnesota Timberwolves","2","6","32","Made Shot","Pullup Jump shot","3PT Field Goal","Above the Break 3","Center(C)","24+ ft.","26","42","263","1","1","20260420","DEN","MIN"
"Shot Chart Detail","0042500162","286","203932","Aaron Gordon","1610612743","Denver Nuggets","2","6","16","Missed Shot","Jump Shot","3PT Field Goal","Above the Break 3","Left Side Center(LC)","24+ ft.","24","-78","235","1","0","20260420","DEN","MIN"
"Shot Chart Detail","0042500162","293","203932","Aaron Gordon","1610612743","Denver Nuggets","2","5","41","Missed Shot","Jump Shot","3PT Field Goal","Right Corner 3","Right Side(R)","24+ ft.","23","234","9","1","0","20260420","DEN","MIN"
"Shot Chart Detail","0042500162","295","1630162","Anthony Edwards","1610612750","Minnesota Timberwolves","2","5","27","Made Shot","Driving Layup Shot","2PT Field Goal","Restricted Area","Center(C)","Less Than 8 ft.","2","-9","20","1","1","20260420","DEN","MIN"
"Shot Chart Detail","0042500162","296","203999","Nikola Jokić","1610612743","Denver Nuggets","2","5","18","Made Shot","Floating Jump shot","2PT Field Goal","In The Paint (Non-RA)","Center(C)","Less Than 8 ft.","6","36","51","1","1","20260420","DEN","MIN"
"Shot Chart Detail","0042500162","299","1628978","Donte DiVincenzo","1610612750","Minnesota Timberwolves","2","5","2","Made Shot","Jump Shot","3PT Field Goal","Left Corner 3","Left Side(L)","24+ ft.","22","-223","26","1","1","20260420","DEN","MIN"
"Shot Chart Detail","0042500162","301","1627750","Jamal Murray","1610612743","Denver Nuggets","2","4","41","Made Shot","Jump Shot","3PT Field Goal","Above the Break 3","Right Side Center(RC)","24+ ft.","26","114","234","1","1","20260420","DEN","MIN"
"Shot Chart Detail","0042500162","303","1630162","Anthony Edwards","1610612750","Minnesota Timberwolves","2","4","22","Made Shot","Jump Shot","3PT Field Goal","Above the Break 3","Left Side Center(LC)","24+ ft.","25","-96","235","1","1","20260420","DEN","MIN"
"Shot Chart Detail","0042500162","314","1629661","Cameron Johnson","1610612743","Denver Nuggets","2","4","1","Made Shot","Driving Dunk Shot","2PT Field Goal","Restricted Area","Center(C)","Less Than 8 ft.","0","2","1","1","1","20260420","DEN","MIN"
"Shot Chart Detail","0042500162","320","203999","Nikola Jokić","1610612743","Denver Nuggets","2","3","34","Missed Shot","Driving Layup Shot","2PT Field Goal","Restricted Area","Center(C)","Less Than 8 ft.","3","-22","27","1","0","20260420","DEN","MIN"
"Shot Chart Detail","0042500162","322","1629675","Naz Reid","1610612750","Minnesota Timberwolves","2","3","20","Made Shot","Jump Shot","3PT Field Goal","Above the Break 3","Right Side Center(RC)","24+ ft.","26","118","235","1","1","20260420","DEN","MIN"
"Shot Chart Detail","0042500162","335","203944","Julius Randle","1610612750","Minnesota Timberwolves","2","2","45","Made Shot","Driving Layup Shot","2PT Field Goal","Restricted Area","Center(C)","Less Than 8 ft.","2","-23","8","1","1","20260420","DEN","MIN"
"Shot Chart Detail","0042500162","337","203501","Tim Hardaway Jr.","1610612743","Denver Nuggets","2","2","28","Missed Shot","Cutting Layup Shot","2PT Field Goal","Restricted Area","Center(C)","Less Than 8 ft.","2","11","17","1","0","20260420","DEN","MIN"
"Shot Chart Detail","0042500162","340","203999","Nikola Jokić","1610612743","Denver Nuggets","2","2","24","Missed Shot","Jump Shot","3PT Field Goal","Above the Break 3","Center(C)","24+ ft.","26","47","260","1","0","20260420","DEN","MIN"
"Shot Chart Detail","0042500162","342","1630245","Ayo Dosunmu","1610612750","Minnesota Timberwolves","2","2","18","Missed Shot","Running Layup Shot","2PT Field Goal","In The Paint (Non-RA)","Center(C)","Less Than 8 ft.","4","-31","38","1","0","20260420","DEN","MIN"
"Shot Chart Detail","0042500162","345","1630245","Ayo Dosunmu","1610612750","Minnesota Timberwolves","2","2","0","Made Shot","Driving Layup Shot","2PT Field Goal","Restricted Area","Center(C)","Less Than 8 ft.","1","-5","17","1","1","20260420","DEN","MIN"
"Shot Chart Detail","0042500162","347","203932","Aaron Gordon","1610612743","Denver Nuggets","2","1","47","Missed Shot","Pullup Jump shot","2PT Field Goal","Mid-Range","Center(C)","16-24 ft.","17","-21","174","1","0","20260420","DEN","MIN"
"Shot Chart Detail","0042500162","349","1630162","Anthony Edwards","1610612750","Minnesota Timberwolves","2","1","34","Missed Shot","Pullup Jump shot","3PT Field Goal","Above the Break 3","Center(C)","24+ ft.","25","40","256","1","0","20260420","DEN","MIN"
"Shot Chart Detail","0042500162","351","203999","Nikola Jokić","1610612743","Denver Nuggets","2","1","20","Made Shot","Cutting Layup Shot","2PT Field Goal","Restricted Area","Center(C)","Less Than 8 ft.","1","12","-7","1","1","20260420","DEN","MIN"
"Shot Chart Detail","0042500162","353","1629675","Naz Reid","1610612750","Minnesota Timberwolves","2","1","6","Missed Shot","Step Back Jump shot","3PT Field Goal","Above the Break 3","Left Side Center(LC)","24+ ft.","27","-223","153","1","0","20260420","DEN","MIN"
"Shot Chart Detail","0042500162","355","203501","Tim Hardaway Jr.","1610612743","Denver Nuggets","2","0","53","Made Shot","Jump Shot","3PT Field Goal","Above the Break 3","Left Side Center(LC)","24+ ft.","25","-143","211","1","1","20260420","DEN","MIN"
"Shot Chart Detail","0042500162","357","203944","Julius Randle","1610612750","Minnesota Timberwolves","2","0","32","Missed Shot","Pullup Jump shot","3PT Field Goal","Above the Break 3","Right Side Center(RC)","24+ ft.","25","105","232","1","0","20260420","DEN","MIN"
"Shot Chart Detail","0042500162","364","1631128","Christian Braun","1610612743","Denver Nuggets","2","0","18","Missed Shot","Jump Shot","3PT Field Goal","Right Corner 3","Right Side(R)","24+ ft.","22","228","27","1","0","20260420","DEN","MIN"
"Shot Chart Detail","0042500162","368","1627750","Jamal Murray","1610612743","Denver Nuggets","2","0","0","Made Shot","Driving Floating Jump Shot","3PT Field Goal","Backcourt","Back Court(BC)","Back Court Shot","51","40","509","1","1","20260420","DEN","MIN"
"Shot Chart Detail","0042500162","376","203999","Nikola Jokić","1610612743","Denver Nuggets","3","11","47","Missed Shot","Jump Shot","2PT Field Goal","Mid-Range","Left Side(L)","16-24 ft.","16","-167","16","1","0","20260420","DEN","MIN"
"Shot Chart Detail","0042500162","380","1627750","Jamal Murray","1610612743","Denver Nuggets","3","11","29","Missed Shot","Running Pull-Up Jump Shot","3PT Field Goal","Above the Break 3","Right Side Center(RC)","24+ ft.","25","88","236","1","0","20260420","DEN","MIN"
"Shot Chart Detail","0042500162","382","203944","Julius Randle","1610612750","Minnesota Timberwolves","3","11","19","Missed Shot","Driving Layup Shot","2PT Field Goal","Restricted Area","Center(C)","Less Than 8 ft.","3","-15","29","1","0","20260420","DEN","MIN"
"Shot Chart Detail","0042500162","384","1627750","Jamal Murray","1610612743","Denver Nuggets","3","11","12","Made Shot","Running Jump Shot","3PT Field Goal","Left Corner 3","Left Side(L)","24+ ft.","24","-233","65","1","1","20260420","DEN","MIN"
"Shot Chart Detail","0042500162","386","1630183","Jaden McDaniels","1610612750","Minnesota Timberwolves","3","10","49","Made Shot","Turnaround Fadeaway shot","2PT Field Goal","Mid-Range","Left Side(L)","8-16 ft.","11","-96","66","1","1","20260420","DEN","MIN"
"Shot Chart Detail","0042500162","391","1630162","Anthony Edwards","1610612750","Minnesota Timberwolves","3","10","23","Missed Shot","Cutting Finger Roll Layup Shot","2PT Field Goal","Restricted Area","Center(C)","Less Than 8 ft.","0","-7","3","1","0","20260420","DEN","MIN"
"Shot Chart Detail","0042500162","393","1627750","Jamal Murray","1610612743","Denver Nuggets","3","10","7","Missed Shot","Pullup Jump shot","3PT Field Goal","Above the Break 3","Right Side Center(RC)","24+ ft.","25","100","237","1","0","20260420","DEN","MIN"
"Shot Chart Detail","0042500162","395","1630183","Jaden McDaniels","1610612750","Minnesota Timberwolves","3","9","58","Made Shot","Running Finger Roll Layup Shot","2PT Field Goal","Restricted Area","Center(C)","Less Than 8 ft.","1","15","10","1","1","20260420","DEN","MIN"
"Shot Chart Detail","0042500162","397","1629661","Cameron Johnson","1610612743","Denver Nuggets","3","9","38","Missed Shot","Jump Shot","3PT Field Goal","Above the Break 3","Center(C)","24+ ft.","25","-38","257","1","0","20260420","DEN","MIN"
"Shot Chart Detail","0042500162","399","1630183","Jaden McDaniels","1610612750","Minnesota Timberwolves","3","9","30","Missed Shot","Running Layup Shot","2PT Field Goal","Restricted Area","Center(C)","Less Than 8 ft.","1","-13","-1","1","0","20260420","DEN","MIN"
"Shot Chart Detail","0042500162","404","1630183","Jaden McDaniels","1610612750","Minnesota Timberwolves","3","9","13","Made Shot","Pullup Jump shot","2PT Field Goal","Mid-Range","Left Side(L)","8-16 ft.","11","-110","8","1","1","20260420","DEN","MIN"
"Shot Chart Detail","0042500162","406","1629661","Cameron Johnson","1610612743","Denver Nuggets","3","8","46","Missed Shot","Jump Shot","3PT Field Goal","Right Corner 3","Right Side(R)","24+ ft.","22","223","31","1","0","20260420","DEN","MIN"
"Shot Chart Detail","0042500162","410","1628978","Donte DiVincenzo","1610612750","Minnesota Timberwolves","3","8","31","Missed Shot","Pullup Jump shot","3PT Field Goal","Above the Break 3","Left Side Center(LC)","24+ ft.","24","-99","227","1","0","20260420","DEN","MIN"
"Shot Chart Detail","0042500162","418","1627750","Jamal Murray","1610612743","Denver Nuggets","3","8","7","Missed Shot","Running Pull-Up Jump Shot","3PT Field Goal","Left Corner 3","Left Side(L)","24+ ft.","23","-229","34","1","0","20260420","DEN","MIN"
"Shot Chart Detail","0042500162","420","1630162","Anthony Edwards","1610612750","Minnesota Timberwolves","3","8","0","Missed Shot","Running Pull-Up Jump Shot","3PT Field Goal","Above the Break 3","Right Side Center(RC)","24+ ft.","27","113","251","1","0","20260420","DEN","MIN"
"Shot Chart Detail","0042500162","422","203497","Rudy Gobert","1610612750","Minnesota Timberwolves","3","7","56","Missed Shot","Putback Layup Shot","2PT Field Goal","Restricted Area","Center(C)","Less Than 8 ft.","1","-1","16","1","0","20260420","DEN","MIN"
"Shot Chart Detail","0042500162","424","1627750","Jamal Murray","1610612743","Denver Nuggets","3","7","52","Missed Shot","Running Jump Shot","3PT Field Goal","Above the Break 3","Left Side Center(LC)","24+ ft.","24","-164","181","1","0","20260420","DEN","MIN"
"Shot Chart Detail","0042500162","432","203932","Aaron Gordon","1610612743","Denver Nuggets","3","7","34","Missed Shot","Driving Floating Jump Shot","2PT Field Goal","In The Paint (Non-RA)","Center(C)","Less Than 8 ft.","7","-40","58","1","0","20260420","DEN","MIN"
"Shot Chart Detail","0042500162","444","203999","Nikola Jokić","1610612743","Denver Nuggets","3","7","4","Missed Shot","Jump Shot","3PT Field Goal","Above the Break 3","Left Side Center(LC)","24+ ft.","26","-148","215","1","0","20260420","DEN","MIN"
"Shot Chart Detail","0042500162","447","1630162","Anthony Edwards","1610612750","Minnesota Timberwolves","3","6","52","Missed Shot","Driving Layup Shot","2PT Field Goal","Restricted Area","Center(C)","Less Than 8 ft.","3","18","24","1","0","20260420","DEN","MIN"
"Shot Chart Detail","0042500162","449","1629661","Cameron Johnson","1610612743","Denver Nuggets","3","6","46","Made Shot","Running Layup Shot","2PT Field Goal","Restricted Area","Center(C)","Less Than 8 ft.","1","4","10","1","1","20260420","DEN","MIN"
"Shot Chart Detail","0042500162","451","1628978","Donte DiVincenzo","1610612750","Minnesota Timberwolves","3","6","37","Made Shot","Jump Shot","3PT Field Goal","Above the Break 3","Left Side Center(LC)","24+ ft.","28","-127","252","1","1","20260420","DEN","MIN"
"Shot Chart Detail","0042500162","455","1630162","Anthony Edwards","1610612750","Minnesota Timberwolves","3","6","21","Made Shot","Running Layup Shot","2PT Field Goal","Restricted Area","Center(C)","Less Than 8 ft.","3","20","30","1","1","20260420","DEN","MIN"
"Shot Chart Detail","0042500162","463","203999","Nikola Jokić","1610612743","Denver Nuggets","3","6","5","Made Shot","Driving Floating Jump Shot","2PT Field Goal","In The Paint (Non-RA)","Center(C)","Less Than 8 ft.","7","21","70","1","1","20260420","DEN","MIN"
"Shot Chart Detail","0042500162","464","1630183","Jaden McDaniels","1610612750","Minnesota Timberwolves","3","5","51","Missed Shot","Jump Shot","3PT Field Goal","Above the Break 3","Center(C)","24+ ft.","24","-21","248","1","0","20260420","DEN","MIN"
"Shot Chart Detail","0042500162","473","1630162","Anthony Edwards","1610612750","Minnesota Timberwolves","3","5","21","Made Shot","Driving Floating Bank Jump Shot","2PT Field Goal","Mid-Range","Left Side(L)","8-16 ft.","10","-99","46","1","1","20260420","DEN","MIN"
"Shot Chart Detail","0042500162","477","203999","Nikola Jokić","1610612743","Denver Nuggets","3","5","9","Made Shot","Jump Shot","3PT Field Goal","Above the Break 3","Left Side Center(LC)","24+ ft.","27","-175","207","1","1","20260420","DEN","MIN"
"Shot Chart Detail","0042500162","484","1627750","Jamal Murray","1610612743","Denver Nuggets","3","4","46","Made Shot","Running Reverse Layup Shot","2PT Field Goal","Restricted Area","Center(C)","Less Than 8 ft.","1","-13","15","1","1","20260420","DEN","MIN"
"Shot Chart Detail","0042500162","486","1630162","Anthony Edwards","1610612750","Minnesota Timberwolves","3","4","29","Missed Shot","Step Back Jump shot","3PT Field Goal","Above the Break 3","Left Side Center(LC)","24+ ft.","24","-191","157","1","0","20260420","DEN","MIN"
"Shot Chart Detail","0042500162","488","203501","Tim Hardaway Jr.","1610612743","Denver Nuggets","3","4","24","Missed Shot","Running Layup Shot","2PT Field Goal","Restricted Area","Center(C)","Less Than 8 ft.","1","-12","11","1","0","20260420","DEN","MIN"
"Shot Chart Detail","0042500162","492","203999","Nikola Jokić","1610612743","Denver Nuggets","3","4","13","Made Shot","Driving Layup Shot","2PT Field Goal","Restricted Area","Center(C)","Less Than 8 ft.","3","33","16","1","1","20260420","DEN","MIN"
"Shot Chart Detail","0042500162","497","1631128","Christian Braun","1610612743","Denver Nuggets","3","3","40","Missed Shot","Jump Shot","3PT Field Goal","Above the Break 3","Left Side Center(LC)","24+ ft.","25","-180","184","1","0","20260420","DEN","MIN"
"Shot Chart Detail","0042500162","499","1630162","Anthony Edwards","1610612750","Minnesota Timberwolves","3","3","29","Missed Shot","Running Layup Shot","2PT Field Goal","Restricted Area","Center(C)","Less Than 8 ft.","0","-7","5","1","0","20260420","DEN","MIN"
"Shot Chart Detail","0042500162","501","1631128","Christian Braun","1610612743","Denver Nuggets","3","3","19","Missed Shot","Cutting Layup Shot","2PT Field Goal","Restricted Area","Center(C)","Less Than 8 ft.","2","-23","18","1","0","20260420","DEN","MIN"
"Shot Chart Detail","0042500162","503","1630183","Jaden McDaniels","1610612750","Minnesota Timberwolves","3","3","13","Missed Shot","Running Layup Shot","2PT Field Goal","Restricted Area","Center(C)","Less Than 8 ft.","1","5","14","1","0","20260420","DEN","MIN"
"Shot Chart Detail","0042500162","505","1630162","Anthony Edwards","1610612750","Minnesota Timberwolves","3","3","10","Made Shot","Tip Layup Shot","2PT Field Goal","Restricted Area","Center(C)","Less Than 8 ft.","0","2","6","1","1","20260420","DEN","MIN"
"Shot Chart Detail","0042500162","506","203999","Nikola Jokić","1610612743","Denver Nuggets","3","2","44","Made Shot","Driving Hook Shot","2PT Field Goal","In The Paint (Non-RA)","Center(C)","Less Than 8 ft.","5","-28","48","1","1","20260420","DEN","MIN"
"Shot Chart Detail","0042500162","524","1630538","Bones Hyland","1610612750","Minnesota Timberwolves","3","2","30","Made Shot","Step Back Jump shot","3PT Field Goal","Above the Break 3","Left Side Center(LC)","24+ ft.","25","-172","183","1","1","20260420","DEN","MIN"
"Shot Chart Detail","0042500162","531","203501","Tim Hardaway Jr.","1610612743","Denver Nuggets","3","2","9","Missed Shot","Jump Shot","2PT Field Goal","In The Paint (Non-RA)","Center(C)","Less Than 8 ft.","7","-12","78","1","0","20260420","DEN","MIN"
"Shot Chart Detail","0042500162","534","1629675","Naz Reid","1610612750","Minnesota Timberwolves","3","1","49","Missed Shot","Driving Hook Shot","2PT Field Goal","In The Paint (Non-RA)","Center(C)","8-16 ft.","10","16","104","1","0","20260420","DEN","MIN"
"Shot Chart Detail","0042500162","536","1630245","Ayo Dosunmu","1610612750","Minnesota Timberwolves","3","1","48","Made Shot","Tip Layup Shot","2PT Field Goal","Restricted Area","Center(C)","Less Than 8 ft.","0","0","0","1","1","20260420","DEN","MIN"
"Shot Chart Detail","0042500162","543","203937","Kyle Anderson","1610612750","Minnesota Timberwolves","3","1","27","Missed Shot","Floating Jump shot","2PT Field Goal","In The Paint (Non-RA)","Center(C)","Less Than 8 ft.","5","12","55","1","0","20260420","DEN","MIN"
"Shot Chart Detail","0042500162","557","1629661","Cameron Johnson","1610612743","Denver Nuggets","3","0","46","Made Shot","Driving Finger Roll Layup Shot","2PT Field Goal","Restricted Area","Center(C)","Less Than 8 ft.","1","-18","7","1","1","20260420","DEN","MIN"
"Shot Chart Detail","0042500162","567","1630538","Bones Hyland","1610612750","Minnesota Timberwolves","3","0","25","Missed Shot","Jump Shot","3PT Field Goal","Above the Break 3","Center(C)","24+ ft.","27","-5","276","1","0","20260420","DEN","MIN"
"Shot Chart Detail","0042500162","571","1630538","Bones Hyland","1610612750","Minnesota Timberwolves","3","0","3","Made Shot","Running Layup Shot","2PT Field Goal","Restricted Area","Center(C)","Less Than 8 ft.","1","10","-8","1","1","20260420","DEN","MIN"
"Shot Chart Detail","0042500162","573","203999","Nikola Jokić","1610612743","Denver Nuggets","3","0","0","Missed Shot","Jump Shot","3PT Field Goal","Above the Break 3","Right Side Center(RC)","24+ ft.","25","161","196","1","0","20260420","DEN","MIN"
"Shot Chart Detail","0042500162","585","1630245","Ayo Dosunmu","1610612750","Minnesota Timberwolves","4","11","50","Made Shot","Driving Finger Roll Layup Shot","2PT Field Goal","Restricted Area","Center(C)","Less Than 8 ft.","1","18","5","1","1","20260420","DEN","MIN"
"Shot Chart Detail","0042500162","588","1628971","Bruce Brown","1610612743","Denver Nuggets","4","11","23","Made Shot","Jump Shot","3PT Field Goal","Above the Break 3","Center(C)","24+ ft.","26","43","257","1","1","20260420","DEN","MIN"
"Shot Chart Detail","0042500162","590","1629675","Naz Reid","1610612750","Minnesota Timberwolves","4","11","8","Made Shot","Driving Floating Jump Shot","2PT Field Goal","In The Paint (Non-RA)","Center(C)","8-16 ft.","8","40","75","1","1","20260420","DEN","MIN"
"Shot Chart Detail","0042500162","596","1628971","Bruce Brown","1610612743","Denver Nuggets","4","10","51","Made Shot","Jump Shot","3PT Field Goal","Above the Break 3","Center(C)","24+ ft.","26","-34","259","1","1","20260420","DEN","MIN"
"Shot Chart Detail","0042500162","598","1629675","Naz Reid","1610612750","Minnesota Timberwolves","4","10","39","Made Shot","Driving Dunk Shot","2PT Field Goal","Restricted Area","Center(C)","Less Than 8 ft.","1","9","14","1","1","20260420","DEN","MIN"
"Shot Chart Detail","0042500162","600","203932","Aaron Gordon","1610612743","Denver Nuggets","4","10","16","Missed Shot","Jump Shot","3PT Field Goal","Above the Break 3","Left Side Center(LC)","24+ ft.","24","-205","141","1","0","20260420","DEN","MIN"
"Shot Chart Detail","0042500162","602","1629675","Naz Reid","1610612750","Minnesota Timberwolves","4","10","8","Missed Shot","Running Pull-Up Jump Shot","2PT Field Goal","Restricted Area","Center(C)","Less Than 8 ft.","2","15","22","1","0","20260420","DEN","MIN"
"Shot Chart Detail","0042500162","608","1627750","Jamal Murray","1610612743","Denver Nuggets","4","9","54","Made Shot","Driving Floating Jump Shot","2PT Field Goal","In The Paint (Non-RA)","Center(C)","8-16 ft.","10","-39","97","1","1","20260420","DEN","MIN"
"Shot Chart Detail","0042500162","611","1630183","Jaden McDaniels","1610612750","Minnesota Timberwolves","4","9","26","Missed Shot","Turnaround Jump Shot","2PT Field Goal","In The Paint (Non-RA)","Left Side(L)","8-16 ft.","8","-69","52","1","0","20260420","DEN","MIN"
"Shot Chart Detail","0042500162","614","1630183","Jaden McDaniels","1610612750","Minnesota Timberwolves","4","9","13","Made Shot","Driving Layup Shot","2PT Field Goal","Restricted Area","Center(C)","Less Than 8 ft.","3","15","36","1","1","20260420","DEN","MIN"
"Shot Chart Detail","0042500162","625","1629661","Cameron Johnson","1610612743","Denver Nuggets","4","8","49","Made Shot","Cutting Layup Shot","2PT Field Goal","Restricted Area","Center(C)","Less Than 8 ft.","1","-18","4","1","1","20260420","DEN","MIN"
"Shot Chart Detail","0042500162","627","1629675","Naz Reid","1610612750","Minnesota Timberwolves","4","8","30","Missed Shot","Driving Floating Jump Shot","2PT Field Goal","In The Paint (Non-RA)","Center(C)","Less Than 8 ft.","5","1","59","1","0","20260420","DEN","MIN"
"Shot Chart Detail","0042500162","629","1631128","Christian Braun","1610612743","Denver Nuggets","4","8","20","Made Shot","Cutting Layup Shot","2PT Field Goal","Restricted Area","Center(C)","Less Than 8 ft.","1","-5","16","1","1","20260420","DEN","MIN"
"Shot Chart Detail","0042500162","631","1630245","Ayo Dosunmu","1610612750","Minnesota Timberwolves","4","8","12","Missed Shot","Driving Layup Shot","2PT Field Goal","Restricted Area","Center(C)","Less Than 8 ft.","3","32","14","1","0","20260420","DEN","MIN"
"Shot Chart Detail","0042500162","638","1630162","Anthony Edwards","1610612750","Minnesota Timberwolves","4","7","43","Missed Shot","Pullup Jump shot","3PT Field Goal","Above the Break 3","Left Side Center(LC)","24+ ft.","25","-80","246","1","0","20260420","DEN","MIN"
"Shot Chart Detail","0042500162","644","1628971","Bruce Brown","1610612743","Denver Nuggets","4","7","26","Missed Shot","Jump Shot","3PT Field Goal","Above the Break 3","Left Side Center(LC)","24+ ft.","24","-163","186","1","0","20260420","DEN","MIN"
"Shot Chart Detail","0042500162","648","1628978","Donte DiVincenzo","1610612750","Minnesota Timberwolves","4","7","9","Missed Shot","Jump Shot","3PT Field Goal","Left Corner 3","Left Side(L)","24+ ft.","22","-228","5","1","0","20260420","DEN","MIN"
"Shot Chart Detail","0042500162","650","203999","Nikola Jokić","1610612743","Denver Nuggets","4","6","50","Missed Shot","Cutting Finger Roll Layup Shot","2PT Field Goal","In The Paint (Non-RA)","Center(C)","Less Than 8 ft.","5","-55","13","1","0","20260420","DEN","MIN"
"Shot Chart Detail","0042500162","652","1630162","Anthony Edwards","1610612750","Minnesota Timberwolves","4","6","40","Made Shot","Driving Layup Shot","2PT Field Goal","Restricted Area","Center(C)","Less Than 8 ft.","2","9","24","1","1","20260420","DEN","MIN"
"Shot Chart Detail","0042500162","654","1628971","Bruce Brown","1610612743","Denver Nuggets","4","6","17","Missed Shot","Jump Shot","3PT Field Goal","Right Corner 3","Right Side(R)","24+ ft.","23","228","43","1","0","20260420","DEN","MIN"
"Shot Chart Detail","0042500162","664","1631128","Christian Braun","1610612743","Denver Nuggets","4","5","57","Made Shot","Driving Dunk Shot","2PT Field Goal","Restricted Area","Center(C)","Less Than 8 ft.","1","-12","12","1","1","20260420","DEN","MIN"
"Shot Chart Detail","0042500162","669","203497","Rudy Gobert","1610612750","Minnesota Timberwolves","4","5","39","Missed Shot","Floating Jump shot","2PT Field Goal","In The Paint (Non-RA)","Center(C)","Less Than 8 ft.","5","43","30","1","0","20260420","DEN","MIN"
"Shot Chart Detail","0042500162","672","203944","Julius Randle","1610612750","Minnesota Timberwolves","4","5","32","Made Shot","Driving Layup Shot","2PT Field Goal","Restricted Area","Center(C)","Less Than 8 ft.","1","-6","14","1","1","20260420","DEN","MIN"
"Shot Chart Detail","0042500162","673","203999","Nikola Jokić","1610612743","Denver Nuggets","4","5","18","Missed Shot","Jump Shot","3PT Field Goal","Above the Break 3","Right Side Center(RC)","24+ ft.","26","87","247","1","0","20260420","DEN","MIN"
"Shot Chart Detail","0042500162","675","1630183","Jaden McDaniels","1610612750","Minnesota Timberwolves","4","5","6","Missed Shot","Jump Shot","3PT Field Goal","Right Corner 3","Right Side(R)","24+ ft.","23","237","30","1","0","20260420","DEN","MIN"
"Shot Chart Detail","0042500162","677","203999","Nikola Jokić","1610612743","Denver Nuggets","4","4","40","Missed Shot","Driving Layup Shot","2PT Field Goal","Restricted Area","Center(C)","Less Than 8 ft.","3","-37","15","1","0","20260420","DEN","MIN"
"Shot Chart Detail","0042500162","679","1630183","Jaden McDaniels","1610612750","Minnesota Timberwolves","4","4","34","Made Shot","Running Dunk Shot","2PT Field Goal","Restricted Area","Center(C)","Less Than 8 ft.","1","10","-13","1","1","20260420","DEN","MIN"
"Shot Chart Detail","0042500162","681","203999","Nikola Jokić","1610612743","Denver Nuggets","4","4","11","Missed Shot","Driving Hook Shot","2PT Field Goal","In The Paint (Non-RA)","Center(C)","8-16 ft.","8","-15","79","1","0","20260420","DEN","MIN"
"Shot Chart Detail","0042500162","683","1628978","Donte DiVincenzo","1610612750","Minnesota Timberwolves","4","4","6","Made Shot","Running Layup Shot","2PT Field Goal","Restricted Area","Center(C)","Less Than 8 ft.","0","6","3","1","1","20260420","DEN","MIN"
"Shot Chart Detail","0042500162","685","1627750","Jamal Murray","1610612743","Denver Nuggets","4","3","53","Missed Shot","Pullup Jump shot","3PT Field Goal","Above the Break 3","Left Side Center(LC)","24+ ft.","24","-174","179","1","0","20260420","DEN","MIN"
"Shot Chart Detail","0042500162","687","1630162","Anthony Edwards","1610612750","Minnesota Timberwolves","4","3","42","Missed Shot","Pullup Jump shot","3PT Field Goal","Above the Break 3","Right Side Center(RC)","24+ ft.","26","137","225","1","0","20260420","DEN","MIN"
"Shot Chart Detail","0042500162","698","203999","Nikola Jokić","1610612743","Denver Nuggets","4","3","2","Missed Shot","Driving Bank Hook Shot","2PT Field Goal","In The Paint (Non-RA)","Center(C)","Less Than 8 ft.","7","54","49","1","0","20260420","DEN","MIN"
"Shot Chart Detail","0042500162","703","203999","Nikola Jokić","1610612743","Denver Nuggets","4","2","36","Missed Shot","Jump Shot","3PT Field Goal","Above the Break 3","Center(C)","24+ ft.","27","-33","269","1","0","20260420","DEN","MIN"
"Shot Chart Detail","0042500162","705","1627750","Jamal Murray","1610612743","Denver Nuggets","4","2","23","Missed Shot","Fadeaway Jump Shot","3PT Field Goal","Above the Break 3","Left Side Center(LC)","24+ ft.","26","-197","183","1","0","20260420","DEN","MIN"
"Shot Chart Detail","0042500162","707","1630162","Anthony Edwards","1610612750","Minnesota Timberwolves","4","2","10","Missed Shot","Fadeaway Jump Shot","2PT Field Goal","Mid-Range","Right Side(R)","8-16 ft.","12","116","52","1","0","20260420","DEN","MIN"
"Shot Chart Detail","0042500162","709","203497","Rudy Gobert","1610612750","Minnesota Timberwolves","4","2","6","Made Shot","Putback Dunk Shot","2PT Field Goal","Restricted Area","Center(C)","Less Than 8 ft.","1","11","4","1","1","20260420","DEN","MIN"
"Shot Chart Detail","0042500162","710","1627750","Jamal Murray","1610612743","Denver Nuggets","4","1","51","Missed Shot","Driving Floating Jump Shot","2PT Field Goal","In The Paint (Non-RA)","Left Side(L)","8-16 ft.","9","-58","74","1","0","20260420","DEN","MIN"
"Shot Chart Detail","0042500162","712","1630183","Jaden McDaniels","1610612750","Minnesota Timberwolves","4","1","27","Missed Shot","Fadeaway Jump Shot","2PT Field Goal","Mid-Range","Right Side Center(RC)","16-24 ft.","16","78","142","1","0","20260420","DEN","MIN"
"Shot Chart Detail","0042500162","714","203932","Aaron Gordon","1610612743","Denver Nuggets","4","1","18","Made Shot","Running Jump Shot","3PT Field Goal","Above the Break 3","Right Side Center(RC)","24+ ft.","25","178","176","1","1","20260420","DEN","MIN"
"Shot Chart Detail","0042500162","717","1628978","Donte DiVincenzo","1610612750","Minnesota Timberwolves","4","1","5","Made Shot","Jump Shot","3PT Field Goal","Above the Break 3","Right Side Center(RC)","24+ ft.","27","152","235","1","1","20260420","DEN","MIN"
"Shot Chart Detail","0042500162","719","203999","Nikola Jokić","1610612743","Denver Nuggets","4","0","49","Made Shot","Driving Dunk Shot","2PT Field Goal","Restricted Area","Center(C)","Less Than 8 ft.","0","0","2","1","1","20260420","DEN","MIN"
"Shot Chart Detail","0042500162","740","1627750","Jamal Murray","1610612743","Denver Nuggets","4","0","11","Missed Shot","Pullup Jump shot","2PT Field Goal","Mid-Range","Left Side Center(LC)","16-24 ft.","20","-157","133","1","0","20260420","DEN","MIN"
"Shot Chart Detail","0042500162","742","1628978","Donte DiVincenzo","1610612750","Minnesota Timberwolves","4","0","3","Made Shot","Running Dunk Shot","2PT Field Goal","Restricted Area","Center(C)","Less Than 8 ft.","1","11","1","1","1","20260420","DEN","MIN"
"Shot Chart Detail","0042500171","13","1629028","Deandre Ayton","1610612747","Los Angeles Lakers","1","11","20","Made Shot","Turnaround Hook Shot","2PT Field Goal","In The Paint (Non-RA)","Center(C)","Less Than 8 ft.","4","-15","43","1","1","20260418","LAL","HOU"
"Shot Chart Detail","0042500171","15","1641708","Amen Thompson","1610612745","Houston Rockets","1","10","59","Made Shot","Driving Layup Shot","2PT Field Goal","Restricted Area","Center(C)","Less Than 8 ft.","0","0","0","1","1","20260418","LAL","HOU"
"Shot Chart Detail","0042500171","17","1628379","Luke Kennard","1610612747","Los Angeles Lakers","1","10","39","Made Shot","Jump Shot","2PT Field Goal","Mid-Range","Left Side Center(LC)","16-24 ft.","20","-152","144","1","1","20260418","LAL","HOU"
"Shot Chart Detail","0042500171","19","1641708","Amen Thompson","1610612745","Houston Rockets","1","10","27","Missed Shot","Driving Floating Jump Shot","2PT Field Goal","In The Paint (Non-RA)","Center(C)","Less Than 8 ft.","5","-44","25","1","0","20260418","LAL","HOU"
"Shot Chart Detail","0042500171","21","1629060","Rui Hachimura","1610612747","Los Angeles Lakers","1","10","6","Made Shot","Pullup Jump shot","2PT Field Goal","Mid-Range","Right Side Center(RC)","16-24 ft.","18","98","158","1","1","20260418","LAL","HOU"
"Shot Chart Detail","0042500171","23","1642263","Reed Sheppard","1610612745","Houston Rockets","1","9","53","Missed Shot","Step Back Jump shot","3PT Field Goal","Above the Break 3","Center(C)","24+ ft.","26","60","256","1","0","20260418","LAL","HOU"
"Shot Chart Detail","0042500171","28","1631095","Jabari Smith Jr.","1610612745","Houston Rockets","1","9","38","Missed Shot","Step Back Jump shot","3PT Field Goal","Above the Break 3","Right Side Center(RC)","24+ ft.","27","181","213","1","0","20260418","LAL","HOU"
"Shot Chart Detail","0042500171","31","2544","LeBron James","1610612747","Los Angeles Lakers","1","9","24","Made Shot","Step Back Jump shot","2PT Field Goal","Mid-Range","Left Side Center(LC)","16-24 ft.","21","-97","196","1","1","20260418","LAL","HOU"
"Shot Chart Detail","0042500171","33","203935","Marcus Smart","1610612747","Los Angeles Lakers","1","8","55","Missed Shot","Jump Shot","3PT Field Goal","Above the Break 3","Left Side Center(LC)","24+ ft.","27","-142","232","1","0","20260418","LAL","HOU"
"Shot Chart Detail","0042500171","36","1630578","Alperen Sengun","1610612745","Houston Rockets","1","8","37","Missed Shot","Turnaround Hook Shot","2PT Field Goal","In The Paint (Non-RA)","Right Side(R)","8-16 ft.","9","55","74","1","0","20260418","LAL","HOU"
"Shot Chart Detail","0042500171","38","203935","Marcus Smart","1610612747","Los Angeles Lakers","1","8","31","Made Shot","Running Layup Shot","2PT Field Goal","Mid-Range","Left Side(L)","8-16 ft.","8","-82","13","1","1","20260418","LAL","HOU"
"Shot Chart Detail","0042500171","40","1631095","Jabari Smith Jr.","1610612745","Houston Rockets","1","8","19","Made Shot","Jump Shot","3PT Field Goal","Right Corner 3","Right Side(R)","24+ ft.","24","235","69","1","1","20260418","LAL","HOU"
"Shot Chart Detail","0042500171","42","2544","LeBron James","1610612747","Los Angeles Lakers","1","8","4","Made Shot","Fadeaway Jump Shot","2PT Field Goal","Mid-Range","Right Side(R)","8-16 ft.","13","129","17","1","1","20260418","LAL","HOU"
"Shot Chart Detail","0042500171","45","1641708","Amen Thompson","1610612745","Houston Rockets","1","7","57","Missed Shot","Driving Layup Shot","2PT Field Goal","Restricted Area","Center(C)","Less Than 8 ft.","2","-7","24","1","0","20260418","LAL","HOU"
"Shot Chart Detail","0042500171","51","1629028","Deandre Ayton","1610612747","Los Angeles Lakers","1","7","45","Made Shot","Jump Shot","2PT Field Goal","In The Paint (Non-RA)","Center(C)","8-16 ft.","13","-15","134","1","1","20260418","LAL","HOU"
"Shot Chart Detail","0042500171","53","1630578","Alperen Sengun","1610612745","Houston Rockets","1","7","24","Made Shot","Turnaround Fadeaway shot","2PT Field Goal","In The Paint (Non-RA)","Center(C)","8-16 ft.","13","38","129","1","1","20260418","LAL","HOU"
"Shot Chart Detail","0042500171","54","1629060","Rui Hachimura","1610612747","Los Angeles Lakers","1","7","9","Made Shot","Jump Shot","3PT Field Goal","Left Corner 3","Left Side(L)","24+ ft.","25","-245","78","1","1","20260418","LAL","HOU"
"Shot Chart Detail","0042500171","56","1629006","Josh Okogie","1610612745","Houston Rockets","1","6","50","Made Shot","Jump Shot","3PT Field Goal","Above the Break 3","Left Side Center(LC)","24+ ft.","27","-167","214","1","1","20260418","LAL","HOU"
"Shot Chart Detail","0042500171","58","203935","Marcus Smart","1610612747","Los Angeles Lakers","1","6","29","Missed Shot","Pullup Jump shot","3PT Field Goal","Above the Break 3","Center(C)","24+ ft.","25","-42","251","1","0","20260418","LAL","HOU"
"Shot Chart Detail","0042500171","60","1630578","Alperen Sengun","1610612745","Houston Rockets","1","6","18","Made Shot","Driving Layup Shot","2PT Field Goal","Restricted Area","Center(C)","Less Than 8 ft.","0","6","1","1","1","20260418","LAL","HOU"
"Shot Chart Detail","0042500171","67","1628379","Luke Kennard","1610612747","Los Angeles Lakers","1","5","58","Made Shot","Driving Bank Hook Shot","2PT Field Goal","In The Paint (Non-RA)","Center(C)","Less Than 8 ft.","4","11","41","1","1","20260418","LAL","HOU"
"Shot Chart Detail","0042500171","69","1642263","Reed Sheppard","1610612745","Houston Rockets","1","5","42","Made Shot","Pullup Jump shot","2PT Field Goal","Mid-Range","Right Side(R)","8-16 ft.","11","86","83","1","1","20260418","LAL","HOU"
"Shot Chart Detail","0042500171","70","1631222","Jake LaRavia","1610612747","Los Angeles Lakers","1","5","25","Made Shot","Driving Layup Shot","2PT Field Goal","Restricted Area","Center(C)","Less Than 8 ft.","3","11","32","1","1","20260418","LAL","HOU"
"Shot Chart Detail","0042500171","72","1642263","Reed Sheppard","1610612745","Houston Rockets","1","5","15","Made Shot","Jump Shot","3PT Field Goal","Above the Break 3","Right Side Center(RC)","24+ ft.","26","98","241","1","1","20260418","LAL","HOU"
"Shot Chart Detail","0042500171","74","1629028","Deandre Ayton","1610612747","Los Angeles Lakers","1","4","57","Made Shot","Alley Oop Dunk Shot","2PT Field Goal","In The Paint (Non-RA)","Center(C)","Less Than 8 ft.","6","-25","65","1","1","20260418","LAL","HOU"
"Shot Chart Detail","0042500171","76","203991","Clint Capela","1610612745","Houston Rockets","1","4","33","Made Shot","Turnaround Bank Hook Shot","2PT Field Goal","In The Paint (Non-RA)","Center(C)","Less Than 8 ft.","4","-11","40","1","1","20260418","LAL","HOU"
"Shot Chart Detail","0042500171","78","1628379","Luke Kennard","1610612747","Los Angeles Lakers","1","4","14","Made Shot","Jump Shot","3PT Field Goal","Above the Break 3","Left Side Center(LC)","24+ ft.","28","-163","228","1","1","20260418","LAL","HOU"
"Shot Chart Detail","0042500171","80","1631095","Jabari Smith Jr.","1610612745","Houston Rockets","1","3","58","Made Shot","Jump Shot","3PT Field Goal","Right Corner 3","Right Side(R)","24+ ft.","24","238","45","1","1","20260418","LAL","HOU"
"Shot Chart Detail","0042500171","82","1628379","Luke Kennard","1610612747","Los Angeles Lakers","1","3","38","Missed Shot","Cutting Layup Shot","2PT Field Goal","Restricted Area","Center(C)","Less Than 8 ft.","2","-21","20","1","0","20260418","LAL","HOU"
"Shot Chart Detail","0042500171","85","1641708","Amen Thompson","1610612745","Houston Rockets","1","3","19","Missed Shot","Step Back Jump shot","2PT Field Goal","Mid-Range","Center(C)","16-24 ft.","16","-4","161","1","0","20260418","LAL","HOU"
"Shot Chart Detail","0042500171","87","1628379","Luke Kennard","1610612747","Los Angeles Lakers","1","3","11","Made Shot","Running Pull-Up Jump Shot","2PT Field Goal","In The Paint (Non-RA)","Center(C)","8-16 ft.","10","-12","104","1","1","20260418","LAL","HOU"
"Shot Chart Detail","0042500171","107","1629637","Jaxson Hayes","1610612747","Los Angeles Lakers","1","2","31","Made Shot","Cutting Finger Roll Layup Shot","2PT Field Goal","Restricted Area","Center(C)","Less Than 8 ft.","2","-11","18","1","1","20260418","LAL","HOU"
"Shot Chart Detail","0042500171","113","1631095","Jabari Smith Jr.","1610612745","Houston Rockets","1","2","14","Missed Shot","Cutting Layup Shot","2PT Field Goal","Restricted Area","Center(C)","Less Than 8 ft.","3","34","21","1","0","20260418","LAL","HOU"
"Shot Chart Detail","0042500171","119","1631095","Jabari Smith Jr.","1610612745","Houston Rockets","1","2","0","Made Shot","Pullup Jump shot","2PT Field Goal","Mid-Range","Left Side(L)","8-16 ft.","14","-148","-13","1","1","20260418","LAL","HOU"
"Shot Chart Detail","0042500171","120","1628379","Luke Kennard","1610612747","Los Angeles Lakers","1","1","43","Made Shot","Fadeaway Jump Shot","2PT Field Goal","Mid-Range","Left Side(L)","8-16 ft.","14","-98","110","1","1","20260418","LAL","HOU"
"Shot Chart Detail","0042500171","121","1630578","Alperen Sengun","1610612745","Houston Rockets","1","1","24","Missed Shot","Turnaround Hook Shot","2PT Field Goal","Restricted Area","Center(C)","Less Than 8 ft.","3","7","30","1","0","20260418","LAL","HOU"
"Shot Chart Detail","0042500171","123","1628988","Aaron Holiday","1610612745","Houston Rockets","1","1","22","Missed Shot","Jump Shot","3PT Field Goal","Above the Break 3","Left Side Center(LC)","24+ ft.","25","-212","147","1","0","20260418","LAL","HOU"
"Shot Chart Detail","0042500171","136","1628988","Aaron Holiday","1610612745","Houston Rockets","1","0","58","Missed Shot","Jump Shot","3PT Field Goal","Above the Break 3","Right Side Center(RC)","24+ ft.","24","147","198","1","0","20260418","LAL","HOU"
"Shot Chart Detail","0042500171","141","1630578","Alperen Sengun","1610612745","Houston Rockets","1","0","48","Made Shot","Cutting Layup Shot","2PT Field Goal","Restricted Area","Center(C)","Less Than 8 ft.","1","2","16","1","1","20260418","LAL","HOU"
"Shot Chart Detail","0042500171","160","2544","LeBron James","1610612747","Los Angeles Lakers","1","0","1","Missed Shot","Turnaround Fadeaway shot","2PT Field Goal","In The Paint (Non-RA)","Center(C)","8-16 ft.","10","-39","97","1","0","20260418","LAL","HOU"
"Shot Chart Detail","0042500171","173","1630256","Jae'Sean Tate","1610612745","Houston Rockets","2","11","34","Missed Shot","Jump Shot","3PT Field Goal","Left Corner 3","Left Side(L)","24+ ft.","23","-229","59","1","0","20260418","LAL","HOU"
"Shot Chart Detail","0042500171","175","2544","LeBron James","1610612747","Los Angeles Lakers","2","11","11","Made Shot","Jump Shot","2PT Field Goal","Mid-Range","Right Side Center(RC)","16-24 ft.","21","109","186","1","1","20260418","LAL","HOU"
"Shot Chart Detail","0042500171","176","1630578","Alperen Sengun","1610612745","Houston Rockets","2","10","53","Missed Shot","Driving Hook Shot","2PT Field Goal","Restricted Area","Center(C)","Less Than 8 ft.","2","25","10","1","0","20260418","LAL","HOU"
"Shot Chart Detail","0042500171","183","1629020","Jarred Vanderbilt","1610612747","Los Angeles Lakers","2","10","38","Made Shot","Jump Shot","3PT Field Goal","Right Corner 3","Right Side(R)","24+ ft.","23","228","73","1","1","20260418","LAL","HOU"
"Shot Chart Detail","0042500171","196","2544","LeBron James","1610612747","Los Angeles Lakers","2","9","38","Missed Shot","Driving Floating Jump Shot","2PT Field Goal","In The Paint (Non-RA)","Center(C)","8-16 ft.","10","-18","104","1","0","20260418","LAL","HOU"
"Shot Chart Detail","0042500171","202","1628988","Aaron Holiday","1610612745","Houston Rockets","2","9","14","Missed Shot","Driving Floating Jump Shot","2PT Field Goal","In The Paint (Non-RA)","Center(C)","Less Than 8 ft.","5","-18","55","1","0","20260418","LAL","HOU"
"Shot Chart Detail","0042500171","204","2544","LeBron James","1610612747","Los Angeles Lakers","2","9","0","Missed Shot","Driving Floating Jump Shot","2PT Field Goal","In The Paint (Non-RA)","Center(C)","Less Than 8 ft.","6","-9","65","1","0","20260418","LAL","HOU"
"Shot Chart Detail","0042500171","214","1641708","Amen Thompson","1610612745","Houston Rockets","2","8","36","Made Shot","Driving Floating Jump Shot","2PT Field Goal","In The Paint (Non-RA)","Center(C)","Less Than 8 ft.","4","-43","24","1","1","20260418","LAL","HOU"
"Shot Chart Detail","0042500171","219","1642263","Reed Sheppard","1610612745","Houston Rockets","2","8","1","Missed Shot","Jump Shot","3PT Field Goal","Above the Break 3","Left Side Center(LC)","24+ ft.","24","-205","143","1","0","20260418","LAL","HOU"
"Shot Chart Detail","0042500171","221","1629020","Jarred Vanderbilt","1610612747","Los Angeles Lakers","2","7","44","Missed Shot","Jump Shot","3PT Field Goal","Above the Break 3","Right Side Center(RC)","24+ ft.","25","186","174","1","0","20260418","LAL","HOU"
"Shot Chart Detail","0042500171","223","1642263","Reed Sheppard","1610612745","Houston Rockets","2","7","34","Made Shot","Jump Shot","3PT Field Goal","Above the Break 3","Right Side Center(RC)","24+ ft.","26","169","205","1","1","20260418","LAL","HOU"
"Shot Chart Detail","0042500171","225","1629028","Deandre Ayton","1610612747","Los Angeles Lakers","2","7","14","Made Shot","Floating Jump shot","2PT Field Goal","In The Paint (Non-RA)","Center(C)","Less Than 8 ft.","5","-22","47","1","1","20260418","LAL","HOU"
"Shot Chart Detail","0042500171","227","1642263","Reed Sheppard","1610612745","Houston Rockets","2","6","58","Missed Shot","Pullup Jump shot","3PT Field Goal","Above the Break 3","Left Side Center(LC)","24+ ft.","25","-161","192","1","0","20260418","LAL","HOU"
"Shot Chart Detail","0042500171","229","1629060","Rui Hachimura","1610612747","Los Angeles Lakers","2","6","41","Made Shot","Turnaround Jump Shot","2PT Field Goal","In The Paint (Non-RA)","Center(C)","8-16 ft.","14","-69","125","1","1","20260418","LAL","HOU"
"Shot Chart Detail","0042500171","238","1628379","Luke Kennard","1610612747","Los Angeles Lakers","2","6","3","Missed Shot","Fadeaway Jump Shot","2PT Field Goal","Mid-Range","Left Side Center(LC)","16-24 ft.","20","-107","178","1","0","20260418","LAL","HOU"
"Shot Chart Detail","0042500171","240","1641708","Amen Thompson","1610612745","Houston Rockets","2","5","51","Missed Shot","Driving Layup Shot","2PT Field Goal","Restricted Area","Center(C)","Less Than 8 ft.","1","17","4","1","0","20260418","LAL","HOU"
"Shot Chart Detail","0042500171","243","203991","Clint Capela","1610612745","Houston Rockets","2","5","49","Missed Shot","Putback Layup Shot","2PT Field Goal","Restricted Area","Center(C)","Less Than 8 ft.","2","-17","20","1","0","20260418","LAL","HOU"
"Shot Chart Detail","0042500171","255","203935","Marcus Smart","1610612747","Los Angeles Lakers","2","5","31","Made Shot","Fadeaway Jump Shot","2PT Field Goal","In The Paint (Non-RA)","Center(C)","8-16 ft.","13","60","122","1","1","20260418","LAL","HOU"
"Shot Chart Detail","0042500171","257","1642263","Reed Sheppard","1610612745","Houston Rockets","2","5","19","Missed Shot","Pullup Jump shot","2PT Field Goal","Mid-Range","Right Side Center(RC)","16-24 ft.","17","126","124","1","0","20260418","LAL","HOU"
"Shot Chart Detail","0042500171","261","1631095","Jabari Smith Jr.","1610612745","Houston Rockets","2","4","48","Missed Shot","Driving Layup Shot","2PT Field Goal","Restricted Area","Center(C)","Less Than 8 ft.","2","11","27","1","0","20260418","LAL","HOU"
"Shot Chart Detail","0042500171","265","1630578","Alperen Sengun","1610612745","Houston Rockets","2","4","41","Missed Shot","Turnaround Fadeaway shot","2PT Field Goal","Mid-Range","Right Side Center(RC)","16-24 ft.","16","116","111","1","0","20260418","LAL","HOU"
"Shot Chart Detail","0042500171","274","1629028","Deandre Ayton","1610612747","Los Angeles Lakers","2","4","24","Made Shot","Alley Oop Dunk Shot","2PT Field Goal","In The Paint (Non-RA)","Center(C)","Less Than 8 ft.","5","-10","55","1","1","20260418","LAL","HOU"
"Shot Chart Detail","0042500171","282","1629060","Rui Hachimura","1610612747","Los Angeles Lakers","2","3","39","Missed Shot","Step Back Jump shot","2PT Field Goal","Mid-Range","Center(C)","16-24 ft.","20","53","199","1","0","20260418","LAL","HOU"
"Shot Chart Detail","0042500171","289","1630578","Alperen Sengun","1610612745","Houston Rockets","2","3","13","Missed Shot","Turnaround Hook Shot","2PT Field Goal","In The Paint (Non-RA)","Center(C)","8-16 ft.","9","16","95","1","0","20260418","LAL","HOU"
"Shot Chart Detail","0042500171","291","203935","Marcus Smart","1610612747","Los Angeles Lakers","2","2","52","Missed Shot","Driving Layup Shot","2PT Field Goal","In The Paint (Non-RA)","Center(C)","Less Than 8 ft.","6","58","25","1","0","20260418","LAL","HOU"
"Shot Chart Detail","0042500171","293","1631095","Jabari Smith Jr.","1610612745","Houston Rockets","2","2","46","Missed Shot","Running Pull-Up Jump Shot","3PT Field Goal","Above the Break 3","Right Side Center(RC)","24+ ft.","26","172","195","1","0","20260418","LAL","HOU"
"Shot Chart Detail","0042500171","295","1629006","Josh Okogie","1610612745","Houston Rockets","2","2","31","Made Shot","Cutting Dunk Shot","2PT Field Goal","Restricted Area","Center(C)","Less Than 8 ft.","2","9","26","1","1","20260418","LAL","HOU"
"Shot Chart Detail","0042500171","303","203935","Marcus Smart","1610612747","Los Angeles Lakers","2","1","52","Made Shot","Driving Layup Shot","2PT Field Goal","Restricted Area","Center(C)","Less Than 8 ft.","2","12","25","1","1","20260418","LAL","HOU"
"Shot Chart Detail","0042500171","304","1630578","Alperen Sengun","1610612745","Houston Rockets","2","1","39","Missed Shot","Driving Layup Shot","2PT Field Goal","Restricted Area","Center(C)","Less Than 8 ft.","2","4","20","1","0","20260418","LAL","HOU"
"Shot Chart Detail","0042500171","306","1630578","Alperen Sengun","1610612745","Houston Rockets","2","1","36","Missed Shot","Putback Layup Shot","2PT Field Goal","In The Paint (Non-RA)","Center(C)","Less Than 8 ft.","7","45","66","1","0","20260418","LAL","HOU"
"Shot Chart Detail","0042500171","310","1642263","Reed Sheppard","1610612745","Houston Rockets","2","1","22","Missed Shot","Running Jump Shot","3PT Field Goal","Above the Break 3","Center(C)","24+ ft.","25","75","240","1","0","20260418","LAL","HOU"
"Shot Chart Detail","0042500171","323","1641708","Amen Thompson","1610612745","Houston Rockets","2","0","51","Missed Shot","Running Layup Shot","2PT Field Goal","In The Paint (Non-RA)","Center(C)","Less Than 8 ft.","7","-67","31","1","0","20260418","LAL","HOU"
"Shot Chart Detail","0042500171","331","2544","LeBron James","1610612747","Los Angeles Lakers","2","0","31","Missed Shot","Jump Shot","3PT Field Goal","Above the Break 3","Right Side Center(RC)","24+ ft.","27","145","239","1","0","20260418","LAL","HOU"
"Shot Chart Detail","0042500171","333","1641708","Amen Thompson","1610612745","Houston Rockets","2","0","8","Made Shot","Driving Floating Jump Shot","2PT Field Goal","In The Paint (Non-RA)","Center(C)","8-16 ft.","8","21","79","1","1","20260418","LAL","HOU"
"Shot Chart Detail","0042500171","334","1628379","Luke Kennard","1610612747","Los Angeles Lakers","2","0","2","Missed Shot","Driving Floating Jump Shot","2PT Field Goal","Mid-Range","Right Side(R)","8-16 ft.","10","94","47","1","0","20260418","LAL","HOU"
"Shot Chart Detail","0042500171","342","1642263","Reed Sheppard","1610612745","Houston Rockets","3","11","41","Made Shot","Jump Shot","3PT Field Goal","Above the Break 3","Center(C)","24+ ft.","27","-43","268","1","1","20260418","LAL","HOU"
"Shot Chart Detail","0042500171","346","203935","Marcus Smart","1610612747","Los Angeles Lakers","3","11","10","Missed Shot","Jump Shot","3PT Field Goal","Above the Break 3","Right Side Center(RC)","24+ ft.","28","142","251","1","0","20260418","LAL","HOU"
"Shot Chart Detail","0042500171","348","1642263","Reed Sheppard","1610612745","Houston Rockets","3","11","1","Missed Shot","Jump Shot","3PT Field Goal","Above the Break 3","Left Side Center(LC)","24+ ft.","31","-113","295","1","0","20260418","LAL","HOU"
"Shot Chart Detail","0042500171","350","1631095","Jabari Smith Jr.","1610612745","Houston Rockets","3","10","53","Missed Shot","Jump Shot","3PT Field Goal","Above the Break 3","Center(C)","24+ ft.","26","-22","260","1","0","20260418","LAL","HOU"
"Shot Chart Detail","0042500171","352","203935","Marcus Smart","1610612747","Los Angeles Lakers","3","10","39","Missed Shot","Turnaround Fadeaway shot","2PT Field Goal","In The Paint (Non-RA)","Center(C)","Less Than 8 ft.","4","-7","48","1","0","20260418","LAL","HOU"
"Shot Chart Detail","0042500171","355","1629028","Deandre Ayton","1610612747","Los Angeles Lakers","3","10","37","Missed Shot","Putback Layup Shot","2PT Field Goal","Restricted Area","Center(C)","Less Than 8 ft.","2","-5","24","1","0","20260418","LAL","HOU"
"Shot Chart Detail","0042500171","357","1629028","Deandre Ayton","1610612747","Los Angeles Lakers","3","10","35","Made Shot","Tip Layup Shot","2PT Field Goal","Restricted Area","Center(C)","Less Than 8 ft.","0","0","0","1","1","20260418","LAL","HOU"
"Shot Chart Detail","0042500171","358","1631095","Jabari Smith Jr.","1610612745","Houston Rockets","3","10","15","Missed Shot","Turnaround Fadeaway shot","2PT Field Goal","Mid-Range","Right Side(R)","8-16 ft.","11","115","12","1","0","20260418","LAL","HOU"
"Shot Chart Detail","0042500171","360","2544","LeBron James","1610612747","Los Angeles Lakers","3","9","55","Made Shot","Turnaround Bank shot","2PT Field Goal","Restricted Area","Center(C)","Less Than 8 ft.","1","1","16","1","1","20260418","LAL","HOU"
"Shot Chart Detail","0042500171","363","1630578","Alperen Sengun","1610612745","Houston Rockets","3","9","31","Missed Shot","Driving Bank Hook Shot","2PT Field Goal","Restricted Area","Center(C)","Less Than 8 ft.","3","-12","37","1","0","20260418","LAL","HOU"
"Shot Chart Detail","0042500171","373","1631095","Jabari Smith Jr.","1610612745","Houston Rockets","3","8","59","Made Shot","Jump Shot","3PT Field Goal","Right Corner 3","Right Side(R)","24+ ft.","23","228","43","1","1","20260418","LAL","HOU"
"Shot Chart Detail","0042500171","377","1629006","Josh Okogie","1610612745","Houston Rockets","3","8","33","Missed Shot","Running Alley Oop Layup Shot","2PT Field Goal","Restricted Area","Center(C)","Less Than 8 ft.","2","15","15","1","0","20260418","LAL","HOU"
"Shot Chart Detail","0042500171","379","1629060","Rui Hachimura","1610612747","Los Angeles Lakers","3","8","24","Made Shot","Jump Shot","3PT Field Goal","Above the Break 3","Left Side Center(LC)","24+ ft.","24","-140","197","1","1","20260418","LAL","HOU"
"Shot Chart Detail","0042500171","381","1641708","Amen Thompson","1610612745","Houston Rockets","3","8","6","Missed Shot","Jump Shot","2PT Field Goal","Mid-Range","Left Side(L)","16-24 ft.","19","-194","46","1","0","20260418","LAL","HOU"
"Shot Chart Detail","0042500171","384","1629060","Rui Hachimura","1610612747","Los Angeles Lakers","3","7","55","Missed Shot","Cutting Layup Shot","2PT Field Goal","Restricted Area","Center(C)","Less Than 8 ft.","3","-25","20","1","0","20260418","LAL","HOU"
"Shot Chart Detail","0042500171","387","1629006","Josh Okogie","1610612745","Houston Rockets","3","7","47","Missed Shot","Running Jump Shot","3PT Field Goal","Above the Break 3","Right Side Center(RC)","24+ ft.","26","140","222","1","0","20260418","LAL","HOU"
"Shot Chart Detail","0042500171","390","203935","Marcus Smart","1610612747","Los Angeles Lakers","3","7","37","Missed Shot","Jump Shot","3PT Field Goal","Above the Break 3","Left Side Center(LC)","24+ ft.","26","-172","199","1","0","20260418","LAL","HOU"
"Shot Chart Detail","0042500171","392","1641708","Amen Thompson","1610612745","Houston Rockets","3","7","18","Made Shot","Jump Shot","2PT Field Goal","In The Paint (Non-RA)","Center(C)","8-16 ft.","12","-34","117","1","1","20260418","LAL","HOU"
"Shot Chart Detail","0042500171","394","1628379","Luke Kennard","1610612747","Los Angeles Lakers","3","6","54","Made Shot","Jump Shot","3PT Field Goal","Above the Break 3","Right Side Center(RC)","24+ ft.","25","232","105","1","1","20260418","LAL","HOU"
"Shot Chart Detail","0042500171","396","1642263","Reed Sheppard","1610612745","Houston Rockets","3","6","24","Missed Shot","Driving Floating Bank Jump Shot","2PT Field Goal","In The Paint (Non-RA)","Center(C)","8-16 ft.","8","-5","88","1","0","20260418","LAL","HOU"
"Shot Chart Detail","0042500171","398","1641708","Amen Thompson","1610612745","Houston Rockets","3","6","10","Missed Shot","Driving Layup Shot","2PT Field Goal","In The Paint (Non-RA)","Center(C)","Less Than 8 ft.","6","1","63","1","0","20260418","LAL","HOU"
"Shot Chart Detail","0042500171","410","2544","LeBron James","1610612747","Los Angeles Lakers","3","5","52","Made Shot","Turnaround Bank Hook Shot","2PT Field Goal","Restricted Area","Center(C)","Less Than 8 ft.","1","-2","14","1","1","20260418","LAL","HOU"
"Shot Chart Detail","0042500171","411","1642263","Reed Sheppard","1610612745","Houston Rockets","3","5","32","Missed Shot","Driving Floating Jump Shot","2PT Field Goal","In The Paint (Non-RA)","Center(C)","Less Than 8 ft.","6","47","41","1","0","20260418","LAL","HOU"
"Shot Chart Detail","0042500171","436","1631222","Jake LaRavia","1610612747","Los Angeles Lakers","3","4","47","Missed Shot","Cutting Layup Shot","2PT Field Goal","Restricted Area","Center(C)","Less Than 8 ft.","3","-17","34","1","0","20260418","LAL","HOU"
"Shot Chart Detail","0042500171","440","2544","LeBron James","1610612747","Los Angeles Lakers","3","4","37","Missed Shot","Turnaround Fadeaway shot","2PT Field Goal","Mid-Range","Right Side(R)","8-16 ft.","15","110","114","1","0","20260418","LAL","HOU"
"Shot Chart Detail","0042500171","442","1642263","Reed Sheppard","1610612745","Houston Rockets","3","4","26","Missed Shot","Driving Floating Bank Jump Shot","2PT Field Goal","Restricted Area","Center(C)","Less Than 8 ft.","2","18","18","1","0","20260418","LAL","HOU"
"Shot Chart Detail","0042500171","444","1630256","Jae'Sean Tate","1610612745","Houston Rockets","3","4","25","Missed Shot","Tip Layup Shot","2PT Field Goal","Restricted Area","Center(C)","Less Than 8 ft.","0","0","0","1","0","20260418","LAL","HOU"
"Shot Chart Detail","0042500171","446","1630256","Jae'Sean Tate","1610612745","Houston Rockets","3","4","23","Missed Shot","Tip Layup Shot","2PT Field Goal","Restricted Area","Center(C)","Less Than 8 ft.","0","0","0","1","0","20260418","LAL","HOU"
"Shot Chart Detail","0042500171","450","1630256","Jae'Sean Tate","1610612745","Houston Rockets","3","4","13","Made Shot","Running Layup Shot","2PT Field Goal","Restricted Area","Center(C)","Less Than 8 ft.","3","-2","31","1","1","20260418","LAL","HOU"
"Shot Chart Detail","0042500171","465","1631106","Tari Eason","1610612745","Houston Rockets","3","3","39","Made Shot","Driving Floating Jump Shot","2PT Field Goal","In The Paint (Non-RA)","Center(C)","Less Than 8 ft.","5","-29","41","1","1","20260418","LAL","HOU"
"Shot Chart Detail","0042500171","472","1630256","Jae'Sean Tate","1610612745","Houston Rockets","3","2","55","Missed Shot","Driving Hook Shot","2PT Field Goal","Restricted Area","Center(C)","Less Than 8 ft.","3","-23","32","1","0","20260418","LAL","HOU"
"Shot Chart Detail","0042500171","479","203935","Marcus Smart","1610612747","Los Angeles Lakers","3","2","32","Made Shot","Cutting Layup Shot","2PT Field Goal","Restricted Area","Center(C)","Less Than 8 ft.","2","-10","27","1","1","20260418","LAL","HOU"
"Shot Chart Detail","0042500171","481","1630578","Alperen Sengun","1610612745","Houston Rockets","3","2","18","Missed Shot","Turnaround Hook Shot","2PT Field Goal","In The Paint (Non-RA)","Left Side(L)","8-16 ft.","13","-69","116","1","0","20260418","LAL","HOU"
"Shot Chart Detail","0042500171","483","1641708","Amen Thompson","1610612745","Houston Rockets","3","2","16","Made Shot","Tip Layup Shot","2PT Field Goal","Restricted Area","Center(C)","Less Than 8 ft.","0","0","0","1","1","20260418","LAL","HOU"
"Shot Chart Detail","0042500171","484","203935","Marcus Smart","1610612747","Los Angeles Lakers","3","1","59","Missed Shot","Pullup Jump shot","2PT Field Goal","In The Paint (Non-RA)","Center(C)","8-16 ft.","11","0","111","1","0","20260418","LAL","HOU"
"Shot Chart Detail","0042500171","486","1628988","Aaron Holiday","1610612745","Houston Rockets","3","1","41","Missed Shot","Driving Floating Jump Shot","2PT Field Goal","In The Paint (Non-RA)","Center(C)","Less Than 8 ft.","4","-5","42","1","0","20260418","LAL","HOU"
"Shot Chart Detail","0042500171","505","1630578","Alperen Sengun","1610612745","Houston Rockets","3","1","22","Missed Shot","Turnaround Hook Shot","2PT Field Goal","In The Paint (Non-RA)","Center(C)","Less Than 8 ft.","6","-31","55","1","0","20260418","LAL","HOU"
"Shot Chart Detail","0042500171","510","1641708","Amen Thompson","1610612745","Houston Rockets","3","1","8","Missed Shot","Running Layup Shot","2PT Field Goal","Restricted Area","Center(C)","Less Than 8 ft.","3","9","33","1","0","20260418","LAL","HOU"
"Shot Chart Detail","0042500171","524","1641708","Amen Thompson","1610612745","Houston Rockets","3","0","29","Made Shot","Driving Floating Jump Shot","2PT Field Goal","In The Paint (Non-RA)","Center(C)","8-16 ft.","11","31","113","1","1","20260418","LAL","HOU"
"Shot Chart Detail","0042500171","525","1631222","Jake LaRavia","1610612747","Los Angeles Lakers","3","0","9","Missed Shot","Jump Shot","3PT Field Goal","Above the Break 3","Left Side Center(LC)","24+ ft.","25","-164","193","1","0","20260418","LAL","HOU"
"Shot Chart Detail","0042500171","548","1629060","Rui Hachimura","1610612747","Los Angeles Lakers","4","11","43","Missed Shot","Jump Shot","3PT Field Goal","Right Corner 3","Right Side(R)","24+ ft.","23","235","38","1","0","20260418","LAL","HOU"
"Shot Chart Detail","0042500171","552","1642263","Reed Sheppard","1610612745","Houston Rockets","4","11","20","Made Shot","Jump Shot","3PT Field Goal","Above the Break 3","Left Side Center(LC)","24+ ft.","28","-161","231","1","1","20260418","LAL","HOU"
"Shot Chart Detail","0042500171","554","1629060","Rui Hachimura","1610612747","Los Angeles Lakers","4","10","57","Made Shot","Step Back Jump shot","2PT Field Goal","Mid-Range","Center(C)","8-16 ft.","15","-10","151","1","1","20260418","LAL","HOU"
"Shot Chart Detail","0042500171","562","1641708","Amen Thompson","1610612745","Houston Rockets","4","10","3","Missed Shot","Jump Shot","3PT Field Goal","Right Corner 3","Right Side(R)","24+ ft.","23","229","71","1","0","20260418","LAL","HOU"
"Shot Chart Detail","0042500171","564","1629060","Rui Hachimura","1610612747","Los Angeles Lakers","4","9","51","Made Shot","Pullup Jump shot","2PT Field Goal","Mid-Range","Right Side(R)","16-24 ft.","18","156","100","1","1","20260418","LAL","HOU"
"Shot Chart Detail","0042500171","566","1642263","Reed Sheppard","1610612745","Houston Rockets","4","9","38","Missed Shot","Pullup Jump shot","3PT Field Goal","Above the Break 3","Left Side Center(LC)","24+ ft.","26","-178","197","1","0","20260418","LAL","HOU"
"Shot Chart Detail","0042500171","569","1628379","Luke Kennard","1610612747","Los Angeles Lakers","4","9","21","Made Shot","Jump Shot","3PT Field Goal","Above the Break 3","Right Side Center(RC)","24+ ft.","27","145","229","1","1","20260418","LAL","HOU"
"Shot Chart Detail","0042500171","579","1631106","Tari Eason","1610612745","Houston Rockets","4","8","36","Made Shot","Jump Shot","3PT Field Goal","Above the Break 3","Right Side Center(RC)","24+ ft.","24","225","104","1","1","20260418","LAL","HOU"
"Shot Chart Detail","0042500171","581","2544","LeBron James","1610612747","Los Angeles Lakers","4","8","21","Made Shot","Pullup Jump shot","3PT Field Goal","Above the Break 3","Center(C)","24+ ft.","27","4","275","1","1","20260418","LAL","HOU"
"Shot Chart Detail","0042500171","582","1642263","Reed Sheppard","1610612745","Houston Rockets","4","8","4","Missed Shot","Driving Hook Shot","2PT Field Goal","In The Paint (Non-RA)","Center(C)","Less Than 8 ft.","6","48","47","1","0","20260418","LAL","HOU"
"Shot Chart Detail","0042500171","584","1628379","Luke Kennard","1610612747","Los Angeles Lakers","4","7","58","Made Shot","Pullup Jump shot","3PT Field Goal","Above the Break 3","Left Side Center(LC)","24+ ft.","26","-92","250","1","1","20260418","LAL","HOU"
"Shot Chart Detail","0042500171","590","1630578","Alperen Sengun","1610612745","Houston Rockets","4","7","38","Made Shot","Driving Hook Shot","2PT Field Goal","In The Paint (Non-RA)","Center(C)","Less Than 8 ft.","5","-40","43","1","1","20260418","LAL","HOU"
"Shot Chart Detail","0042500171","597","1630578","Alperen Sengun","1610612745","Houston Rockets","4","7","3","Missed Shot","Driving Hook Shot","2PT Field Goal","In The Paint (Non-RA)","Center(C)","Less Than 8 ft.","6","-20","60","1","0","20260418","LAL","HOU"
"Shot Chart Detail","0042500171","599","1629060","Rui Hachimura","1610612747","Los Angeles Lakers","4","6","55","Missed Shot","Jump Shot","3PT Field Goal","Above the Break 3","Right Side Center(RC)","24+ ft.","26","118","241","1","0","20260418","LAL","HOU"
"Shot Chart Detail","0042500171","605","1630578","Alperen Sengun","1610612745","Houston Rockets","4","6","42","Made Shot","Driving Dunk Shot","2PT Field Goal","Restricted Area","Center(C)","Less Than 8 ft.","1","-7","17","1","1","20260418","LAL","HOU"
"Shot Chart Detail","0042500171","607","1628379","Luke Kennard","1610612747","Los Angeles Lakers","4","6","25","Made Shot","Jump Shot","3PT Field Goal","Above the Break 3","Right Side Center(RC)","24+ ft.","27","138","241","1","1","20260418","LAL","HOU"
"Shot Chart Detail","0042500171","614","1628379","Luke Kennard","1610612747","Los Angeles Lakers","4","5","58","Missed Shot","Driving Layup Shot","2PT Field Goal","In The Paint (Non-RA)","Center(C)","Less Than 8 ft.","4","-32","32","1","0","20260418","LAL","HOU"
"Shot Chart Detail","0042500171","616","1631106","Tari Eason","1610612745","Houston Rockets","4","5","51","Made Shot","Running Jump Shot","3PT Field Goal","Right Corner 3","Right Side(R)","24+ ft.","23","225","57","1","1","20260418","LAL","HOU"
"Shot Chart Detail","0042500171","621","203935","Marcus Smart","1610612747","Los Angeles Lakers","4","5","29","Made Shot","Step Back Jump shot","3PT Field Goal","Above the Break 3","Left Side Center(LC)","24+ ft.","25","-99","240","1","1","20260418","LAL","HOU"
"Shot Chart Detail","0042500171","623","1631095","Jabari Smith Jr.","1610612745","Houston Rockets","4","5","5","Missed Shot","Jump Shot","3PT Field Goal","Above the Break 3","Left Side Center(LC)","24+ ft.","28","-140","247","1","0","20260418","LAL","HOU"
"Shot Chart Detail","0042500171","625","2544","LeBron James","1610612747","Los Angeles Lakers","4","4","43","Made Shot","Turnaround Hook Shot","2PT Field Goal","In The Paint (Non-RA)","Center(C)","Less Than 8 ft.","6","53","42","1","1","20260418","LAL","HOU"
"Shot Chart Detail","0042500171","626","1641708","Amen Thompson","1610612745","Houston Rockets","4","4","31","Missed Shot","Driving Layup Shot","2PT Field Goal","Restricted Area","Center(C)","Less Than 8 ft.","3","34","18","1","0","20260418","LAL","HOU"
"Shot Chart Detail","0042500171","629","1631106","Tari Eason","1610612745","Houston Rockets","4","4","29","Made Shot","Putback Layup Shot","2PT Field Goal","Restricted Area","Center(C)","Less Than 8 ft.","1","2","18","1","1","20260418","LAL","HOU"
"Shot Chart Detail","0042500171","630","2544","LeBron James","1610612747","Los Angeles Lakers","4","4","13","Missed Shot","Driving Hook Shot","2PT Field Goal","In The Paint (Non-RA)","Center(C)","Less Than 8 ft.","6","17","58","1","0","20260418","LAL","HOU"
"Shot Chart Detail","0042500171","632","1631095","Jabari Smith Jr.","1610612745","Houston Rockets","4","3","57","Missed Shot","Jump Shot","3PT Field Goal","Above the Break 3","Right Side Center(RC)","24+ ft.","25","217","134","1","0","20260418","LAL","HOU"
"Shot Chart Detail","0042500171","634","1631095","Jabari Smith Jr.","1610612745","Houston Rockets","4","3","54","Missed Shot","Jump Shot","3PT Field Goal","Right Corner 3","Right Side(R)","24+ ft.","23","232","28","1","0","20260418","LAL","HOU"
"Shot Chart Detail","0042500171","636","1629028","Deandre Ayton","1610612747","Los Angeles Lakers","4","3","31","Missed Shot","Turnaround Fadeaway shot","2PT Field Goal","In The Paint (Non-RA)","Center(C)","Less Than 8 ft.","6","-55","32","1","0","20260418","LAL","HOU"
"Shot Chart Detail","0042500171","638","1631106","Tari Eason","1610612745","Houston Rockets","4","3","22","Made Shot","Driving Layup Shot","2PT Field Goal","In The Paint (Non-RA)","Center(C)","Less Than 8 ft.","4","-7","44","1","1","20260418","LAL","HOU"
"Shot Chart Detail","0042500171","654","2544","LeBron James","1610612747","Los Angeles Lakers","4","2","57","Made Shot","Turnaround Fadeaway shot","2PT Field Goal","Mid-Range","Left Side(L)","8-16 ft.","9","-82","40","1","1","20260418","LAL","HOU"
"Shot Chart Detail","0042500171","655","1630578","Alperen Sengun","1610612745","Houston Rockets","4","2","48","Missed Shot","Jump Shot","3PT Field Goal","Above the Break 3","Center(C)","24+ ft.","30","-48","302","1","0","20260418","LAL","HOU"
"Shot Chart Detail","0042500171","661","1641708","Amen Thompson","1610612745","Houston Rockets","4","2","29","Missed Shot","Driving Finger Roll Layup Shot","2PT Field Goal","Restricted Area","Center(C)","Less Than 8 ft.","3","21","31","1","0","20260418","LAL","HOU"
"Shot Chart Detail","0042500171","671","1630578","Alperen Sengun","1610612745","Houston Rockets","4","2","19","Made Shot","Driving Layup Shot","2PT Field Goal","Restricted Area","Center(C)","Less Than 8 ft.","2","0","27","1","1","20260418","LAL","HOU"
"Shot Chart Detail","0042500171","675","1631106","Tari Eason","1610612745","Houston Rockets","4","2","6","Made Shot","Running Dunk Shot","2PT Field Goal","Restricted Area","Center(C)","Less Than 8 ft.","3","-20","27","1","1","20260418","LAL","HOU"
"Shot Chart Detail","0042500171","677","1629028","Deandre Ayton","1610612747","Los Angeles Lakers","4","1","48","Made Shot","Floating Jump shot","2PT Field Goal","Restricted Area","Center(C)","Less Than 8 ft.","2","-20","21","1","1","20260418","LAL","HOU"
"Shot Chart Detail","0042500171","679","1641708","Amen Thompson","1610612745","Houston Rockets","4","1","40","Made Shot","Cutting Dunk Shot","2PT Field Goal","Restricted Area","Center(C)","Less Than 8 ft.","3","-5","37","1","1","20260418","LAL","HOU"
"Shot Chart Detail","0042500171","685","1642263","Reed Sheppard","1610612745","Houston Rockets","4","1","23","Missed Shot","Step Back Jump shot","3PT Field Goal","Above the Break 3","Center(C)","24+ ft.","26","55","259","1","0","20260418","LAL","HOU"
"Shot Chart Detail","0042500171","688","1642263","Reed Sheppard","1610612745","Houston Rockets","4","1","20","Missed Shot","Jump Shot","3PT Field Goal","Above the Break 3","Center(C)","24+ ft.","26","-78","254","1","0","20260418","LAL","HOU"
"Shot Chart Detail","0042500171","690","1631095","Jabari Smith Jr.","1610612745","Houston Rockets","4","1","18","Made Shot","Tip Dunk Shot","2PT Field Goal","Restricted Area","Center(C)","Less Than 8 ft.","0","0","0","1","1","20260418","LAL","HOU"
"Shot Chart Detail","0042500171","691","1629028","Deandre Ayton","1610612747","Los Angeles Lakers","4","1","4","Made Shot","Reverse Layup Shot","2PT Field Goal","Restricted Area","Center(C)","Less Than 8 ft.","0","-1","9","1","1","20260418","LAL","HOU"
"Shot Chart Detail","0042500171","696","1630578","Alperen Sengun","1610612745","Houston Rockets","4","0","54","Missed Shot","Jump Shot","3PT Field Goal","Above the Break 3","Center(C)","24+ ft.","27","-13","273","1","0","20260418","LAL","HOU"
"Shot Chart Detail","0042500171","698","1642263","Reed Sheppard","1610612745","Houston Rockets","4","0","50","Made Shot","Jump Shot","3PT Field Goal","Above the Break 3","Left Side Center(LC)","24+ ft.","26","-142","225","1","1","20260418","LAL","HOU"
"Shot Chart Detail","0042500171","700","2544","LeBron James","1610612747","Los Angeles Lakers","4","0","42","Made Shot","Cutting Finger Roll Layup Shot","2PT Field Goal","Restricted Area","Center(C)","Less Than 8 ft.","2","21","14","1","1","20260418","LAL","HOU"
"Shot Chart Detail","0042500171","702","1642263","Reed Sheppard","1610612745","Houston Rockets","4","0","36","Missed Shot","Pullup Jump shot","3PT Field Goal","Above the Break 3","Center(C)","24+ ft.","28","-47","277","1","0","20260418","LAL","HOU"
"Shot Chart Detail","0042500171","706","1631106","Tari Eason","1610612745","Houston Rockets","4","0","15","Made Shot","Running Layup Shot","2PT Field Goal","Restricted Area","Center(C)","Less Than 8 ft.","2","-12","27","1","1","20260418","LAL","HOU"
"Shot Chart Detail","0042500172","7","1628379","Luke Kennard","1610612747","Los Angeles Lakers","1","11","34","Missed Shot","Fadeaway Jump Shot","2PT Field Goal","Mid-Range","Left Side Center(LC)","16-24 ft.","16","-75","145","1","0","20260421","LAL","HOU"
"Shot Chart Detail","0042500172","10","1630578","Alperen Sengun","1610612745","Houston Rockets","1","11","27","Missed Shot","Running Layup Shot","2PT Field Goal","In The Paint (Non-RA)","Center(C)","Less Than 8 ft.","4","31","26","1","0","20260421","LAL","HOU"
"Shot Chart Detail","0042500172","12","1631095","Jabari Smith Jr.","1610612745","Houston Rockets","1","11","24","Made Shot","Jump Shot","3PT Field Goal","Left Corner 3","Left Side(L)","24+ ft.","23","-239","-13","1","1","20260421","LAL","HOU"
"Shot Chart Detail","0042500172","14","203935","Marcus Smart","1610612747","Los Angeles Lakers","1","11","3","Missed Shot","Driving Finger Roll Layup Shot","2PT Field Goal","In The Paint (Non-RA)","Center(C)","Less Than 8 ft.","4","25","41","1","0","20260421","LAL","HOU"
"Shot Chart Detail","0042500172","16","1629006","Josh Okogie","1610612745","Houston Rockets","1","10","48","Missed Shot","Jump Shot","3PT Field Goal","Above the Break 3","Left Side Center(LC)","24+ ft.","25","-214","145","1","0","20260421","LAL","HOU"
"Shot Chart Detail","0042500172","20","2544","LeBron James","1610612747","Los Angeles Lakers","1","10","37","Made Shot","Running Finger Roll Layup Shot","2PT Field Goal","Restricted Area","Center(C)","Less Than 8 ft.","1","-4","12","1","1","20260421","LAL","HOU"
"Shot Chart Detail","0042500172","21","1641708","Amen Thompson","1610612745","Houston Rockets","1","10","11","Made Shot","Fadeaway Jump Shot","2PT Field Goal","In The Paint (Non-RA)","Center(C)","Less Than 8 ft.","6","29","59","1","1","20260421","LAL","HOU"
"Shot Chart Detail","0042500172","23","203935","Marcus Smart","1610612747","Los Angeles Lakers","1","9","58","Made Shot","Driving Layup Shot","2PT Field Goal","Restricted Area","Center(C)","Less Than 8 ft.","0","7","2","1","1","20260421","LAL","HOU"
"Shot Chart Detail","0042500172","34","1629006","Josh Okogie","1610612745","Houston Rockets","1","9","24","Missed Shot","Layup Shot","2PT Field Goal","In The Paint (Non-RA)","Center(C)","Less Than 8 ft.","4","-41","17","1","0","20260421","LAL","HOU"
"Shot Chart Detail","0042500172","36","1629006","Josh Okogie","1610612745","Houston Rockets","1","9","21","Made Shot","Tip Layup Shot","2PT Field Goal","Restricted Area","Center(C)","Less Than 8 ft.","0","0","0","1","1","20260421","LAL","HOU"
"Shot Chart Detail","0042500172","40","1629060","Rui Hachimura","1610612747","Los Angeles Lakers","1","8","51","Missed Shot","Running Jump Shot","3PT Field Goal","Above the Break 3","Left Side Center(LC)","24+ ft.","25","-212","139","1","0","20260421","LAL","HOU"
"Shot Chart Detail","0042500172","42","201142","Kevin Durant","1610612745","Houston Rockets","1","8","42","Made Shot","Pullup Jump shot","2PT Field Goal","In The Paint (Non-RA)","Left Side(L)","8-16 ft.","11","-68","87","1","1","20260421","LAL","HOU"
"Shot Chart Detail","0042500172","43","203935","Marcus Smart","1610612747","Los Angeles Lakers","1","8","23","Made Shot","Pullup Jump shot","3PT Field Goal","Above the Break 3","Center(C)","24+ ft.","27","-76","262","1","1","20260421","LAL","HOU"
"Shot Chart Detail","0042500172","44","1630578","Alperen Sengun","1610612745","Houston Rockets","1","8","0","Missed Shot","Floating Jump shot","2PT Field Goal","In The Paint (Non-RA)","Center(C)","Less Than 8 ft.","7","11","78","1","0","20260421","LAL","HOU"
"Shot Chart Detail","0042500172","46","203935","Marcus Smart","1610612747","Los Angeles Lakers","1","7","49","Made Shot","Jump Shot","3PT Field Goal","Above the Break 3","Right Side Center(RC)","24+ ft.","27","148","232","1","1","20260421","LAL","HOU"
"Shot Chart Detail","0042500172","48","201142","Kevin Durant","1610612745","Houston Rockets","1","7","24","Made Shot","Pullup Jump shot","2PT Field Goal","Mid-Range","Right Side(R)","16-24 ft.","16","137","95","1","1","20260421","LAL","HOU"
"Shot Chart Detail","0042500172","50","203935","Marcus Smart","1610612747","Los Angeles Lakers","1","7","3","Missed Shot","Jump Shot","3PT Field Goal","Above the Break 3","Left Side Center(LC)","24+ ft.","27","-183","209","1","0","20260421","LAL","HOU"
"Shot Chart Detail","0042500172","52","201142","Kevin Durant","1610612745","Houston Rockets","1","6","56","Made Shot","Running Pull-Up Jump Shot","3PT Field Goal","Above the Break 3","Center(C)","24+ ft.","26","31","261","1","1","20260421","LAL","HOU"
"Shot Chart Detail","0042500172","53","2544","LeBron James","1610612747","Los Angeles Lakers","1","6","40","Missed Shot","Jump Shot","3PT Field Goal","Above the Break 3","Left Side Center(LC)","24+ ft.","29","-114","273","1","0","20260421","LAL","HOU"
"Shot Chart Detail","0042500172","55","1630578","Alperen Sengun","1610612745","Houston Rockets","1","6","29","Missed Shot","Turnaround Hook Shot","2PT Field Goal","In The Paint (Non-RA)","Center(C)","Less Than 8 ft.","7","31","71","1","0","20260421","LAL","HOU"
"Shot Chart Detail","0042500172","61","1641708","Amen Thompson","1610612745","Houston Rockets","1","5","54","Made Shot","Dunk Shot","2PT Field Goal","Restricted Area","Center(C)","Less Than 8 ft.","1","-4","-17","1","1","20260421","LAL","HOU"
"Shot Chart Detail","0042500172","63","203935","Marcus Smart","1610612747","Los Angeles Lakers","1","5","32","Made Shot","Jump Shot","3PT Field Goal","Right Corner 3","Right Side(R)","24+ ft.","24","237","63","1","1","20260421","LAL","HOU"
"Shot Chart Detail","0042500172","65","1630578","Alperen Sengun","1610612745","Houston Rockets","1","5","10","Made Shot","Turnaround Hook Shot","2PT Field Goal","In The Paint (Non-RA)","Center(C)","8-16 ft.","8","9","83","1","1","20260421","LAL","HOU"
"Shot Chart Detail","0042500172","67","1628379","Luke Kennard","1610612747","Los Angeles Lakers","1","4","46","Made Shot","Pullup Jump shot","2PT Field Goal","Mid-Range","Left Side Center(LC)","16-24 ft.","20","-152","134","1","1","20260421","LAL","HOU"
"Shot Chart Detail","0042500172","69","1641708","Amen Thompson","1610612745","Houston Rockets","1","4","36","Made Shot","Driving Finger Roll Layup Shot","2PT Field Goal","Restricted Area","Center(C)","Less Than 8 ft.","3","10","37","1","1","20260421","LAL","HOU"
"Shot Chart Detail","0042500172","70","2544","LeBron James","1610612747","Los Angeles Lakers","1","4","14","Made Shot","Turnaround Fadeaway shot","2PT Field Goal","Mid-Range","Left Side(L)","8-16 ft.","15","-152","47","1","1","20260421","LAL","HOU"
"Shot Chart Detail","0042500172","71","1630578","Alperen Sengun","1610612745","Houston Rockets","1","3","55","Missed Shot","Driving Bank Hook Shot","2PT Field Goal","In The Paint (Non-RA)","Center(C)","Less Than 8 ft.","7","72","26","1","0","20260421","LAL","HOU"
"Shot Chart Detail","0042500172","90","1628379","Luke Kennard","1610612747","Los Angeles Lakers","1","3","33","Made Shot","Fadeaway Jump Shot","2PT Field Goal","In The Paint (Non-RA)","Left Side(L)","8-16 ft.","9","-50","86","1","1","20260421","LAL","HOU"
"Shot Chart Detail","0042500172","91","201142","Kevin Durant","1610612745","Houston Rockets","1","3","8","Made Shot","Pullup Jump shot","2PT Field Goal","Mid-Range","Right Side(R)","8-16 ft.","12","102","79","1","1","20260421","LAL","HOU"
"Shot Chart Detail","0042500172","92","1628379","Luke Kennard","1610612747","Los Angeles Lakers","1","2","57","Made Shot","Pullup Jump shot","3PT Field Goal","Above the Break 3","Left Side Center(LC)","24+ ft.","26","-178","194","1","1","20260421","LAL","HOU"
"Shot Chart Detail","0042500172","101","203991","Clint Capela","1610612745","Houston Rockets","1","2","25","Missed Shot","Reverse Layup Shot","2PT Field Goal","Restricted Area","Center(C)","Less Than 8 ft.","2","25","15","1","0","20260421","LAL","HOU"
"Shot Chart Detail","0042500172","103","1631106","Tari Eason","1610612745","Houston Rockets","1","2","23","Missed Shot","Tip Layup Shot","2PT Field Goal","Restricted Area","Center(C)","Less Than 8 ft.","0","0","0","1","0","20260421","LAL","HOU"
"Shot Chart Detail","0042500172","105","203991","Clint Capela","1610612745","Houston Rockets","1","2","22","Missed Shot","Tip Layup Shot","2PT Field Goal","Restricted Area","Center(C)","Less Than 8 ft.","0","0","0","1","0","20260421","LAL","HOU"
"Shot Chart Detail","0042500172","154","1631106","Tari Eason","1610612745","Houston Rockets","1","2","22","Missed Shot","Tip Layup Shot","2PT Field Goal","Restricted Area","Center(C)","Less Than 8 ft.","0","-7","3","1","0","20260421","LAL","HOU"
"Shot Chart Detail","0042500172","109","1631106","Tari Eason","1610612745","Houston Rockets","1","2","21","Made Shot","Tip Layup Shot","2PT Field Goal","Restricted Area","Center(C)","Less Than 8 ft.","0","2","-2","1","1","20260421","LAL","HOU"
"Shot Chart Detail","0042500172","110","203991","Clint Capela","1610612745","Houston Rockets","1","1","38","Missed Shot","Turnaround Hook Shot","2PT Field Goal","In The Paint (Non-RA)","Center(C)","Less Than 8 ft.","5","-13","53","1","0","20260421","LAL","HOU"
"Shot Chart Detail","0042500172","113","1628379","Luke Kennard","1610612747","Los Angeles Lakers","1","1","33","Made Shot","Running Pull-Up Jump Shot","3PT Field Goal","Above the Break 3","Center(C)","24+ ft.","26","56","257","1","1","20260421","LAL","HOU"
"Shot Chart Detail","0042500172","123","1629020","Jarred Vanderbilt","1610612747","Los Angeles Lakers","1","1","0","Missed Shot","Running Dunk Shot","2PT Field Goal","In The Paint (Non-RA)","Center(C)","Less Than 8 ft.","4","34","22","1","0","20260421","LAL","HOU"
"Shot Chart Detail","0042500172","133","201142","Kevin Durant","1610612745","Houston Rockets","1","0","41","Missed Shot","Turnaround Fadeaway shot","2PT Field Goal","Mid-Range","Right Side(R)","16-24 ft.","18","168","65","1","0","20260421","LAL","HOU"
"Shot Chart Detail","0042500172","135","1628379","Luke Kennard","1610612747","Los Angeles Lakers","1","0","34","Missed Shot","Running Jump Shot","3PT Field Goal","Above the Break 3","Left Side Center(LC)","24+ ft.","27","-178","212","1","0","20260421","LAL","HOU"
"Shot Chart Detail","0042500172","143","1631106","Tari Eason","1610612745","Houston Rockets","1","0","10","Missed Shot","Jump Bank Shot","3PT Field Goal","Above the Break 3","Left Side Center(LC)","24+ ft.","26","-205","169","1","0","20260421","LAL","HOU"
"Shot Chart Detail","0042500172","150","203935","Marcus Smart","1610612747","Los Angeles Lakers","1","0","2","Made Shot","Tip Layup Shot","2PT Field Goal","Restricted Area","Center(C)","Less Than 8 ft.","0","0","0","1","1","20260421","LAL","HOU"
"Shot Chart Detail","0042500172","151","1641708","Amen Thompson","1610612745","Houston Rockets","1","0","0","Missed Shot","Pullup Jump shot","3PT Field Goal","Above the Break 3","Right Side Center(RC)","24+ ft.","34","169","305","1","0","20260421","LAL","HOU"
"Shot Chart Detail","0042500172","163","1631095","Jabari Smith Jr.","1610612745","Houston Rockets","2","11","35","Missed Shot","Pullup Jump shot","2PT Field Goal","Mid-Range","Right Side(R)","8-16 ft.","8","82","15","1","0","20260421","LAL","HOU"
"Shot Chart Detail","0042500172","165","2544","LeBron James","1610612747","Los Angeles Lakers","2","11","28","Made Shot","Running Pull-Up Jump Shot","3PT Field Goal","Above the Break 3","Center(C)","24+ ft.","27","-26","274","1","1","20260421","LAL","HOU"
"Shot Chart Detail","0042500172","169","2544","LeBron James","1610612747","Los Angeles Lakers","2","10","46","Made Shot","Jump Shot","3PT Field Goal","Above the Break 3","Center(C)","24+ ft.","27","22","275","1","1","20260421","LAL","HOU"
"Shot Chart Detail","0042500172","170","1631095","Jabari Smith Jr.","1610612745","Houston Rockets","2","10","25","Missed Shot","Jump Shot","3PT Field Goal","Above the Break 3","Right Side Center(RC)","24+ ft.","28","181","221","1","0","20260421","LAL","HOU"
"Shot Chart Detail","0042500172","174","1631095","Jabari Smith Jr.","1610612745","Houston Rockets","2","10","16","Made Shot","Pullup Jump shot","3PT Field Goal","Above the Break 3","Center(C)","24+ ft.","26","-58","255","1","1","20260421","LAL","HOU"
"Shot Chart Detail","0042500172","177","1628988","Aaron Holiday","1610612745","Houston Rockets","2","10","3","Missed Shot","Running Jump Shot","3PT Field Goal","Above the Break 3","Left Side Center(LC)","24+ ft.","25","-184","177","1","0","20260421","LAL","HOU"
"Shot Chart Detail","0042500172","180","1642355","Bronny James","1610612747","Los Angeles Lakers","2","9","40","Missed Shot","Driving Floating Jump Shot","2PT Field Goal","In The Paint (Non-RA)","Center(C)","8-16 ft.","9","4","95","1","0","20260421","LAL","HOU"
"Shot Chart Detail","0042500172","182","1641708","Amen Thompson","1610612745","Houston Rockets","2","9","36","Missed Shot","Running Layup Shot","2PT Field Goal","In The Paint (Non-RA)","Center(C)","Less Than 8 ft.","5","1","58","1","0","20260421","LAL","HOU"
"Shot Chart Detail","0042500172","188","1629020","Jarred Vanderbilt","1610612747","Los Angeles Lakers","2","9","17","Missed Shot","Jump Shot","3PT Field Goal","Left Corner 3","Left Side(L)","24+ ft.","23","-233","43","1","0","20260421","LAL","HOU"
"Shot Chart Detail","0042500172","190","1630578","Alperen Sengun","1610612745","Houston Rockets","2","9","1","Made Shot","Turnaround Hook Shot","2PT Field Goal","In The Paint (Non-RA)","Center(C)","Less Than 8 ft.","7","-1","77","1","1","20260421","LAL","HOU"
"Shot Chart Detail","0042500172","191","1629028","Deandre Ayton","1610612747","Los Angeles Lakers","2","8","45","Missed Shot","Driving Floating Jump Shot","2PT Field Goal","In The Paint (Non-RA)","Center(C)","Less Than 8 ft.","4","-1","44","1","0","20260421","LAL","HOU"
"Shot Chart Detail","0042500172","197","1629028","Deandre Ayton","1610612747","Los Angeles Lakers","2","8","35","Missed Shot","Cutting Dunk Shot","2PT Field Goal","In The Paint (Non-RA)","Center(C)","Less Than 8 ft.","4","0","41","1","0","20260421","LAL","HOU"
"Shot Chart Detail","0042500172","199","1630256","Jae'Sean Tate","1610612745","Houston Rockets","2","8","26","Missed Shot","Jump Shot","3PT Field Goal","Left Corner 3","Left Side(L)","24+ ft.","24","-237","50","1","0","20260421","LAL","HOU"
"Shot Chart Detail","0042500172","207","1628988","Aaron Holiday","1610612745","Houston Rockets","2","8","12","Missed Shot","Pullup Jump shot","3PT Field Goal","Above the Break 3","Left Side Center(LC)","24+ ft.","28","-129","252","1","0","20260421","LAL","HOU"
"Shot Chart Detail","0042500172","209","1631095","Jabari Smith Jr.","1610612745","Houston Rockets","2","8","5","Missed Shot","Jump Shot","3PT Field Goal","Right Corner 3","Right Side(R)","24+ ft.","23","232","15","1","0","20260421","LAL","HOU"
"Shot Chart Detail","0042500172","211","2544","LeBron James","1610612747","Los Angeles Lakers","2","7","52","Missed Shot","Jump Shot","3PT Field Goal","Above the Break 3","Right Side Center(RC)","24+ ft.","28","127","253","1","0","20260421","LAL","HOU"
"Shot Chart Detail","0042500172","214","1628988","Aaron Holiday","1610612745","Houston Rockets","2","7","39","Missed Shot","Pullup Jump shot","3PT Field Goal","Above the Break 3","Right Side Center(RC)","24+ ft.","27","115","247","1","0","20260421","LAL","HOU"
"Shot Chart Detail","0042500172","216","1628379","Luke Kennard","1610612747","Los Angeles Lakers","2","7","31","Missed Shot","Running Pull-Up Jump Shot","3PT Field Goal","Above the Break 3","Left Side Center(LC)","24+ ft.","27","-142","232","1","0","20260421","LAL","HOU"
"Shot Chart Detail","0042500172","218","1629060","Rui Hachimura","1610612747","Los Angeles Lakers","2","7","15","Made Shot","Jump Shot","3PT Field Goal","Above the Break 3","Right Side Center(RC)","24+ ft.","26","229","137","1","1","20260421","LAL","HOU"
"Shot Chart Detail","0042500172","220","1631095","Jabari Smith Jr.","1610612745","Houston Rockets","2","6","58","Missed Shot","Jump Shot","2PT Field Goal","In The Paint (Non-RA)","Center(C)","8-16 ft.","11","51","108","1","0","20260421","LAL","HOU"
"Shot Chart Detail","0042500172","236","1629060","Rui Hachimura","1610612747","Los Angeles Lakers","2","6","43","Missed Shot","Turnaround Jump Shot","2PT Field Goal","In The Paint (Non-RA)","Right Side(R)","8-16 ft.","8","47","73","1","0","20260421","LAL","HOU"
"Shot Chart Detail","0042500172","238","1642263","Reed Sheppard","1610612745","Houston Rockets","2","6","29","Missed Shot","Driving Floating Jump Shot","2PT Field Goal","Mid-Range","Left Side(L)","8-16 ft.","9","-97","19","1","0","20260421","LAL","HOU"
"Shot Chart Detail","0042500172","241","1642263","Reed Sheppard","1610612745","Houston Rockets","2","6","21","Missed Shot","Jump Shot","3PT Field Goal","Above the Break 3","Center(C)","24+ ft.","30","-65","295","1","0","20260421","LAL","HOU"
"Shot Chart Detail","0042500172","243","1628379","Luke Kennard","1610612747","Los Angeles Lakers","2","6","13","Made Shot","Running Layup Shot","2PT Field Goal","Restricted Area","Center(C)","Less Than 8 ft.","1","18","8","1","1","20260421","LAL","HOU"
"Shot Chart Detail","0042500172","244","1631095","Jabari Smith Jr.","1610612745","Houston Rockets","2","5","43","Missed Shot","Pullup Jump shot","2PT Field Goal","Mid-Range","Left Side Center(LC)","16-24 ft.","22","-168","149","1","0","20260421","LAL","HOU"
"Shot Chart Detail","0042500172","246","1629028","Deandre Ayton","1610612747","Los Angeles Lakers","2","5","34","Made Shot","Alley Oop Dunk Shot","2PT Field Goal","Restricted Area","Center(C)","Less Than 8 ft.","1","1","16","1","1","20260421","LAL","HOU"
"Shot Chart Detail","0042500172","248","1631095","Jabari Smith Jr.","1610612745","Houston Rockets","2","5","26","Made Shot","Jump Shot","3PT Field Goal","Left Corner 3","Left Side(L)","24+ ft.","22","-229","11","1","1","20260421","LAL","HOU"
"Shot Chart Detail","0042500172","250","203935","Marcus Smart","1610612747","Los Angeles Lakers","2","5","4","Made Shot","Jump Shot","3PT Field Goal","Above the Break 3","Right Side Center(RC)","24+ ft.","27","175","217","1","1","20260421","LAL","HOU"
"Shot Chart Detail","0042500172","263","1630578","Alperen Sengun","1610612745","Houston Rockets","2","4","27","Made Shot","Running Reverse Layup Shot","2PT Field Goal","Restricted Area","Center(C)","Less Than 8 ft.","1","-12","-1","1","1","20260421","LAL","HOU"
"Shot Chart Detail","0042500172","265","1629028","Deandre Ayton","1610612747","Los Angeles Lakers","2","4","11","Missed Shot","Cutting Layup Shot","2PT Field Goal","Restricted Area","Center(C)","Less Than 8 ft.","3","34","20","1","0","20260421","LAL","HOU"
"Shot Chart Detail","0042500172","267","1642263","Reed Sheppard","1610612745","Houston Rockets","2","4","4","Missed Shot","Running Pull-Up Jump Shot","3PT Field Goal","Above the Break 3","Right Side Center(RC)","24+ ft.","26","154","220","1","0","20260421","LAL","HOU"
"Shot Chart Detail","0042500172","269","201142","Kevin Durant","1610612745","Houston Rockets","2","4","0","Made Shot","Jump Shot","2PT Field Goal","In The Paint (Non-RA)","Center(C)","Less Than 8 ft.","5","10","57","1","1","20260421","LAL","HOU"
"Shot Chart Detail","0042500172","272","1641708","Amen Thompson","1610612745","Houston Rockets","2","3","32","Missed Shot","Driving Layup Shot","2PT Field Goal","Restricted Area","Center(C)","Less Than 8 ft.","3","-4","34","1","0","20260421","LAL","HOU"
"Shot Chart Detail","0042500172","276","201142","Kevin Durant","1610612745","Houston Rockets","2","3","13","Made Shot","Driving Floating Jump Shot","2PT Field Goal","In The Paint (Non-RA)","Left Side(L)","8-16 ft.","9","-55","77","1","1","20260421","LAL","HOU"
"Shot Chart Detail","0042500172","289","203935","Marcus Smart","1610612747","Los Angeles Lakers","2","3","2","Missed Shot","Jump Shot","3PT Field Goal","Above the Break 3","Left Side Center(LC)","24+ ft.","27","-162","217","1","0","20260421","LAL","HOU"
"Shot Chart Detail","0042500172","291","1631106","Tari Eason","1610612745","Houston Rockets","2","2","51","Made Shot","Jump Shot","3PT Field Goal","Left Corner 3","Left Side(L)","24+ ft.","23","-237","4","1","1","20260421","LAL","HOU"
"Shot Chart Detail","0042500172","296","2544","LeBron James","1610612747","Los Angeles Lakers","2","2","26","Missed Shot","Jump Shot","2PT Field Goal","Mid-Range","Left Side Center(LC)","16-24 ft.","21","-162","136","1","0","20260421","LAL","HOU"
"Shot Chart Detail","0042500172","302","1628379","Luke Kennard","1610612747","Los Angeles Lakers","2","2","1","Missed Shot","Jump Shot","3PT Field Goal","Above the Break 3","Right Side Center(RC)","24+ ft.","28","159","238","1","0","20260421","LAL","HOU"
"Shot Chart Detail","0042500172","304","1629060","Rui Hachimura","1610612747","Los Angeles Lakers","2","1","53","Made Shot","Jump Shot","3PT Field Goal","Right Corner 3","Right Side(R)","24+ ft.","22","227","11","1","1","20260421","LAL","HOU"
"Shot Chart Detail","0042500172","306","1630578","Alperen Sengun","1610612745","Houston Rockets","2","1","36","Missed Shot","Driving Hook Shot","2PT Field Goal","In The Paint (Non-RA)","Center(C)","Less Than 8 ft.","7","0","72","1","0","20260421","LAL","HOU"
"Shot Chart Detail","0042500172","309","1629006","Josh Okogie","1610612745","Houston Rockets","2","1","32","Missed Shot","Jump Shot","3PT Field Goal","Above the Break 3","Right Side Center(RC)","24+ ft.","25","218","133","1","0","20260421","LAL","HOU"
"Shot Chart Detail","0042500172","321","2544","LeBron James","1610612747","Los Angeles Lakers","2","0","53","Missed Shot","Turnaround Jump Shot","2PT Field Goal","In The Paint (Non-RA)","Center(C)","8-16 ft.","14","-70","125","1","0","20260421","LAL","HOU"
"Shot Chart Detail","0042500172","330","2544","LeBron James","1610612747","Los Angeles Lakers","2","0","31","Missed Shot","Turnaround Fadeaway shot","2PT Field Goal","Mid-Range","Left Side(L)","8-16 ft.","15","-92","127","1","0","20260421","LAL","HOU"
"Shot Chart Detail","0042500172","335","2544","LeBron James","1610612747","Los Angeles Lakers","2","0","10","Missed Shot","Turnaround Hook Shot","2PT Field Goal","In The Paint (Non-RA)","Center(C)","8-16 ft.","9","-36","89","1","0","20260421","LAL","HOU"
"Shot Chart Detail","0042500172","340","1629637","Jaxson Hayes","1610612747","Los Angeles Lakers","2","0","0","Missed Shot","Jump Shot","3PT Field Goal","Above the Break 3","Right Side Center(RC)","24+ ft.","27","118","243","1","0","20260421","LAL","HOU"
"Shot Chart Detail","0042500172","350","1630578","Alperen Sengun","1610612745","Houston Rockets","3","11","45","Missed Shot","Driving Hook Shot","2PT Field Goal","In The Paint (Non-RA)","Center(C)","Less Than 8 ft.","6","-35","55","1","0","20260421","LAL","HOU"
"Shot Chart Detail","0042500172","354","1631095","Jabari Smith Jr.","1610612745","Houston Rockets","3","11","41","Missed Shot","Cutting Dunk Shot","2PT Field Goal","In The Paint (Non-RA)","Center(C)","Less Than 8 ft.","5","55","23","1","0","20260421","LAL","HOU"
"Shot Chart Detail","0042500172","357","1631095","Jabari Smith Jr.","1610612745","Houston Rockets","3","11","35","Made Shot","Dunk Shot","2PT Field Goal","Restricted Area","Center(C)","Less Than 8 ft.","0","-9","4","1","1","20260421","LAL","HOU"
"Shot Chart Detail","0042500172","359","1629028","Deandre Ayton","1610612747","Los Angeles Lakers","3","11","5","Missed Shot","Floating Jump shot","2PT Field Goal","In The Paint (Non-RA)","Center(C)","8-16 ft.","9","23","88","1","0","20260421","LAL","HOU"
"Shot Chart Detail","0042500172","363","1631095","Jabari Smith Jr.","1610612745","Houston Rockets","3","10","39","Missed Shot","Jump Shot","3PT Field Goal","Left Corner 3","Left Side(L)","24+ ft.","23","-232","17","1","0","20260421","LAL","HOU"
"Shot Chart Detail","0042500172","367","1631095","Jabari Smith Jr.","1610612745","Houston Rockets","3","10","20","Made Shot","Running Finger Roll Layup Shot","2PT Field Goal","Restricted Area","Center(C)","Less Than 8 ft.","2","-11","22","1","1","20260421","LAL","HOU"
"Shot Chart Detail","0042500172","369","1629028","Deandre Ayton","1610612747","Los Angeles Lakers","3","10","2","Missed Shot","Turnaround Jump Shot","2PT Field Goal","In The Paint (Non-RA)","Center(C)","8-16 ft.","8","-21","85","1","0","20260421","LAL","HOU"
"Shot Chart Detail","0042500172","371","1641708","Amen Thompson","1610612745","Houston Rockets","3","9","55","Missed Shot","Running Layup Shot","2PT Field Goal","In The Paint (Non-RA)","Center(C)","Less Than 8 ft.","6","13","59","1","0","20260421","LAL","HOU"
"Shot Chart Detail","0042500172","374","1628379","Luke Kennard","1610612747","Los Angeles Lakers","3","9","50","Made Shot","Running Jump Shot","3PT Field Goal","Above the Break 3","Right Side Center(RC)","24+ ft.","26","143","225","1","1","20260421","LAL","HOU"
"Shot Chart Detail","0042500172","376","1630578","Alperen Sengun","1610612745","Houston Rockets","3","9","22","Missed Shot","Jump Shot","3PT Field Goal","Above the Break 3","Left Side Center(LC)","24+ ft.","30","-192","231","1","0","20260421","LAL","HOU"
"Shot Chart Detail","0042500172","378","1629028","Deandre Ayton","1610612747","Los Angeles Lakers","3","9","5","Made Shot","Driving Dunk Shot","2PT Field Goal","Restricted Area","Center(C)","Less Than 8 ft.","0","6","3","1","1","20260421","LAL","HOU"
"Shot Chart Detail","0042500172","380","1630578","Alperen Sengun","1610612745","Houston Rockets","3","8","42","Missed Shot","Turnaround Hook Shot","2PT Field Goal","In The Paint (Non-RA)","Center(C)","Less Than 8 ft.","7","-5","75","1","0","20260421","LAL","HOU"
"Shot Chart Detail","0042500172","387","1641708","Amen Thompson","1610612745","Houston Rockets","3","8","17","Made Shot","Driving Dunk Shot","2PT Field Goal","Restricted Area","Center(C)","Less Than 8 ft.","0","-1","8","1","1","20260421","LAL","HOU"
"Shot Chart Detail","0042500172","389","2544","LeBron James","1610612747","Los Angeles Lakers","3","7","57","Made Shot","Driving Reverse Dunk Shot","2PT Field Goal","Restricted Area","Center(C)","Less Than 8 ft.","0","-6","6","1","1","20260421","LAL","HOU"
"Shot Chart Detail","0042500172","391","1641708","Amen Thompson","1610612745","Houston Rockets","3","7","47","Made Shot","Pullup Jump shot","2PT Field Goal","In The Paint (Non-RA)","Center(C)","8-16 ft.","10","-28","99","1","1","20260421","LAL","HOU"
"Shot Chart Detail","0042500172","392","1629028","Deandre Ayton","1610612747","Los Angeles Lakers","3","7","26","Made Shot","Alley Oop Dunk Shot","2PT Field Goal","Restricted Area","Center(C)","Less Than 8 ft.","1","-6","-10","1","1","20260421","LAL","HOU"
"Shot Chart Detail","0042500172","394","201142","Kevin Durant","1610612745","Houston Rockets","3","7","5","Missed Shot","Pullup Jump shot","3PT Field Goal","Above the Break 3","Right Side Center(RC)","24+ ft.","26","129","232","1","0","20260421","LAL","HOU"
"Shot Chart Detail","0042500172","398","1629060","Rui Hachimura","1610612747","Los Angeles Lakers","3","6","47","Made Shot","Jump Shot","3PT Field Goal","Above the Break 3","Right Side Center(RC)","24+ ft.","25","239","92","1","1","20260421","LAL","HOU"
"Shot Chart Detail","0042500172","416","2544","LeBron James","1610612747","Los Angeles Lakers","3","5","51","Missed Shot","Driving Floating Jump Shot","2PT Field Goal","In The Paint (Non-RA)","Center(C)","Less Than 8 ft.","4","47","15","1","0","20260421","LAL","HOU"
"Shot Chart Detail","0042500172","422","1628379","Luke Kennard","1610612747","Los Angeles Lakers","3","5","28","Missed Shot","Pullup Jump shot","2PT Field Goal","In The Paint (Non-RA)","Center(C)","8-16 ft.","9","26","96","1","0","20260421","LAL","HOU"
"Shot Chart Detail","0042500172","426","1631095","Jabari Smith Jr.","1610612745","Houston Rockets","3","5","18","Made Shot","Running Layup Shot","2PT Field Goal","Restricted Area","Center(C)","Less Than 8 ft.","2","22","17","1","1","20260421","LAL","HOU"
"Shot Chart Detail","0042500172","427","1631222","Jake LaRavia","1610612747","Los Angeles Lakers","3","4","56","Missed Shot","Driving Floating Jump Shot","2PT Field Goal","In The Paint (Non-RA)","Center(C)","Less Than 8 ft.","4","2","44","1","0","20260421","LAL","HOU"
"Shot Chart Detail","0042500172","430","1631095","Jabari Smith Jr.","1610612745","Houston Rockets","3","4","51","Missed Shot","Running Pull-Up Jump Shot","2PT Field Goal","In The Paint (Non-RA)","Left Side(L)","8-16 ft.","10","-67","78","1","0","20260421","LAL","HOU"
"Shot Chart Detail","0042500172","438","203935","Marcus Smart","1610612747","Los Angeles Lakers","3","4","24","Made Shot","Turnaround Fadeaway shot","2PT Field Goal","In The Paint (Non-RA)","Center(C)","8-16 ft.","9","25","87","1","1","20260421","LAL","HOU"
"Shot Chart Detail","0042500172","449","1629060","Rui Hachimura","1610612747","Los Angeles Lakers","3","3","53","Made Shot","Running Alley Oop Dunk Shot","2PT Field Goal","Restricted Area","Center(C)","Less Than 8 ft.","0","2","4","1","1","20260421","LAL","HOU"
"Shot Chart Detail","0042500172","455","1630578","Alperen Sengun","1610612745","Houston Rockets","3","3","32","Made Shot","Driving Layup Shot","2PT Field Goal","Restricted Area","Center(C)","Less Than 8 ft.","2","-10","26","1","1","20260421","LAL","HOU"
"Shot Chart Detail","0042500172","462","1631106","Tari Eason","1610612745","Houston Rockets","3","3","3","Missed Shot","Jump Shot","3PT Field Goal","Right Corner 3","Right Side(R)","24+ ft.","23","230","-4","1","0","20260421","LAL","HOU"
"Shot Chart Detail","0042500172","464","203935","Marcus Smart","1610612747","Los Angeles Lakers","3","2","47","Missed Shot","Driving Floating Jump Shot","2PT Field Goal","In The Paint (Non-RA)","Center(C)","Less Than 8 ft.","6","-1","63","1","0","20260421","LAL","HOU"
"Shot Chart Detail","0042500172","474","1630578","Alperen Sengun","1610612745","Houston Rockets","3","2","31","Made Shot","Running Dunk Shot","2PT Field Goal","Restricted Area","Center(C)","Less Than 8 ft.","1","-7","13","1","1","20260421","LAL","HOU"
"Shot Chart Detail","0042500172","481","1642263","Reed Sheppard","1610612745","Houston Rockets","3","1","57","Missed Shot","Jump Shot","3PT Field Goal","Above the Break 3","Left Side Center(LC)","24+ ft.","27","-197","185","1","0","20260421","LAL","HOU"
"Shot Chart Detail","0042500172","497","203935","Marcus Smart","1610612747","Los Angeles Lakers","3","1","37","Missed Shot","Driving Finger Roll Layup Shot","2PT Field Goal","In The Paint (Non-RA)","Center(C)","Less Than 8 ft.","5","45","38","1","0","20260421","LAL","HOU"
"Shot Chart Detail","0042500172","505","1631106","Tari Eason","1610612745","Houston Rockets","3","1","16","Missed Shot","Jump Shot","3PT Field Goal","Right Corner 3","Right Side(R)","24+ ft.","23","230","36","1","0","20260421","LAL","HOU"
"Shot Chart Detail","0042500172","507","1631106","Tari Eason","1610612745","Houston Rockets","3","1","11","Missed Shot","Driving Layup Shot","2PT Field Goal","In The Paint (Non-RA)","Center(C)","Less Than 8 ft.","5","27","43","1","0","20260421","LAL","HOU"
"Shot Chart Detail","0042500172","509","2544","LeBron James","1610612747","Los Angeles Lakers","3","0","50","Missed Shot","Jump Shot","3PT Field Goal","Above the Break 3","Left Side Center(LC)","24+ ft.","27","-150","225","1","0","20260421","LAL","HOU"
"Shot Chart Detail","0042500172","511","1631106","Tari Eason","1610612745","Houston Rockets","3","0","43","Missed Shot","Running Jump Shot","3PT Field Goal","Above the Break 3","Right Side Center(RC)","24+ ft.","27","207","175","1","0","20260421","LAL","HOU"
"Shot Chart Detail","0042500172","513","2544","LeBron James","1610612747","Los Angeles Lakers","3","0","33","Missed Shot","Running Reverse Layup Shot","2PT Field Goal","Restricted Area","Center(C)","Less Than 8 ft.","3","-37","10","1","0","20260421","LAL","HOU"
"Shot Chart Detail","0042500172","515","1630578","Alperen Sengun","1610612745","Houston Rockets","3","0","21","Missed Shot","Turnaround Bank Hook Shot","2PT Field Goal","In The Paint (Non-RA)","Center(C)","Less Than 8 ft.","5","43","27","1","0","20260421","LAL","HOU"
"Shot Chart Detail","0042500172","525","1629637","Jaxson Hayes","1610612747","Los Angeles Lakers","4","11","44","Made Shot","Cutting Finger Roll Layup Shot","2PT Field Goal","Restricted Area","Center(C)","Less Than 8 ft.","3","13","35","1","1","20260421","LAL","HOU"
"Shot Chart Detail","0042500172","530","1641708","Amen Thompson","1610612745","Houston Rockets","4","11","34","Made Shot","Cutting Layup Shot","2PT Field Goal","In The Paint (Non-RA)","Center(C)","Less Than 8 ft.","4","0","47","1","1","20260421","LAL","HOU"
"Shot Chart Detail","0042500172","542","201142","Kevin Durant","1610612745","Houston Rockets","4","10","53","Missed Shot","Pullup Jump shot","2PT Field Goal","Mid-Range","Left Side Center(LC)","16-24 ft.","17","-124","120","1","0","20260421","LAL","HOU"
"Shot Chart Detail","0042500172","544","1629020","Jarred Vanderbilt","1610612747","Los Angeles Lakers","4","10","38","Missed Shot","Jump Shot","3PT Field Goal","Left Corner 3","Left Side(L)","24+ ft.","23","-227","48","1","0","20260421","LAL","HOU"
"Shot Chart Detail","0042500172","546","1630578","Alperen Sengun","1610612745","Houston Rockets","4","10","18","Missed Shot","Driving Layup Shot","2PT Field Goal","In The Paint (Non-RA)","Center(C)","Less Than 8 ft.","7","21","67","1","0","20260421","LAL","HOU"
"Shot Chart Detail","0042500172","548","1630578","Alperen Sengun","1610612745","Houston Rockets","4","10","16","Made Shot","Putback Layup Shot","2PT Field Goal","Restricted Area","Center(C)","Less Than 8 ft.","3","7","32","1","1","20260421","LAL","HOU"
"Shot Chart Detail","0042500172","549","1628379","Luke Kennard","1610612747","Los Angeles Lakers","4","10","2","Made Shot","Driving Layup Shot","2PT Field Goal","Restricted Area","Center(C)","Less Than 8 ft.","1","-10","11","1","1","20260421","LAL","HOU"
"Shot Chart Detail","0042500172","559","1629006","Josh Okogie","1610612745","Houston Rockets","4","9","35","Made Shot","Driving Layup Shot","2PT Field Goal","Restricted Area","Center(C)","Less Than 8 ft.","2","16","18","1","1","20260421","LAL","HOU"
"Shot Chart Detail","0042500172","563","2544","LeBron James","1610612747","Los Angeles Lakers","4","9","7","Missed Shot","Driving Layup Shot","2PT Field Goal","In The Paint (Non-RA)","Center(C)","Less Than 8 ft.","5","39","36","1","0","20260421","LAL","HOU"
"Shot Chart Detail","0042500172","566","2544","LeBron James","1610612747","Los Angeles Lakers","4","9","5","Made Shot","Putback Layup Shot","2PT Field Goal","Restricted Area","Center(C)","Less Than 8 ft.","0","0","0","1","1","20260421","LAL","HOU"
"Shot Chart Detail","0042500172","576","1629060","Rui Hachimura","1610612747","Los Angeles Lakers","4","8","20","Missed Shot","Running Jump Shot","3PT Field Goal","Above the Break 3","Right Side Center(RC)","24+ ft.","25","229","101","1","0","20260421","LAL","HOU"
"Shot Chart Detail","0042500172","579","1631106","Tari Eason","1610612745","Houston Rockets","4","7","53","Made Shot","Driving Layup Shot","2PT Field Goal","Restricted Area","Center(C)","Less Than 8 ft.","2","21","15","1","1","20260421","LAL","HOU"
"Shot Chart Detail","0042500172","581","2544","LeBron James","1610612747","Los Angeles Lakers","4","7","28","Missed Shot","Turnaround Fadeaway shot","2PT Field Goal","In The Paint (Non-RA)","Right Side(R)","8-16 ft.","8","65","62","1","0","20260421","LAL","HOU"
"Shot Chart Detail","0042500172","583","1631095","Jabari Smith Jr.","1610612745","Houston Rockets","4","7","19","Made Shot","Running Layup Shot","2PT Field Goal","Restricted Area","Center(C)","Less Than 8 ft.","2","-6","25","1","1","20260421","LAL","HOU"
"Shot Chart Detail","0042500172","585","1628379","Luke Kennard","1610612747","Los Angeles Lakers","4","7","9","Made Shot","Pullup Jump shot","2PT Field Goal","In The Paint (Non-RA)","Center(C)","8-16 ft.","11","45","110","1","1","20260421","LAL","HOU"
"Shot Chart Detail","0042500172","589","1629060","Rui Hachimura","1610612747","Los Angeles Lakers","4","6","44","Missed Shot","Running Reverse Layup Shot","2PT Field Goal","Restricted Area","Center(C)","Less Than 8 ft.","3","-23","29","1","0","20260421","LAL","HOU"
"Shot Chart Detail","0042500172","591","1629006","Josh Okogie","1610612745","Houston Rockets","4","6","38","Made Shot","Running Jump Shot","3PT Field Goal","Right Corner 3","Right Side(R)","24+ ft.","23","235","13","1","1","20260421","LAL","HOU"
"Shot Chart Detail","0042500172","593","2544","LeBron James","1610612747","Los Angeles Lakers","4","6","9","Made Shot","Driving Layup Shot","2PT Field Goal","Restricted Area","Center(C)","Less Than 8 ft.","1","-13","5","1","1","20260421","LAL","HOU"
"Shot Chart Detail","0042500172","599","201142","Kevin Durant","1610612745","Houston Rockets","4","5","48","Missed Shot","Jump Shot","3PT Field Goal","Left Corner 3","Left Side(L)","24+ ft.","23","-233","46","1","0","20260421","LAL","HOU"
"Shot Chart Detail","0042500172","601","1631222","Jake LaRavia","1610612747","Los Angeles Lakers","4","5","25","Missed Shot","Jump Shot","3PT Field Goal","Right Corner 3","Right Side(R)","24+ ft.","24","233","64","1","0","20260421","LAL","HOU"
"Shot Chart Detail","0042500172","615","1631106","Tari Eason","1610612745","Houston Rockets","4","4","45","Missed Shot","Driving Layup Shot","2PT Field Goal","In The Paint (Non-RA)","Center(C)","Less Than 8 ft.","4","38","17","1","0","20260421","LAL","HOU"
"Shot Chart Detail","0042500172","617","1631106","Tari Eason","1610612745","Houston Rockets","4","4","43","Missed Shot","Tip Layup Shot","2PT Field Goal","Restricted Area","Center(C)","Less Than 8 ft.","0","0","0","1","0","20260421","LAL","HOU"
"Shot Chart Detail","0042500172","619","1630578","Alperen Sengun","1610612745","Houston Rockets","4","4","37","Made Shot","Turnaround Hook Shot","2PT Field Goal","In The Paint (Non-RA)","Center(C)","Less Than 8 ft.","6","18","58","1","1","20260421","LAL","HOU"
"Shot Chart Detail","0042500172","630","1629060","Rui Hachimura","1610612747","Los Angeles Lakers","4","3","41","Made Shot","Step Back Jump shot","2PT Field Goal","Mid-Range","Right Side Center(RC)","16-24 ft.","17","105","140","1","1","20260421","LAL","HOU"
"Shot Chart Detail","0042500172","632","201142","Kevin Durant","1610612745","Houston Rockets","4","3","23","Missed Shot","Pullup Jump shot","3PT Field Goal","Above the Break 3","Left Side Center(LC)","24+ ft.","26","-212","162","1","0","20260421","LAL","HOU"
"Shot Chart Detail","0042500172","634","1631106","Tari Eason","1610612745","Houston Rockets","4","3","15","Missed Shot","Driving Layup Shot","2PT Field Goal","In The Paint (Non-RA)","Center(C)","Less Than 8 ft.","5","-16","52","1","0","20260421","LAL","HOU"
"Shot Chart Detail","0042500172","637","1630578","Alperen Sengun","1610612745","Houston Rockets","4","3","6","Missed Shot","Turnaround Hook Shot","2PT Field Goal","In The Paint (Non-RA)","Center(C)","Less Than 8 ft.","6","0","64","1","0","20260421","LAL","HOU"
"Shot Chart Detail","0042500172","646","201142","Kevin Durant","1610612745","Houston Rockets","4","2","51","Made Shot","Driving Floating Bank Jump Shot","2PT Field Goal","In The Paint (Non-RA)","Center(C)","Less Than 8 ft.","5","55","21","1","1","20260421","LAL","HOU"
"Shot Chart Detail","0042500172","648","203935","Marcus Smart","1610612747","Los Angeles Lakers","4","2","23","Made Shot","Jump Shot","3PT Field Goal","Right Corner 3","Right Side(R)","24+ ft.","23","233","-17","1","1","20260421","LAL","HOU"
"Shot Chart Detail","0042500172","650","1631106","Tari Eason","1610612745","Houston Rockets","4","2","1","Made Shot","Jump Shot","3PT Field Goal","Left Corner 3","Left Side(L)","24+ ft.","23","-235","41","1","1","20260421","LAL","HOU"
"Shot Chart Detail","0042500172","656","1630578","Alperen Sengun","1610612745","Houston Rockets","4","1","41","Made Shot","Dunk Shot","2PT Field Goal","Restricted Area","Center(C)","Less Than 8 ft.","0","-7","-1","1","1","20260421","LAL","HOU"
"Shot Chart Detail","0042500172","658","2544","LeBron James","1610612747","Los Angeles Lakers","4","1","19","Missed Shot","Turnaround Fadeaway Bank Jump Shot","2PT Field Goal","Mid-Range","Left Side(L)","8-16 ft.","15","-152","35","1","0","20260421","LAL","HOU"
"Shot Chart Detail","0042500172","662","2544","LeBron James","1610612747","Los Angeles Lakers","4","0","55","Made Shot","Cutting Dunk Shot","2PT Field Goal","Restricted Area","Center(C)","Less Than 8 ft.","0","-2","3","1","1","20260421","LAL","HOU"
"Shot Chart Detail","0042500172","664","1630578","Alperen Sengun","1610612745","Houston Rockets","4","0","46","Made Shot","Reverse Layup Shot","2PT Field Goal","Restricted Area","Center(C)","Less Than 8 ft.","3","-25","17","1","1","20260421","LAL","HOU"
"Shot Chart Detail","0042500172","669","1629060","Rui Hachimura","1610612747","Los Angeles Lakers","4","0","22","Missed Shot","Jump Shot","3PT Field Goal","Above the Break 3","Left Side Center(LC)","24+ ft.","24","-117","214","1","0","20260421","LAL","HOU"
"Shot Chart Detail","0042500172","681","1631095","Jabari Smith Jr.","1610612745","Houston Rockets","4","0","12","Missed Shot","Pullup Jump shot","3PT Field Goal","Above the Break 3","Left Side Center(LC)","24+ ft.","33","-207","268","1","0","20260421","LAL","HOU"
